fund_name,sector,date,weight_pct
AXIS Large Cap Fund,Aerospace & Defence,2025-08-31,1.82
AXIS Large Cap Fund,Air Transport Service,2025-08-31,2.95
AXIS Large Cap Fund,Auto Ancillaries,2025-08-31,0.51
AXIS Large Cap Fund,Automobile,2025-08-31,7.03
AXIS Large Cap Fund,Banks,2025-08-31,22.61
AXIS Large Cap Fund,Capital Goods - Electrical Equipment,2025-08-31,0.9
AXIS Large Cap Fund,Capital Goods-Non Electrical Equipment,2025-08-31,0.65
AXIS Large Cap Fund,Cement,2025-08-31,3.13
AXIS Large Cap Fund,Chemicals,2025-08-31,1.85
AXIS Large Cap Fund,Consumer Durables,2025-08-31,0.47
AXIS Large Cap Fund,Debt Others,2025-08-31,1.02
AXIS Large Cap Fund,Diamond Gems and Jewellery,2025-08-31,2.15
AXIS Large Cap Fund,E-Commerce/App based Aggregator,2025-08-31,4.86
AXIS Large Cap Fund,FMCG,2025-08-31,0.39
AXIS Large Cap Fund,Finance,2025-08-31,6.59
AXIS Large Cap Fund,Financial Services,2025-08-31,0.22
AXIS Large Cap Fund,Healthcare,2025-08-31,2.5
AXIS Large Cap Fund,Hotels & Restaurants,2025-08-31,1.92
AXIS Large Cap Fund,IT - Software,2025-08-31,7.95
AXIS Large Cap Fund,Infrastructure Developers & Operators,2025-08-31,3.69
AXIS Large Cap Fund,Insurance,2025-08-31,1.39
AXIS Large Cap Fund,Mutual Fund Units,2025-08-31,0.79
AXIS Large Cap Fund,Pharmaceuticals,2025-08-31,4.84
AXIS Large Cap Fund,Plantation & Plantation Products,2025-08-31,0.76
AXIS Large Cap Fund,Power Generation & Distribution,2025-08-31,1.97
AXIS Large Cap Fund,Preference n Warrants,2025-08-31,0.01
AXIS Large Cap Fund,Refineries,2025-08-31,6.12
AXIS Large Cap Fund,Retail,2025-08-31,2.98
AXIS Large Cap Fund,T Bills,2025-08-31,2.0
AXIS Large Cap Fund,Telecom-Service,2025-08-31,5.26
AXIS Large Cap Fund,Tobacco Products,2025-08-31,0.68
AXIS Large Cap Fund,Aerospace & Defence,2025-09-30,2.39
AXIS Large Cap Fund,Air Transport Service,2025-09-30,3.02
AXIS Large Cap Fund,Auto Ancillaries,2025-09-30,0.42
AXIS Large Cap Fund,Automobile,2025-09-30,7.89
AXIS Large Cap Fund,Banks,2025-09-30,22.82
AXIS Large Cap Fund,Capital Goods - Electrical Equipment,2025-09-30,0.98
AXIS Large Cap Fund,Capital Goods-Non Electrical Equipment,2025-09-30,0.97
AXIS Large Cap Fund,Cement,2025-09-30,3.02
AXIS Large Cap Fund,Chemicals,2025-09-30,1.78
AXIS Large Cap Fund,Consumer Durables,2025-09-30,0.52
AXIS Large Cap Fund,Debt Others,2025-09-30,3.41
AXIS Large Cap Fund,Diamond Gems and Jewellery,2025-09-30,1.3
AXIS Large Cap Fund,E-Commerce/App based Aggregator,2025-09-30,4.84
AXIS Large Cap Fund,FMCG,2025-09-30,1.02
AXIS Large Cap Fund,Finance,2025-09-30,7.42
AXIS Large Cap Fund,Healthcare,2025-09-30,2.22
AXIS Large Cap Fund,Hotels & Restaurants,2025-09-30,1.9
AXIS Large Cap Fund,IT - Software,2025-09-30,6.77
AXIS Large Cap Fund,Infrastructure Developers & Operators,2025-09-30,4.07
AXIS Large Cap Fund,Insurance,2025-09-30,1.09
AXIS Large Cap Fund,Mutual Fund Units,2025-09-30,0.8
AXIS Large Cap Fund,Pharmaceuticals,2025-09-30,4.32
AXIS Large Cap Fund,Plantation & Plantation Products,2025-09-30,0.86
AXIS Large Cap Fund,Power Generation & Distribution,2025-09-30,2.08
AXIS Large Cap Fund,Preference n Warrants,2025-09-30,0.01
AXIS Large Cap Fund,Refineries,2025-09-30,6.15
AXIS Large Cap Fund,Retail,2025-09-30,2.48
AXIS Large Cap Fund,Telecom-Service,2025-09-30,5.23
AXIS Large Cap Fund,Tobacco Products,2025-09-30,0.23
AXIS Large Cap Fund,Aerospace & Defence,2025-10-31,2.54
AXIS Large Cap Fund,Air Transport Service,2025-10-31,2.96
AXIS Large Cap Fund,Auto Ancillaries,2025-10-31,0.54
AXIS Large Cap Fund,Automobile,2025-10-31,7.89
AXIS Large Cap Fund,Banks,2025-10-31,23.84
AXIS Large Cap Fund,Capital Goods - Electrical Equipment,2025-10-31,0.95
AXIS Large Cap Fund,Capital Goods-Non Electrical Equipment,2025-10-31,1.04
AXIS Large Cap Fund,Cement,2025-10-31,2.98
AXIS Large Cap Fund,Chemicals,2025-10-31,1.59
AXIS Large Cap Fund,Consumer Durables,2025-10-31,0.99
AXIS Large Cap Fund,Debt Others,2025-10-31,2.4
AXIS Large Cap Fund,Diamond Gems and Jewellery,2025-10-31,2.05
AXIS Large Cap Fund,E-Commerce/App based Aggregator,2025-10-31,3.88
AXIS Large Cap Fund,FMCG,2025-10-31,0.7
AXIS Large Cap Fund,Finance,2025-10-31,6.65
AXIS Large Cap Fund,Healthcare,2025-10-31,2.24
AXIS Large Cap Fund,Hotels & Restaurants,2025-10-31,1.9
AXIS Large Cap Fund,IT - Software,2025-10-31,6.51
AXIS Large Cap Fund,Infrastructure Developers & Operators,2025-10-31,4.57
AXIS Large Cap Fund,Insurance,2025-10-31,0.76
AXIS Large Cap Fund,Mutual Fund Units,2025-10-31,0.81
AXIS Large Cap Fund,Pharmaceuticals,2025-10-31,4.53
AXIS Large Cap Fund,Plantation & Plantation Products,2025-10-31,0.96
AXIS Large Cap Fund,Power Generation & Distribution,2025-10-31,1.7
AXIS Large Cap Fund,Preference n Warrants,2025-10-31,0.01
AXIS Large Cap Fund,Refineries,2025-10-31,6.76
AXIS Large Cap Fund,Retail,2025-10-31,2.16
AXIS Large Cap Fund,Telecom-Service,2025-10-31,5.84
AXIS Large Cap Fund,Tobacco Products,2025-10-31,0.23
AXIS Large Cap Fund,Aerospace & Defence,2025-11-30,2.88
AXIS Large Cap Fund,Air Transport Service,2025-11-30,3.08
AXIS Large Cap Fund,Auto Ancillaries,2025-11-30,0.59
AXIS Large Cap Fund,Automobile,2025-11-30,7.01
AXIS Large Cap Fund,Banks,2025-11-30,24.64
AXIS Large Cap Fund,Capital Goods - Electrical Equipment,2025-11-30,0.91
AXIS Large Cap Fund,Capital Goods-Non Electrical Equipment,2025-11-30,0.98
AXIS Large Cap Fund,Cement,2025-11-30,2.81
AXIS Large Cap Fund,Chemicals,2025-11-30,1.32
AXIS Large Cap Fund,Consumer Durables,2025-11-30,0.95
AXIS Large Cap Fund,Debt Others,2025-11-30,2.99
AXIS Large Cap Fund,Diamond Gems and Jewellery,2025-11-30,2.12
AXIS Large Cap Fund,E-Commerce/App based Aggregator,2025-11-30,3.61
AXIS Large Cap Fund,FMCG,2025-11-30,0.88
AXIS Large Cap Fund,Finance,2025-11-30,7.29
AXIS Large Cap Fund,Healthcare,2025-11-30,1.98
AXIS Large Cap Fund,Hotels & Restaurants,2025-11-30,1.32
AXIS Large Cap Fund,IT - Software,2025-11-30,7.33
AXIS Large Cap Fund,Infrastructure Developers & Operators,2025-11-30,4.63
AXIS Large Cap Fund,Insurance,2025-11-30,0.57
AXIS Large Cap Fund,Mutual Fund Units,2025-11-30,0.82
AXIS Large Cap Fund,Paints/Varnish,2025-11-30,0.04
AXIS Large Cap Fund,Pharmaceuticals,2025-11-30,3.98
AXIS Large Cap Fund,Plantation & Plantation Products,2025-11-30,0.95
AXIS Large Cap Fund,Power Generation & Distribution,2025-11-30,1.14
AXIS Large Cap Fund,Preference n Warrants,2025-11-30,0.01
AXIS Large Cap Fund,Refineries,2025-11-30,7.18
AXIS Large Cap Fund,Retail,2025-11-30,1.81
AXIS Large Cap Fund,Telecom-Service,2025-11-30,5.94
AXIS Large Cap Fund,Tobacco Products,2025-11-30,0.22
AXIS Large Cap Fund,Aerospace & Defence,2025-12-31,2.77
AXIS Large Cap Fund,Air Transport Service,2025-12-31,1.45
AXIS Large Cap Fund,Auto Ancillaries,2025-12-31,0.81
AXIS Large Cap Fund,Automobile,2025-12-31,7.84
AXIS Large Cap Fund,Banks,2025-12-31,24.39
AXIS Large Cap Fund,Capital Goods - Electrical Equipment,2025-12-31,0.89
AXIS Large Cap Fund,Capital Goods-Non Electrical Equipment,2025-12-31,0.93
AXIS Large Cap Fund,Cement,2025-12-31,2.25
AXIS Large Cap Fund,Chemicals,2025-12-31,1.35
AXIS Large Cap Fund,Consumer Durables,2025-12-31,0.81
AXIS Large Cap Fund,Debt Others,2025-12-31,4.15
AXIS Large Cap Fund,Diamond Gems and Jewellery,2025-12-31,2.02
AXIS Large Cap Fund,E-Commerce/App based Aggregator,2025-12-31,3.4
AXIS Large Cap Fund,FMCG,2025-12-31,0.94
AXIS Large Cap Fund,Finance,2025-12-31,7.39
AXIS Large Cap Fund,Healthcare,2025-12-31,2.06
AXIS Large Cap Fund,Hotels & Restaurants,2025-12-31,1.12
AXIS Large Cap Fund,IT - Software,2025-12-31,8.14
AXIS Large Cap Fund,Infrastructure Developers & Operators,2025-12-31,5.11
AXIS Large Cap Fund,Insurance,2025-12-31,0.87
AXIS Large Cap Fund,Mutual Fund Units,2025-12-31,0.83
AXIS Large Cap Fund,Other,2025-12-31,0.01
AXIS Large Cap Fund,Pharmaceuticals,2025-12-31,3.95
AXIS Large Cap Fund,Plantation & Plantation Products,2025-12-31,0.99
AXIS Large Cap Fund,Power Generation & Distribution,2025-12-31,0.82
AXIS Large Cap Fund,Preference n Warrants,2025-12-31,0.01
AXIS Large Cap Fund,Refineries,2025-12-31,7.85
AXIS Large Cap Fund,Retail,2025-12-31,1.45
AXIS Large Cap Fund,Telecom-Service,2025-12-31,5.19
AXIS Large Cap Fund,Tobacco Products,2025-12-31,0.22
AXIS Large Cap Fund,Aerospace & Defence,2026-01-31,2.98
AXIS Large Cap Fund,Air Transport Service,2026-01-31,1.37
AXIS Large Cap Fund,Auto Ancillaries,2026-01-31,0.79
AXIS Large Cap Fund,Automobile,2026-01-31,7.87
AXIS Large Cap Fund,Banks,2026-01-31,24.55
AXIS Large Cap Fund,Capital Goods - Electrical Equipment,2026-01-31,0.83
AXIS Large Cap Fund,Capital Goods-Non Electrical Equipment,2026-01-31,0.51
AXIS Large Cap Fund,Cement,2026-01-31,2.52
AXIS Large Cap Fund,Chemicals,2026-01-31,1.35
AXIS Large Cap Fund,Consumer Durables,2026-01-31,0.76
AXIS Large Cap Fund,Crude Oil & Natural Gas,2026-01-31,0.01
AXIS Large Cap Fund,Debt Others,2026-01-31,4.83
AXIS Large Cap Fund,Derivatives - Index,2026-01-31,2.63
AXIS Large Cap Fund,Diamond Gems and Jewellery,2026-01-31,1.94
AXIS Large Cap Fund,E-Commerce/App based Aggregator,2026-01-31,2.62
AXIS Large Cap Fund,FMCG,2026-01-31,1.27
AXIS Large Cap Fund,Finance,2026-01-31,7.61
AXIS Large Cap Fund,Healthcare,2026-01-31,2.12
AXIS Large Cap Fund,Hotels & Restaurants,2026-01-31,1.01
AXIS Large Cap Fund,IT - Software,2026-01-31,8.37
AXIS Large Cap Fund,Infrastructure Developers & Operators,2026-01-31,5.18
AXIS Large Cap Fund,Insurance,2026-01-31,0.89
AXIS Large Cap Fund,Marine Port & Services,2026-01-31,0.01
AXIS Large Cap Fund,Mining & Mineral products,2026-01-31,0.01
AXIS Large Cap Fund,Mutual Fund Units,2026-01-31,0.0
AXIS Large Cap Fund,Non Ferrous Metals,2026-01-31,0.01
AXIS Large Cap Fund,Paints/Varnish,2026-01-31,0.01
AXIS Large Cap Fund,Pharmaceuticals,2026-01-31,3.64
AXIS Large Cap Fund,Plantation & Plantation Products,2026-01-31,0.83
AXIS Large Cap Fund,Power Generation & Distribution,2026-01-31,0.9
AXIS Large Cap Fund,Preference n Warrants,2026-01-31,0.02
AXIS Large Cap Fund,Refineries,2026-01-31,6.64
AXIS Large Cap Fund,Retail,2026-01-31,1.01
AXIS Large Cap Fund,Steel,2026-01-31,0.02
AXIS Large Cap Fund,Telecom-Service,2026-01-31,4.87
AXIS Large Cap Fund,Textiles,2026-01-31,0.01
AXIS Large Cap Fund,Tobacco Products,2026-01-31,0.02
AXIS Large Cap Fund,Trading,2026-01-31,0.0
AXIS Large Cap Fund,Aerospace & Defence,2026-02-28,2.37
AXIS Large Cap Fund,Air Transport Service,2026-02-28,1.78
AXIS Large Cap Fund,Auto Ancillaries,2026-02-28,1.08
AXIS Large Cap Fund,Automobile,2026-02-28,7.89
AXIS Large Cap Fund,Banks,2026-02-28,26.06
AXIS Large Cap Fund,Capital Goods - Electrical Equipment,2026-02-28,1.18
AXIS Large Cap Fund,Capital Goods-Non Electrical Equipment,2026-02-28,0.6
AXIS Large Cap Fund,Cement,2026-02-28,2.74
AXIS Large Cap Fund,Chemicals,2026-02-28,1.56
AXIS Large Cap Fund,Consumer Durables,2026-02-28,0.8
AXIS Large Cap Fund,Crude Oil & Natural Gas,2026-02-28,0.01
AXIS Large Cap Fund,Debt Others,2026-02-28,6.07
AXIS Large Cap Fund,Derivatives - Index,2026-02-28,1.68
AXIS Large Cap Fund,Diamond Gems and Jewellery,2026-02-28,1.95
AXIS Large Cap Fund,E-Commerce/App based Aggregator,2026-02-28,1.97
AXIS Large Cap Fund,FMCG,2026-02-28,1.36
AXIS Large Cap Fund,Finance,2026-02-28,7.45
AXIS Large Cap Fund,Govt. Securities,2026-02-28,0.01
AXIS Large Cap Fund,Healthcare,2026-02-28,2.52
AXIS Large Cap Fund,Hotels & Restaurants,2026-02-28,0.92
AXIS Large Cap Fund,IT - Software,2026-02-28,5.89
AXIS Large Cap Fund,Infrastructure Developers & Operators,2026-02-28,5.28
AXIS Large Cap Fund,Insurance,2026-02-28,0.89
AXIS Large Cap Fund,Marine Port & Services,2026-02-28,0.01
AXIS Large Cap Fund,Mining & Mineral products,2026-02-28,0.01
AXIS Large Cap Fund,Mutual Fund Units,2026-02-28,0.0
AXIS Large Cap Fund,Non Ferrous Metals,2026-02-28,0.01
AXIS Large Cap Fund,Paints/Varnish,2026-02-28,0.01
AXIS Large Cap Fund,Pharmaceuticals,2026-02-28,3.77
AXIS Large Cap Fund,Plantation & Plantation Products,2026-02-28,0.83
AXIS Large Cap Fund,Power Generation & Distribution,2026-02-28,1.48
AXIS Large Cap Fund,Preference n Warrants,2026-02-28,0.02
AXIS Large Cap Fund,Refineries,2026-02-28,6.13
AXIS Large Cap Fund,Retail,2026-02-28,1.05
AXIS Large Cap Fund,Steel,2026-02-28,0.02
AXIS Large Cap Fund,T Bills,2026-02-28,0.09
AXIS Large Cap Fund,Telecom-Service,2026-02-28,4.45
AXIS Large Cap Fund,Textiles,2026-02-28,0.01
AXIS Large Cap Fund,Tobacco Products,2026-02-28,0.02
AXIS Large Cap Fund,Trading,2026-02-28,0.0
AXIS Large Cap Fund,Aerospace & Defence,2026-03-31,1.66
AXIS Large Cap Fund,Air Transport Service,2026-03-31,1.47
AXIS Large Cap Fund,Auto Ancillaries,2026-03-31,1.15
AXIS Large Cap Fund,Automobile,2026-03-31,5.81
AXIS Large Cap Fund,Banks,2026-03-31,25.76
AXIS Large Cap Fund,Capital Goods - Electrical Equipment,2026-03-31,1.01
AXIS Large Cap Fund,Capital Goods-Non Electrical Equipment,2026-03-31,0.49
AXIS Large Cap Fund,Cement,2026-03-31,2.86
AXIS Large Cap Fund,Chemicals,2026-03-31,1.27
AXIS Large Cap Fund,Consumer Durables,2026-03-31,0.74
AXIS Large Cap Fund,Crude Oil & Natural Gas,2026-03-31,0.01
AXIS Large Cap Fund,Debt Others,2026-03-31,8.95
AXIS Large Cap Fund,Derivatives - Index,2026-03-31,1.87
AXIS Large Cap Fund,Diamond Gems and Jewellery,2026-03-31,2.29
AXIS Large Cap Fund,E-Commerce/App based Aggregator,2026-03-31,2.66
AXIS Large Cap Fund,FMCG,2026-03-31,1.32
AXIS Large Cap Fund,Finance,2026-03-31,6.11
AXIS Large Cap Fund,Govt. Securities,2026-03-31,0.03
AXIS Large Cap Fund,Healthcare,2026-03-31,2.7
AXIS Large Cap Fund,Hotels & Restaurants,2026-03-31,0.83
AXIS Large Cap Fund,IT - Software,2026-03-31,6.96
AXIS Large Cap Fund,Infrastructure Developers & Operators,2026-03-31,4.4
AXIS Large Cap Fund,Insurance,2026-03-31,0.67
AXIS Large Cap Fund,Marine Port & Services,2026-03-31,0.01
AXIS Large Cap Fund,Mining & Mineral products,2026-03-31,0.01
AXIS Large Cap Fund,Mutual Fund Units,2026-03-31,0.0
AXIS Large Cap Fund,Non Ferrous Metals,2026-03-31,0.01
AXIS Large Cap Fund,Paints/Varnish,2026-03-31,0.01
AXIS Large Cap Fund,Pharmaceuticals,2026-03-31,4.86
AXIS Large Cap Fund,Plantation & Plantation Products,2026-03-31,1.01
AXIS Large Cap Fund,Power Generation & Distribution,2026-03-31,1.51
AXIS Large Cap Fund,Realty,2026-03-31,0.27
AXIS Large Cap Fund,Refineries,2026-03-31,5.15
AXIS Large Cap Fund,Retail,2026-03-31,1.07
AXIS Large Cap Fund,Steel,2026-03-31,0.13
AXIS Large Cap Fund,T Bills,2026-03-31,0.13
AXIS Large Cap Fund,Telecom-Service,2026-03-31,4.77
AXIS Large Cap Fund,Textiles,2026-03-31,0.01
AXIS Large Cap Fund,Tobacco Products,2026-03-31,0.02
AXIS Large Cap Fund,Trading,2026-03-31,0.0
AXIS Large Cap Fund,Aerospace & Defence,2026-04-30,1.79
AXIS Large Cap Fund,Air Transport Service,2026-04-30,1.38
AXIS Large Cap Fund,Alcoholic Beverages,2026-04-30,0.17
AXIS Large Cap Fund,Auto Ancillaries,2026-04-30,1.25
AXIS Large Cap Fund,Automobile,2026-04-30,5.54
AXIS Large Cap Fund,Banks,2026-04-30,24.71
AXIS Large Cap Fund,Capital Goods - Electrical Equipment,2026-04-30,1.18
AXIS Large Cap Fund,Capital Goods-Non Electrical Equipment,2026-04-30,0.54
AXIS Large Cap Fund,Cement,2026-04-30,2.89
AXIS Large Cap Fund,Chemicals,2026-04-30,1.41
AXIS Large Cap Fund,Consumer Durables,2026-04-30,0.33
AXIS Large Cap Fund,Crude Oil & Natural Gas,2026-04-30,0.01
AXIS Large Cap Fund,Debt Others,2026-04-30,8.18
AXIS Large Cap Fund,Derivatives - Index,2026-04-30,2.4
AXIS Large Cap Fund,Diamond Gems and Jewellery,2026-04-30,2.59
AXIS Large Cap Fund,E-Commerce/App based Aggregator,2026-04-30,2.69
AXIS Large Cap Fund,FMCG,2026-04-30,1.46
AXIS Large Cap Fund,Finance,2026-04-30,6.85
AXIS Large Cap Fund,Govt. Securities,2026-04-30,0.03
AXIS Large Cap Fund,Healthcare,2026-04-30,2.62
AXIS Large Cap Fund,Hotels & Restaurants,2026-04-30,0.87
AXIS Large Cap Fund,IT - Software,2026-04-30,6.11
AXIS Large Cap Fund,Infrastructure Developers & Operators,2026-04-30,4.93
AXIS Large Cap Fund,Insurance,2026-04-30,0.41
AXIS Large Cap Fund,Marine Port & Services,2026-04-30,0.01
AXIS Large Cap Fund,Mining & Mineral products,2026-04-30,0.01
AXIS Large Cap Fund,Mutual Fund Units,2026-04-30,0.0
AXIS Large Cap Fund,Non Ferrous Metals,2026-04-30,0.01
AXIS Large Cap Fund,Paints/Varnish,2026-04-30,0.01
AXIS Large Cap Fund,Pharmaceuticals,2026-04-30,4.86
AXIS Large Cap Fund,Plantation & Plantation Products,2026-04-30,1.07
AXIS Large Cap Fund,Power Generation & Distribution,2026-04-30,1.59
AXIS Large Cap Fund,Realty,2026-04-30,0.26
AXIS Large Cap Fund,Refineries,2026-04-30,5.16
AXIS Large Cap Fund,Retail,2026-04-30,1.57
AXIS Large Cap Fund,Steel,2026-04-30,0.13
AXIS Large Cap Fund,T Bills,2026-04-30,0.1
AXIS Large Cap Fund,Telecom-Service,2026-04-30,4.85
AXIS Large Cap Fund,Textiles,2026-04-30,0.01
AXIS Large Cap Fund,Tobacco Products,2026-04-30,0.02
AXIS Large Cap Fund,Trading,2026-04-30,0.01
AXIS Large Cap Fund,Aerospace & Defence,2026-05-31,2.22
AXIS Large Cap Fund,Air Transport Service,2026-05-31,1.44
AXIS Large Cap Fund,Alcoholic Beverages,2026-05-31,0.79
AXIS Large Cap Fund,Auto Ancillaries,2026-05-31,1.76
AXIS Large Cap Fund,Automobile,2026-05-31,5.41
AXIS Large Cap Fund,Banks,2026-05-31,25.75
AXIS Large Cap Fund,Capital Goods - Electrical Equipment,2026-05-31,1.16
AXIS Large Cap Fund,Capital Goods-Non Electrical Equipment,2026-05-31,0.61
AXIS Large Cap Fund,Cement,2026-05-31,2.99
AXIS Large Cap Fund,Chemicals,2026-05-31,2.16
AXIS Large Cap Fund,Consumer Durables,2026-05-31,0.27
AXIS Large Cap Fund,Crude Oil & Natural Gas,2026-05-31,0.01
AXIS Large Cap Fund,Debt Others,2026-05-31,3.72
AXIS Large Cap Fund,Derivatives - Index,2026-05-31,2.4
AXIS Large Cap Fund,Diamond Gems and Jewellery,2026-05-31,2.44
AXIS Large Cap Fund,E-Commerce/App based Aggregator,2026-05-31,2.78
AXIS Large Cap Fund,FMCG,2026-05-31,2.01
AXIS Large Cap Fund,Finance,2026-05-31,6.47
AXIS Large Cap Fund,Govt. Securities,2026-05-31,0.03
AXIS Large Cap Fund,Healthcare,2026-05-31,3.33
AXIS Large Cap Fund,Hotels & Restaurants,2026-05-31,0.64
AXIS Large Cap Fund,IT - Software,2026-05-31,5.29
AXIS Large Cap Fund,Infrastructure Developers & Operators,2026-05-31,5.08
AXIS Large Cap Fund,Insurance,2026-05-31,0.01
AXIS Large Cap Fund,Marine Port & Services,2026-05-31,0.01
AXIS Large Cap Fund,Mining & Mineral products,2026-05-31,0.01
AXIS Large Cap Fund,Mutual Fund Units,2026-05-31,0.0
AXIS Large Cap Fund,Non Ferrous Metals,2026-05-31,0.01
AXIS Large Cap Fund,Paints/Varnish,2026-05-31,0.01
AXIS Large Cap Fund,Pharmaceuticals,2026-05-31,6.34
AXIS Large Cap Fund,Plantation & Plantation Products,2026-05-31,1.12
AXIS Large Cap Fund,Power Generation & Distribution,2026-05-31,1.56
AXIS Large Cap Fund,Real Estate Investment Trusts,2026-05-31,0.02
AXIS Large Cap Fund,Refineries,2026-05-31,4.85
AXIS Large Cap Fund,Retail,2026-05-31,1.54
AXIS Large Cap Fund,Steel,2026-05-31,0.28
AXIS Large Cap Fund,Stock/ Commodity Brokers,2026-05-31,0.04
AXIS Large Cap Fund,T Bills,2026-05-31,0.08
AXIS Large Cap Fund,Telecom-Service,2026-05-31,4.8
AXIS Large Cap Fund,Textiles,2026-05-31,0.52
AXIS Large Cap Fund,Tobacco Products,2026-05-31,0.02
AXIS Large Cap Fund,Trading,2026-05-31,0.01
Aditya Birla SL Large Cap Fund,Aerospace & Defence,2025-08-31,0.49
Aditya Birla SL Large Cap Fund,Agro Chemicals,2025-08-31,0.63
Aditya Birla SL Large Cap Fund,Air Transport Service,2025-08-31,1.5
Aditya Birla SL Large Cap Fund,Alcoholic Beverages,2025-08-31,0.6
Aditya Birla SL Large Cap Fund,Auto Ancillaries,2025-08-31,0.74
Aditya Birla SL Large Cap Fund,Automobile,2025-08-31,6.33
Aditya Birla SL Large Cap Fund,Banks,2025-08-31,25.05
Aditya Birla SL Large Cap Fund,Capital Goods - Electrical Equipment,2025-08-31,2.16
Aditya Birla SL Large Cap Fund,Capital Goods-Non Electrical Equipment,2025-08-31,0.49
Aditya Birla SL Large Cap Fund,Cement,2025-08-31,1.84
Aditya Birla SL Large Cap Fund,Consumer Durables,2025-08-31,1.73
Aditya Birla SL Large Cap Fund,Crude Oil & Natural Gas,2025-08-31,0.1
Aditya Birla SL Large Cap Fund,Debt Others,2025-08-31,2.86
Aditya Birla SL Large Cap Fund,Derivatives - Index,2025-08-31,0.2
Aditya Birla SL Large Cap Fund,Diamond Gems and Jewellery,2025-08-31,1.29
Aditya Birla SL Large Cap Fund,E-Commerce/App based Aggregator,2025-08-31,2.58
Aditya Birla SL Large Cap Fund,Electronics,2025-08-31,0.27
Aditya Birla SL Large Cap Fund,Entertainment,2025-08-31,0.15
Aditya Birla SL Large Cap Fund,FMCG,2025-08-31,3.99
Aditya Birla SL Large Cap Fund,Finance,2025-08-31,4.9
Aditya Birla SL Large Cap Fund,Govt. Securities,2025-08-31,0.21
Aditya Birla SL Large Cap Fund,Healthcare,2025-08-31,1.13
Aditya Birla SL Large Cap Fund,IT - Software,2025-08-31,8.19
Aditya Birla SL Large Cap Fund,Infrastructure Developers & Operators,2025-08-31,4.68
Aditya Birla SL Large Cap Fund,Insurance,2025-08-31,3.02
Aditya Birla SL Large Cap Fund,Logistics,2025-08-31,0.41
Aditya Birla SL Large Cap Fund,Mining & Mineral products,2025-08-31,0.49
Aditya Birla SL Large Cap Fund,Mutual Fund Units,2025-08-31,0.84
Aditya Birla SL Large Cap Fund,Non Ferrous Metals,2025-08-31,1.19
Aditya Birla SL Large Cap Fund,Paints/Varnish,2025-08-31,0.81
Aditya Birla SL Large Cap Fund,Pharmaceuticals,2025-08-31,4.47
Aditya Birla SL Large Cap Fund,Power Generation & Distribution,2025-08-31,2.43
Aditya Birla SL Large Cap Fund,Preference n Warrants,2025-08-31,0.0
Aditya Birla SL Large Cap Fund,Realty,2025-08-31,1.29
Aditya Birla SL Large Cap Fund,Refineries,2025-08-31,5.18
Aditya Birla SL Large Cap Fund,Retail,2025-08-31,0.43
Aditya Birla SL Large Cap Fund,T Bills,2025-08-31,0.67
Aditya Birla SL Large Cap Fund,Telecom-Service,2025-08-31,4.31
Aditya Birla SL Large Cap Fund,Tobacco Products,2025-08-31,2.38
Aditya Birla SL Large Cap Fund,Aerospace & Defence,2025-09-30,0.4
Aditya Birla SL Large Cap Fund,Agro Chemicals,2025-09-30,0.65
Aditya Birla SL Large Cap Fund,Air Transport Service,2025-09-30,1.05
Aditya Birla SL Large Cap Fund,Alcoholic Beverages,2025-09-30,0.68
Aditya Birla SL Large Cap Fund,Auto Ancillaries,2025-09-30,0.77
Aditya Birla SL Large Cap Fund,Automobile,2025-09-30,7.04
Aditya Birla SL Large Cap Fund,Banks,2025-09-30,25.45
Aditya Birla SL Large Cap Fund,Capital Goods - Electrical Equipment,2025-09-30,1.84
Aditya Birla SL Large Cap Fund,Capital Goods-Non Electrical Equipment,2025-09-30,0.5
Aditya Birla SL Large Cap Fund,Cement,2025-09-30,1.7
Aditya Birla SL Large Cap Fund,Consumer Durables,2025-09-30,1.54
Aditya Birla SL Large Cap Fund,Crude Oil & Natural Gas,2025-09-30,0.11
Aditya Birla SL Large Cap Fund,Debt Others,2025-09-30,2.76
Aditya Birla SL Large Cap Fund,Derivatives - Index,2025-09-30,0.23
Aditya Birla SL Large Cap Fund,Diamond Gems and Jewellery,2025-09-30,1.19
Aditya Birla SL Large Cap Fund,E-Commerce/App based Aggregator,2025-09-30,2.99
Aditya Birla SL Large Cap Fund,Electronics,2025-09-30,0.25
Aditya Birla SL Large Cap Fund,Entertainment,2025-09-30,0.14
Aditya Birla SL Large Cap Fund,FMCG,2025-09-30,3.96
Aditya Birla SL Large Cap Fund,Finance,2025-09-30,5.38
Aditya Birla SL Large Cap Fund,Govt. Securities,2025-09-30,0.12
Aditya Birla SL Large Cap Fund,Healthcare,2025-09-30,1.09
Aditya Birla SL Large Cap Fund,IT - Software,2025-09-30,8.3
Aditya Birla SL Large Cap Fund,Infrastructure Developers & Operators,2025-09-30,4.64
Aditya Birla SL Large Cap Fund,Insurance,2025-09-30,2.98
Aditya Birla SL Large Cap Fund,Logistics,2025-09-30,0.34
Aditya Birla SL Large Cap Fund,Mining & Mineral products,2025-09-30,0.53
Aditya Birla SL Large Cap Fund,Mutual Fund Units,2025-09-30,0.67
Aditya Birla SL Large Cap Fund,Non Ferrous Metals,2025-09-30,1.28
Aditya Birla SL Large Cap Fund,Paints/Varnish,2025-09-30,0.78
Aditya Birla SL Large Cap Fund,Pharmaceuticals,2025-09-30,4.31
Aditya Birla SL Large Cap Fund,Power Generation & Distribution,2025-09-30,2.29
Aditya Birla SL Large Cap Fund,Preference n Warrants,2025-09-30,0.0
Aditya Birla SL Large Cap Fund,Realty,2025-09-30,1.27
Aditya Birla SL Large Cap Fund,Refineries,2025-09-30,5.12
Aditya Birla SL Large Cap Fund,Retail,2025-09-30,0.4
Aditya Birla SL Large Cap Fund,T Bills,2025-09-30,0.66
Aditya Birla SL Large Cap Fund,Telecom-Service,2025-09-30,4.26
Aditya Birla SL Large Cap Fund,Tobacco Products,2025-09-30,2.33
Aditya Birla SL Large Cap Fund,Aerospace & Defence,2025-10-31,0.39
Aditya Birla SL Large Cap Fund,Agro Chemicals,2025-10-31,0.64
Aditya Birla SL Large Cap Fund,Air Transport Service,2025-10-31,1.02
Aditya Birla SL Large Cap Fund,Alcoholic Beverages,2025-10-31,0.78
Aditya Birla SL Large Cap Fund,Auto Ancillaries,2025-10-31,0.73
Aditya Birla SL Large Cap Fund,Automobile,2025-10-31,7.07
Aditya Birla SL Large Cap Fund,Banks,2025-10-31,25.51
Aditya Birla SL Large Cap Fund,Capital Goods - Electrical Equipment,2025-10-31,1.8
Aditya Birla SL Large Cap Fund,Capital Goods-Non Electrical Equipment,2025-10-31,0.53
Aditya Birla SL Large Cap Fund,Cement,2025-10-31,1.35
Aditya Birla SL Large Cap Fund,Consumer Durables,2025-10-31,1.68
Aditya Birla SL Large Cap Fund,Debt Others,2025-10-31,1.98
Aditya Birla SL Large Cap Fund,Derivatives - Index,2025-10-31,0.06
Aditya Birla SL Large Cap Fund,Diamond Gems and Jewellery,2025-10-31,1.34
Aditya Birla SL Large Cap Fund,E-Commerce/App based Aggregator,2025-10-31,3.06
Aditya Birla SL Large Cap Fund,Electronics,2025-10-31,0.25
Aditya Birla SL Large Cap Fund,Entertainment,2025-10-31,0.12
Aditya Birla SL Large Cap Fund,FMCG,2025-10-31,3.78
Aditya Birla SL Large Cap Fund,Finance,2025-10-31,5.71
Aditya Birla SL Large Cap Fund,Govt. Securities,2025-10-31,0.12
Aditya Birla SL Large Cap Fund,Healthcare,2025-10-31,1.1
Aditya Birla SL Large Cap Fund,IT - Software,2025-10-31,8.39
Aditya Birla SL Large Cap Fund,Infrastructure Developers & Operators,2025-10-31,4.9
Aditya Birla SL Large Cap Fund,Insurance,2025-10-31,2.91
Aditya Birla SL Large Cap Fund,Logistics,2025-10-31,0.34
Aditya Birla SL Large Cap Fund,Mining & Mineral products,2025-10-31,0.55
Aditya Birla SL Large Cap Fund,Mutual Fund Units,2025-10-31,0.69
Aditya Birla SL Large Cap Fund,Non Ferrous Metals,2025-10-31,1.38
Aditya Birla SL Large Cap Fund,Paints/Varnish,2025-10-31,0.74
Aditya Birla SL Large Cap Fund,Pharmaceuticals,2025-10-31,4.23
Aditya Birla SL Large Cap Fund,Power Generation & Distribution,2025-10-31,2.4
Aditya Birla SL Large Cap Fund,Preference n Warrants,2025-10-31,0.0
Aditya Birla SL Large Cap Fund,Realty,2025-10-31,1.32
Aditya Birla SL Large Cap Fund,Refineries,2025-10-31,5.39
Aditya Birla SL Large Cap Fund,Retail,2025-10-31,0.36
Aditya Birla SL Large Cap Fund,T Bills,2025-10-31,0.64
Aditya Birla SL Large Cap Fund,Telecom-Service,2025-10-31,4.41
Aditya Birla SL Large Cap Fund,Tobacco Products,2025-10-31,2.36
Aditya Birla SL Large Cap Fund,Aerospace & Defence,2025-11-30,0.48
Aditya Birla SL Large Cap Fund,Agro Chemicals,2025-11-30,0.62
Aditya Birla SL Large Cap Fund,Air Transport Service,2025-11-30,0.99
Aditya Birla SL Large Cap Fund,Alcoholic Beverages,2025-11-30,0.85
Aditya Birla SL Large Cap Fund,Auto Ancillaries,2025-11-30,0.78
Aditya Birla SL Large Cap Fund,Automobile,2025-11-30,7.22
Aditya Birla SL Large Cap Fund,Banks,2025-11-30,25.77
Aditya Birla SL Large Cap Fund,Capital Goods - Electrical Equipment,2025-11-30,1.55
Aditya Birla SL Large Cap Fund,Capital Goods-Non Electrical Equipment,2025-11-30,0.54
Aditya Birla SL Large Cap Fund,Cement,2025-11-30,1.29
Aditya Birla SL Large Cap Fund,Consumer Durables,2025-11-30,1.42
Aditya Birla SL Large Cap Fund,Debt Others,2025-11-30,1.9
Aditya Birla SL Large Cap Fund,Derivatives - Index,2025-11-30,0.06
Aditya Birla SL Large Cap Fund,Diamond Gems and Jewellery,2025-11-30,1.38
Aditya Birla SL Large Cap Fund,E-Commerce/App based Aggregator,2025-11-30,2.79
Aditya Birla SL Large Cap Fund,Electronics,2025-11-30,0.24
Aditya Birla SL Large Cap Fund,Entertainment,2025-11-30,0.12
Aditya Birla SL Large Cap Fund,FMCG,2025-11-30,3.94
Aditya Birla SL Large Cap Fund,Finance,2025-11-30,5.74
Aditya Birla SL Large Cap Fund,Govt. Securities,2025-11-30,0.11
Aditya Birla SL Large Cap Fund,Healthcare,2025-11-30,1.03
Aditya Birla SL Large Cap Fund,IT - Software,2025-11-30,9.27
Aditya Birla SL Large Cap Fund,Infrastructure Developers & Operators,2025-11-30,4.56
Aditya Birla SL Large Cap Fund,Insurance,2025-11-30,2.93
Aditya Birla SL Large Cap Fund,Logistics,2025-11-30,0.31
Aditya Birla SL Large Cap Fund,Mining & Mineral products,2025-11-30,0.65
Aditya Birla SL Large Cap Fund,Mutual Fund Units,2025-11-30,0.7
Aditya Birla SL Large Cap Fund,Non Ferrous Metals,2025-11-30,1.29
Aditya Birla SL Large Cap Fund,Paints/Varnish,2025-11-30,0.55
Aditya Birla SL Large Cap Fund,Pharmaceuticals,2025-11-30,4.25
Aditya Birla SL Large Cap Fund,Power Generation & Distribution,2025-11-30,2.28
Aditya Birla SL Large Cap Fund,Preference n Warrants,2025-11-30,0.0
Aditya Birla SL Large Cap Fund,Realty,2025-11-30,1.24
Aditya Birla SL Large Cap Fund,Refineries,2025-11-30,5.58
Aditya Birla SL Large Cap Fund,Retail,2025-11-30,0.34
Aditya Birla SL Large Cap Fund,Stock/ Commodity Brokers,2025-11-30,0.15
Aditya Birla SL Large Cap Fund,T Bills,2025-11-30,0.6
Aditya Birla SL Large Cap Fund,Telecom-Service,2025-11-30,4.35
Aditya Birla SL Large Cap Fund,Tobacco Products,2025-11-30,2.13
Aditya Birla SL Large Cap Fund,Aerospace & Defence,2025-12-31,0.47
Aditya Birla SL Large Cap Fund,Agro Chemicals,2025-12-31,0.62
Aditya Birla SL Large Cap Fund,Air Transport Service,2025-12-31,0.56
Aditya Birla SL Large Cap Fund,Alcoholic Beverages,2025-12-31,0.84
Aditya Birla SL Large Cap Fund,Auto Ancillaries,2025-12-31,0.84
Aditya Birla SL Large Cap Fund,Automobile,2025-12-31,7.35
Aditya Birla SL Large Cap Fund,Banks,2025-12-31,25.56
Aditya Birla SL Large Cap Fund,Capital Goods - Electrical Equipment,2025-12-31,1.22
Aditya Birla SL Large Cap Fund,Capital Goods-Non Electrical Equipment,2025-12-31,0.54
Aditya Birla SL Large Cap Fund,Cement,2025-12-31,1.31
Aditya Birla SL Large Cap Fund,Consumer Durables,2025-12-31,1.29
Aditya Birla SL Large Cap Fund,Debt Others,2025-12-31,1.61
Aditya Birla SL Large Cap Fund,Derivatives - Index,2025-12-31,0.06
Aditya Birla SL Large Cap Fund,Diamond Gems and Jewellery,2025-12-31,1.43
Aditya Birla SL Large Cap Fund,E-Commerce/App based Aggregator,2025-12-31,3.25
Aditya Birla SL Large Cap Fund,Electronics,2025-12-31,0.22
Aditya Birla SL Large Cap Fund,FMCG,2025-12-31,4.19
Aditya Birla SL Large Cap Fund,Finance,2025-12-31,6.31
Aditya Birla SL Large Cap Fund,Govt. Securities,2025-12-31,0.11
Aditya Birla SL Large Cap Fund,Healthcare,2025-12-31,1.04
Aditya Birla SL Large Cap Fund,IT - Software,2025-12-31,9.07
Aditya Birla SL Large Cap Fund,Infrastructure Developers & Operators,2025-12-31,4.39
Aditya Birla SL Large Cap Fund,Insurance,2025-12-31,3.01
Aditya Birla SL Large Cap Fund,Logistics,2025-12-31,0.29
Aditya Birla SL Large Cap Fund,Mining & Mineral products,2025-12-31,0.75
Aditya Birla SL Large Cap Fund,Mutual Fund Units,2025-12-31,0.71
Aditya Birla SL Large Cap Fund,Non Ferrous Metals,2025-12-31,1.42
Aditya Birla SL Large Cap Fund,Other,2025-12-31,0.01
Aditya Birla SL Large Cap Fund,Paints/Varnish,2025-12-31,0.75
Aditya Birla SL Large Cap Fund,Pharmaceuticals,2025-12-31,4.03
Aditya Birla SL Large Cap Fund,Power Generation & Distribution,2025-12-31,2.29
Aditya Birla SL Large Cap Fund,Preference n Warrants,2025-12-31,0.0
Aditya Birla SL Large Cap Fund,Realty,2025-12-31,1.18
Aditya Birla SL Large Cap Fund,Refineries,2025-12-31,5.63
Aditya Birla SL Large Cap Fund,Retail,2025-12-31,0.32
Aditya Birla SL Large Cap Fund,Stock/ Commodity Brokers,2025-12-31,0.1
Aditya Birla SL Large Cap Fund,T Bills,2025-12-31,0.76
Aditya Birla SL Large Cap Fund,Telecom-Service,2025-12-31,4.4
Aditya Birla SL Large Cap Fund,Tobacco Products,2025-12-31,2.03
Aditya Birla SL Large Cap Fund,Aerospace & Defence,2026-01-31,0.52
Aditya Birla SL Large Cap Fund,Agro Chemicals,2026-01-31,0.91
Aditya Birla SL Large Cap Fund,Air Transport Service,2026-01-31,0.24
Aditya Birla SL Large Cap Fund,Alcoholic Beverages,2026-01-31,0.82
Aditya Birla SL Large Cap Fund,Auto Ancillaries,2026-01-31,0.84
Aditya Birla SL Large Cap Fund,Automobile,2026-01-31,6.93
Aditya Birla SL Large Cap Fund,Banks,2026-01-31,26.43
Aditya Birla SL Large Cap Fund,Capital Goods - Electrical Equipment,2026-01-31,0.43
Aditya Birla SL Large Cap Fund,Capital Goods-Non Electrical Equipment,2026-01-31,0.52
Aditya Birla SL Large Cap Fund,Cement,2026-01-31,1.25
Aditya Birla SL Large Cap Fund,Chemicals,2026-01-31,0.0
Aditya Birla SL Large Cap Fund,Consumer Durables,2026-01-31,1.12
Aditya Birla SL Large Cap Fund,Debt Others,2026-01-31,2.29
Aditya Birla SL Large Cap Fund,Derivatives - Index,2026-01-31,0.04
Aditya Birla SL Large Cap Fund,Diamond Gems and Jewellery,2026-01-31,1.45
Aditya Birla SL Large Cap Fund,E-Commerce/App based Aggregator,2026-01-31,3.67
Aditya Birla SL Large Cap Fund,Electronics,2026-01-31,0.23
Aditya Birla SL Large Cap Fund,FMCG,2026-01-31,4.25
Aditya Birla SL Large Cap Fund,Finance,2026-01-31,5.68
Aditya Birla SL Large Cap Fund,Gas Distribution,2026-01-31,0.0
Aditya Birla SL Large Cap Fund,Govt. Securities,2026-01-31,0.12
Aditya Birla SL Large Cap Fund,Healthcare,2026-01-31,1.07
Aditya Birla SL Large Cap Fund,Hotels & Restaurants,2026-01-31,0.0
Aditya Birla SL Large Cap Fund,IT - Software,2026-01-31,10.82
Aditya Birla SL Large Cap Fund,Infrastructure Developers & Operators,2026-01-31,3.89
Aditya Birla SL Large Cap Fund,Insurance,2026-01-31,3.38
Aditya Birla SL Large Cap Fund,Logistics,2026-01-31,0.32
Aditya Birla SL Large Cap Fund,Mining & Mineral products,2026-01-31,0.83
Aditya Birla SL Large Cap Fund,Mutual Fund Units,2026-01-31,0.0
Aditya Birla SL Large Cap Fund,Non Ferrous Metals,2026-01-31,1.6
Aditya Birla SL Large Cap Fund,Paints/Varnish,2026-01-31,0.68
Aditya Birla SL Large Cap Fund,Pharmaceuticals,2026-01-31,3.74
Aditya Birla SL Large Cap Fund,Power Generation & Distribution,2026-01-31,2.31
Aditya Birla SL Large Cap Fund,Realty,2026-01-31,0.96
Aditya Birla SL Large Cap Fund,Refineries,2026-01-31,5.21
Aditya Birla SL Large Cap Fund,Retail,2026-01-31,1.41
Aditya Birla SL Large Cap Fund,Steel,2026-01-31,0.0
Aditya Birla SL Large Cap Fund,Stock/ Commodity Brokers,2026-01-31,0.06
Aditya Birla SL Large Cap Fund,T Bills,2026-01-31,0.62
Aditya Birla SL Large Cap Fund,Telecom-Service,2026-01-31,4.24
Aditya Birla SL Large Cap Fund,Tobacco Products,2026-01-31,1.16
Aditya Birla SL Large Cap Fund,Aerospace & Defence,2026-02-28,0.44
Aditya Birla SL Large Cap Fund,Agro Chemicals,2026-02-28,0.98
Aditya Birla SL Large Cap Fund,Alcoholic Beverages,2026-02-28,0.93
Aditya Birla SL Large Cap Fund,Auto Ancillaries,2026-02-28,1.13
Aditya Birla SL Large Cap Fund,Automobile,2026-02-28,7.06
Aditya Birla SL Large Cap Fund,Banks,2026-02-28,26.83
Aditya Birla SL Large Cap Fund,Capital Goods - Electrical Equipment,2026-02-28,0.43
Aditya Birla SL Large Cap Fund,Capital Goods-Non Electrical Equipment,2026-02-28,0.62
Aditya Birla SL Large Cap Fund,Cement,2026-02-28,1.26
Aditya Birla SL Large Cap Fund,Chemicals,2026-02-28,0.0
Aditya Birla SL Large Cap Fund,Consumer Durables,2026-02-28,1.32
Aditya Birla SL Large Cap Fund,Debt Others,2026-02-28,1.25
Aditya Birla SL Large Cap Fund,Derivatives - Index,2026-02-28,0.08
Aditya Birla SL Large Cap Fund,Diamond Gems and Jewellery,2026-02-28,1.48
Aditya Birla SL Large Cap Fund,E-Commerce/App based Aggregator,2026-02-28,3.35
Aditya Birla SL Large Cap Fund,Electronics,2026-02-28,0.22
Aditya Birla SL Large Cap Fund,FMCG,2026-02-28,4.36
Aditya Birla SL Large Cap Fund,Finance,2026-02-28,5.42
Aditya Birla SL Large Cap Fund,Gas Distribution,2026-02-28,0.0
Aditya Birla SL Large Cap Fund,Govt. Securities,2026-02-28,0.12
Aditya Birla SL Large Cap Fund,Healthcare,2026-02-28,1.21
Aditya Birla SL Large Cap Fund,Hotels & Restaurants,2026-02-28,0.0
Aditya Birla SL Large Cap Fund,IT - Software,2026-02-28,9.21
Aditya Birla SL Large Cap Fund,Infrastructure Developers & Operators,2026-02-28,4.22
Aditya Birla SL Large Cap Fund,Insurance,2026-02-28,3.65
Aditya Birla SL Large Cap Fund,Logistics,2026-02-28,0.33
Aditya Birla SL Large Cap Fund,Mining & Mineral products,2026-02-28,0.88
Aditya Birla SL Large Cap Fund,Mutual Fund Units,2026-02-28,0.0
Aditya Birla SL Large Cap Fund,Non Ferrous Metals,2026-02-28,1.55
Aditya Birla SL Large Cap Fund,Paints/Varnish,2026-02-28,0.72
Aditya Birla SL Large Cap Fund,Pharmaceuticals,2026-02-28,3.95
Aditya Birla SL Large Cap Fund,Power Generation & Distribution,2026-02-28,2.53
Aditya Birla SL Large Cap Fund,Realty,2026-02-28,0.92
Aditya Birla SL Large Cap Fund,Refineries,2026-02-28,5.28
Aditya Birla SL Large Cap Fund,Retail,2026-02-28,1.85
Aditya Birla SL Large Cap Fund,Steel,2026-02-28,0.0
Aditya Birla SL Large Cap Fund,T Bills,2026-02-28,0.49
Aditya Birla SL Large Cap Fund,Telecom-Service,2026-02-28,4.08
Aditya Birla SL Large Cap Fund,Tobacco Products,2026-02-28,1.14
Aditya Birla SL Large Cap Fund,Aerospace & Defence,2026-03-31,0.5
Aditya Birla SL Large Cap Fund,Agro Chemicals,2026-03-31,1.04
Aditya Birla SL Large Cap Fund,Alcoholic Beverages,2026-03-31,1.26
Aditya Birla SL Large Cap Fund,Auto Ancillaries,2026-03-31,1.44
Aditya Birla SL Large Cap Fund,Automobile,2026-03-31,6.54
Aditya Birla SL Large Cap Fund,Banks,2026-03-31,26.24
Aditya Birla SL Large Cap Fund,Capital Goods - Electrical Equipment,2026-03-31,0.44
Aditya Birla SL Large Cap Fund,Capital Goods-Non Electrical Equipment,2026-03-31,0.65
Aditya Birla SL Large Cap Fund,Castings Forgings & Fastners,2026-03-31,0.5
Aditya Birla SL Large Cap Fund,Cement,2026-03-31,1.39
Aditya Birla SL Large Cap Fund,Chemicals,2026-03-31,0.0
Aditya Birla SL Large Cap Fund,Consumer Durables,2026-03-31,1.28
Aditya Birla SL Large Cap Fund,Debt Others,2026-03-31,0.34
Aditya Birla SL Large Cap Fund,Derivatives - Index,2026-03-31,0.07
Aditya Birla SL Large Cap Fund,Diamond Gems and Jewellery,2026-03-31,1.48
Aditya Birla SL Large Cap Fund,E-Commerce/App based Aggregator,2026-03-31,3.59
Aditya Birla SL Large Cap Fund,Electronics,2026-03-31,0.21
Aditya Birla SL Large Cap Fund,FMCG,2026-03-31,4.1
Aditya Birla SL Large Cap Fund,Finance,2026-03-31,4.95
Aditya Birla SL Large Cap Fund,Gas Distribution,2026-03-31,0.0
Aditya Birla SL Large Cap Fund,Govt. Securities,2026-03-31,0.13
Aditya Birla SL Large Cap Fund,Healthcare,2026-03-31,1.29
Aditya Birla SL Large Cap Fund,Hotels & Restaurants,2026-03-31,0.0
Aditya Birla SL Large Cap Fund,IT - Software,2026-03-31,10.15
Aditya Birla SL Large Cap Fund,Infrastructure Developers & Operators,2026-03-31,3.92
Aditya Birla SL Large Cap Fund,Insurance,2026-03-31,3.54
Aditya Birla SL Large Cap Fund,Logistics,2026-03-31,0.35
Aditya Birla SL Large Cap Fund,Mutual Fund Units,2026-03-31,0.0
Aditya Birla SL Large Cap Fund,Non Ferrous Metals,2026-03-31,2.57
Aditya Birla SL Large Cap Fund,Paints/Varnish,2026-03-31,0.79
Aditya Birla SL Large Cap Fund,Pharmaceuticals,2026-03-31,3.55
Aditya Birla SL Large Cap Fund,Power Generation & Distribution,2026-03-31,2.81
Aditya Birla SL Large Cap Fund,Realty,2026-03-31,0.87
Aditya Birla SL Large Cap Fund,Refineries,2026-03-31,6.06
Aditya Birla SL Large Cap Fund,Retail,2026-03-31,1.97
Aditya Birla SL Large Cap Fund,Steel,2026-03-31,0.47
Aditya Birla SL Large Cap Fund,T Bills,2026-03-31,0.56
Aditya Birla SL Large Cap Fund,Telecom-Service,2026-03-31,3.84
Aditya Birla SL Large Cap Fund,Tobacco Products,2026-03-31,1.08
Aditya Birla SL Large Cap Fund,Aerospace & Defence,2026-04-30,0.58
Aditya Birla SL Large Cap Fund,Agro Chemicals,2026-04-30,0.99
Aditya Birla SL Large Cap Fund,Alcoholic Beverages,2026-04-30,1.31
Aditya Birla SL Large Cap Fund,Auto Ancillaries,2026-04-30,1.69
Aditya Birla SL Large Cap Fund,Automobile,2026-04-30,6.53
Aditya Birla SL Large Cap Fund,Banks,2026-04-30,25.97
Aditya Birla SL Large Cap Fund,Capital Goods - Electrical Equipment,2026-04-30,0.44
Aditya Birla SL Large Cap Fund,Capital Goods-Non Electrical Equipment,2026-04-30,0.7
Aditya Birla SL Large Cap Fund,Castings Forgings & Fastners,2026-04-30,0.55
Aditya Birla SL Large Cap Fund,Cement,2026-04-30,1.38
Aditya Birla SL Large Cap Fund,Chemicals,2026-04-30,0.0
Aditya Birla SL Large Cap Fund,Consumer Durables,2026-04-30,1.31
Aditya Birla SL Large Cap Fund,Debt Others,2026-04-30,1.3
Aditya Birla SL Large Cap Fund,Derivatives - Index,2026-04-30,0.07
Aditya Birla SL Large Cap Fund,Diamond Gems and Jewellery,2026-04-30,1.51
Aditya Birla SL Large Cap Fund,E-Commerce/App based Aggregator,2026-04-30,3.78
Aditya Birla SL Large Cap Fund,Electronics,2026-04-30,0.22
Aditya Birla SL Large Cap Fund,FMCG,2026-04-30,4.33
Aditya Birla SL Large Cap Fund,Finance,2026-04-30,5.36
Aditya Birla SL Large Cap Fund,Gas Distribution,2026-04-30,0.0
Aditya Birla SL Large Cap Fund,Govt. Securities,2026-04-30,0.12
Aditya Birla SL Large Cap Fund,Healthcare,2026-04-30,1.23
Aditya Birla SL Large Cap Fund,Hotels & Restaurants,2026-04-30,0.0
Aditya Birla SL Large Cap Fund,IT - Software,2026-04-30,8.43
Aditya Birla SL Large Cap Fund,Infrastructure Developers & Operators,2026-04-30,4.08
Aditya Birla SL Large Cap Fund,Insurance,2026-04-30,3.13
Aditya Birla SL Large Cap Fund,Logistics,2026-04-30,0.37
Aditya Birla SL Large Cap Fund,Mutual Fund Units,2026-04-30,0.0
Aditya Birla SL Large Cap Fund,Non Ferrous Metals,2026-04-30,2.1
Aditya Birla SL Large Cap Fund,Other,2026-04-30,0.55
Aditya Birla SL Large Cap Fund,Paints/Varnish,2026-04-30,0.76
Aditya Birla SL Large Cap Fund,Pharmaceuticals,2026-04-30,3.6
Aditya Birla SL Large Cap Fund,Power Generation & Distribution,2026-04-30,2.75
Aditya Birla SL Large Cap Fund,Realty,2026-04-30,0.95
Aditya Birla SL Large Cap Fund,Refineries,2026-04-30,6.14
Aditya Birla SL Large Cap Fund,Retail,2026-04-30,2.26
Aditya Birla SL Large Cap Fund,Steel,2026-04-30,0.5
Aditya Birla SL Large Cap Fund,T Bills,2026-04-30,0.34
Aditya Birla SL Large Cap Fund,Telecom-Service,2026-04-30,3.56
Aditya Birla SL Large Cap Fund,Tobacco Products,2026-04-30,1.09
Aditya Birla SL Large Cap Fund,Aerospace & Defence,2026-05-31,0.58
Aditya Birla SL Large Cap Fund,Agro Chemicals,2026-05-31,0.93
Aditya Birla SL Large Cap Fund,Alcoholic Beverages,2026-05-31,1.64
Aditya Birla SL Large Cap Fund,Auto Ancillaries,2026-05-31,2.05
Aditya Birla SL Large Cap Fund,Automobile,2026-05-31,6.81
Aditya Birla SL Large Cap Fund,Banks,2026-05-31,25.49
Aditya Birla SL Large Cap Fund,Capital Goods - Electrical Equipment,2026-05-31,0.18
Aditya Birla SL Large Cap Fund,Capital Goods-Non Electrical Equipment,2026-05-31,0.79
Aditya Birla SL Large Cap Fund,Castings Forgings & Fastners,2026-05-31,0.58
Aditya Birla SL Large Cap Fund,Cement,2026-05-31,1.54
Aditya Birla SL Large Cap Fund,Chemicals,2026-05-31,0.0
Aditya Birla SL Large Cap Fund,Consumer Durables,2026-05-31,1.26
Aditya Birla SL Large Cap Fund,Crude Oil & Natural Gas,2026-05-31,0.07
Aditya Birla SL Large Cap Fund,Debt Others,2026-05-31,0.53
Aditya Birla SL Large Cap Fund,Derivatives - Index,2026-05-31,0.07
Aditya Birla SL Large Cap Fund,Diamond Gems and Jewellery,2026-05-31,1.11
Aditya Birla SL Large Cap Fund,E-Commerce/App based Aggregator,2026-05-31,3.4
Aditya Birla SL Large Cap Fund,Electronics,2026-05-31,0.26
Aditya Birla SL Large Cap Fund,FMCG,2026-05-31,4.81
Aditya Birla SL Large Cap Fund,Finance,2026-05-31,6.26
Aditya Birla SL Large Cap Fund,Gas Distribution,2026-05-31,0.0
Aditya Birla SL Large Cap Fund,Govt. Securities,2026-05-31,0.12
Aditya Birla SL Large Cap Fund,Healthcare,2026-05-31,1.33
Aditya Birla SL Large Cap Fund,Hotels & Restaurants,2026-05-31,0.0
Aditya Birla SL Large Cap Fund,IT - Software,2026-05-31,7.95
Aditya Birla SL Large Cap Fund,Infrastructure Developers & Operators,2026-05-31,3.7
Aditya Birla SL Large Cap Fund,Insurance,2026-05-31,3.2
Aditya Birla SL Large Cap Fund,Logistics,2026-05-31,0.36
Aditya Birla SL Large Cap Fund,Mutual Fund Units,2026-05-31,0.0
Aditya Birla SL Large Cap Fund,Non Ferrous Metals,2026-05-31,2.79
Aditya Birla SL Large Cap Fund,Paints/Varnish,2026-05-31,0.82
Aditya Birla SL Large Cap Fund,Pharmaceuticals,2026-05-31,3.76
Aditya Birla SL Large Cap Fund,Power Generation & Distribution,2026-05-31,4.18
Aditya Birla SL Large Cap Fund,Realty,2026-05-31,0.92
Aditya Birla SL Large Cap Fund,Refineries,2026-05-31,5.77
Aditya Birla SL Large Cap Fund,Retail,2026-05-31,2.28
Aditya Birla SL Large Cap Fund,Steel,2026-05-31,0.59
Aditya Birla SL Large Cap Fund,T Bills,2026-05-31,0.35
Aditya Birla SL Large Cap Fund,Telecom-Service,2026-05-31,3.49
Bajaj Finserv Large Cap Fund,Aerospace & Defence,2025-08-31,2.34
Bajaj Finserv Large Cap Fund,Air Transport Service,2025-08-31,1.08
Bajaj Finserv Large Cap Fund,Alcoholic Beverages,2025-08-31,2.7
Bajaj Finserv Large Cap Fund,Automobile,2025-08-31,8.29
Bajaj Finserv Large Cap Fund,Banks,2025-08-31,22.55
Bajaj Finserv Large Cap Fund,Cement,2025-08-31,5.42
Bajaj Finserv Large Cap Fund,Debt Others,2025-08-31,3.01
Bajaj Finserv Large Cap Fund,E-Commerce/App based Aggregator,2025-08-31,3.93
Bajaj Finserv Large Cap Fund,FMCG,2025-08-31,5.2
Bajaj Finserv Large Cap Fund,Finance,2025-08-31,5.1
Bajaj Finserv Large Cap Fund,Healthcare,2025-08-31,0.48
Bajaj Finserv Large Cap Fund,IT - Software,2025-08-31,5.24
Bajaj Finserv Large Cap Fund,Infrastructure Developers & Operators,2025-08-31,5.09
Bajaj Finserv Large Cap Fund,Insurance,2025-08-31,2.95
Bajaj Finserv Large Cap Fund,Marine Port & Services,2025-08-31,2.78
Bajaj Finserv Large Cap Fund,Paints/Varnish,2025-08-31,1.58
Bajaj Finserv Large Cap Fund,Pharmaceuticals,2025-08-31,6.81
Bajaj Finserv Large Cap Fund,Power Generation & Distribution,2025-08-31,3.51
Bajaj Finserv Large Cap Fund,Preference n Warrants,2025-08-31,0.05
Bajaj Finserv Large Cap Fund,Realty,2025-08-31,3.8
Bajaj Finserv Large Cap Fund,Refineries,2025-08-31,4.79
Bajaj Finserv Large Cap Fund,Steel,2025-08-31,3.3
Bajaj Finserv Large Cap Fund,Aerospace & Defence,2025-09-30,3.09
Bajaj Finserv Large Cap Fund,Air Transport Service,2025-09-30,1.22
Bajaj Finserv Large Cap Fund,Alcoholic Beverages,2025-09-30,2.54
Bajaj Finserv Large Cap Fund,Automobile,2025-09-30,6.91
Bajaj Finserv Large Cap Fund,Banks,2025-09-30,22.89
Bajaj Finserv Large Cap Fund,Cement,2025-09-30,3.88
Bajaj Finserv Large Cap Fund,Debt Others,2025-09-30,3.54
Bajaj Finserv Large Cap Fund,E-Commerce/App based Aggregator,2025-09-30,2.93
Bajaj Finserv Large Cap Fund,FMCG,2025-09-30,4.43
Bajaj Finserv Large Cap Fund,Finance,2025-09-30,4.6
Bajaj Finserv Large Cap Fund,Healthcare,2025-09-30,1.68
Bajaj Finserv Large Cap Fund,IT - Software,2025-09-30,5.86
Bajaj Finserv Large Cap Fund,Infrastructure Developers & Operators,2025-09-30,6.03
Bajaj Finserv Large Cap Fund,Marine Port & Services,2025-09-30,2.95
Bajaj Finserv Large Cap Fund,Paints/Varnish,2025-09-30,1.87
Bajaj Finserv Large Cap Fund,Pharmaceuticals,2025-09-30,7.72
Bajaj Finserv Large Cap Fund,Power Generation & Distribution,2025-09-30,3.54
Bajaj Finserv Large Cap Fund,Preference n Warrants,2025-09-30,0.05
Bajaj Finserv Large Cap Fund,Realty,2025-09-30,3.87
Bajaj Finserv Large Cap Fund,Refineries,2025-09-30,4.78
Bajaj Finserv Large Cap Fund,Steel,2025-09-30,3.58
Bajaj Finserv Large Cap Fund,Telecom-Service,2025-09-30,2.98
Bajaj Finserv Large Cap Fund,Aerospace & Defence,2025-10-31,3.39
Bajaj Finserv Large Cap Fund,Air Transport Service,2025-10-31,2.33
Bajaj Finserv Large Cap Fund,Alcoholic Beverages,2025-10-31,2.64
Bajaj Finserv Large Cap Fund,Automobile,2025-10-31,5.82
Bajaj Finserv Large Cap Fund,Banks,2025-10-31,23.05
Bajaj Finserv Large Cap Fund,Cement,2025-10-31,0.91
Bajaj Finserv Large Cap Fund,Debt Others,2025-10-31,2.57
Bajaj Finserv Large Cap Fund,Derivatives - Index,2025-10-31,0.04
Bajaj Finserv Large Cap Fund,E-Commerce/App based Aggregator,2025-10-31,2.88
Bajaj Finserv Large Cap Fund,FMCG,2025-10-31,2.56
Bajaj Finserv Large Cap Fund,Finance,2025-10-31,4.61
Bajaj Finserv Large Cap Fund,Healthcare,2025-10-31,1.98
Bajaj Finserv Large Cap Fund,IT - Software,2025-10-31,7.15
Bajaj Finserv Large Cap Fund,Infrastructure Developers & Operators,2025-10-31,5.44
Bajaj Finserv Large Cap Fund,Marine Port & Services,2025-10-31,2.94
Bajaj Finserv Large Cap Fund,Mining & Mineral products,2025-10-31,0.89
Bajaj Finserv Large Cap Fund,Paints/Varnish,2025-10-31,1.92
Bajaj Finserv Large Cap Fund,Pharmaceuticals,2025-10-31,8.27
Bajaj Finserv Large Cap Fund,Power Generation & Distribution,2025-10-31,1.97
Bajaj Finserv Large Cap Fund,Preference n Warrants,2025-10-31,0.04
Bajaj Finserv Large Cap Fund,Realty,2025-10-31,3.95
Bajaj Finserv Large Cap Fund,Refineries,2025-10-31,6.88
Bajaj Finserv Large Cap Fund,Steel,2025-10-31,3.73
Bajaj Finserv Large Cap Fund,Telecom-Service,2025-10-31,4.04
Bajaj Finserv Large Cap Fund,Aerospace & Defence,2025-11-30,3.15
Bajaj Finserv Large Cap Fund,Air Transport Service,2025-11-30,2.59
Bajaj Finserv Large Cap Fund,Alcoholic Beverages,2025-11-30,2.54
Bajaj Finserv Large Cap Fund,Automobile,2025-11-30,7.65
Bajaj Finserv Large Cap Fund,Banks,2025-11-30,23.54
Bajaj Finserv Large Cap Fund,Debt Others,2025-11-30,2.82
Bajaj Finserv Large Cap Fund,Derivatives - Index,2025-11-30,0.05
Bajaj Finserv Large Cap Fund,E-Commerce/App based Aggregator,2025-11-30,2.19
Bajaj Finserv Large Cap Fund,FMCG,2025-11-30,3.86
Bajaj Finserv Large Cap Fund,Finance,2025-11-30,3.41
Bajaj Finserv Large Cap Fund,Healthcare,2025-11-30,2.13
Bajaj Finserv Large Cap Fund,IT - Software,2025-11-30,8.1
Bajaj Finserv Large Cap Fund,Infrastructure Developers & Operators,2025-11-30,5.49
Bajaj Finserv Large Cap Fund,Insurance,2025-11-30,2.26
Bajaj Finserv Large Cap Fund,Marine Port & Services,2025-11-30,1.77
Bajaj Finserv Large Cap Fund,Paints/Varnish,2025-11-30,2.77
Bajaj Finserv Large Cap Fund,Pharmaceuticals,2025-11-30,7.43
Bajaj Finserv Large Cap Fund,Preference n Warrants,2025-11-30,0.05
Bajaj Finserv Large Cap Fund,Realty,2025-11-30,1.99
Bajaj Finserv Large Cap Fund,Refineries,2025-11-30,8.08
Bajaj Finserv Large Cap Fund,Steel,2025-11-30,2.42
Bajaj Finserv Large Cap Fund,Telecom Equipment & Infra Services,2025-11-30,2.47
Bajaj Finserv Large Cap Fund,Telecom-Service,2025-11-30,3.24
Bajaj Finserv Large Cap Fund,Alcoholic Beverages,2025-12-31,3.56
Bajaj Finserv Large Cap Fund,Automobile,2025-12-31,8.67
Bajaj Finserv Large Cap Fund,Banks,2025-12-31,24.42
Bajaj Finserv Large Cap Fund,Debt Others,2025-12-31,0.78
Bajaj Finserv Large Cap Fund,Diamond Gems and Jewellery,2025-12-31,1.49
Bajaj Finserv Large Cap Fund,E-Commerce/App based Aggregator,2025-12-31,2.45
Bajaj Finserv Large Cap Fund,FMCG,2025-12-31,4.86
Bajaj Finserv Large Cap Fund,Finance,2025-12-31,4.42
Bajaj Finserv Large Cap Fund,Healthcare,2025-12-31,2.75
Bajaj Finserv Large Cap Fund,IT - Software,2025-12-31,8.73
Bajaj Finserv Large Cap Fund,Infrastructure Developers & Operators,2025-12-31,5.45
Bajaj Finserv Large Cap Fund,Insurance,2025-12-31,1.99
Bajaj Finserv Large Cap Fund,Marine Port & Services,2025-12-31,1.47
Bajaj Finserv Large Cap Fund,Mining & Mineral products,2025-12-31,3.04
Bajaj Finserv Large Cap Fund,Paints/Varnish,2025-12-31,2.98
Bajaj Finserv Large Cap Fund,Pharmaceuticals,2025-12-31,8.17
Bajaj Finserv Large Cap Fund,Preference n Warrants,2025-12-31,0.05
Bajaj Finserv Large Cap Fund,Refineries,2025-12-31,8.36
Bajaj Finserv Large Cap Fund,Telecom Equipment & Infra Services,2025-12-31,3.16
Bajaj Finserv Large Cap Fund,Telecom-Service,2025-12-31,3.2
Bajaj Finserv Large Cap Fund,Automobile,2026-01-31,6.0
Bajaj Finserv Large Cap Fund,Banks,2026-01-31,29.11
Bajaj Finserv Large Cap Fund,Cement,2026-01-31,3.19
Bajaj Finserv Large Cap Fund,Consumer Durables,2026-01-31,3.13
Bajaj Finserv Large Cap Fund,Debt Others,2026-01-31,0.43
Bajaj Finserv Large Cap Fund,Derivatives - Index,2026-01-31,0.17
Bajaj Finserv Large Cap Fund,Diamond Gems and Jewellery,2026-01-31,2.97
Bajaj Finserv Large Cap Fund,E-Commerce/App based Aggregator,2026-01-31,3.64
Bajaj Finserv Large Cap Fund,FMCG,2026-01-31,5.37
Bajaj Finserv Large Cap Fund,Finance,2026-01-31,2.25
Bajaj Finserv Large Cap Fund,Healthcare,2026-01-31,3.03
Bajaj Finserv Large Cap Fund,IT - Software,2026-01-31,7.45
Bajaj Finserv Large Cap Fund,Infrastructure Developers & Operators,2026-01-31,3.66
Bajaj Finserv Large Cap Fund,Mining & Mineral products,2026-01-31,3.0
Bajaj Finserv Large Cap Fund,Paints/Varnish,2026-01-31,3.02
Bajaj Finserv Large Cap Fund,Pharmaceuticals,2026-01-31,7.68
Bajaj Finserv Large Cap Fund,Power Generation & Distribution,2026-01-31,4.23
Bajaj Finserv Large Cap Fund,Preference n Warrants,2026-01-31,0.05
Bajaj Finserv Large Cap Fund,Refineries,2026-01-31,5.01
Bajaj Finserv Large Cap Fund,Steel,2026-01-31,0.83
Bajaj Finserv Large Cap Fund,Telecom Equipment & Infra Services,2026-01-31,3.43
Bajaj Finserv Large Cap Fund,Telecom-Service,2026-01-31,2.71
Bajaj Finserv Large Cap Fund,Automobile,2026-02-28,5.64
Bajaj Finserv Large Cap Fund,Banks,2026-02-28,27.91
Bajaj Finserv Large Cap Fund,Cement,2026-02-28,4.11
Bajaj Finserv Large Cap Fund,Consumer Durables,2026-02-28,3.82
Bajaj Finserv Large Cap Fund,Debt Others,2026-02-28,1.18
Bajaj Finserv Large Cap Fund,Diamond Gems and Jewellery,2026-02-28,3.17
Bajaj Finserv Large Cap Fund,E-Commerce/App based Aggregator,2026-02-28,2.04
Bajaj Finserv Large Cap Fund,FMCG,2026-02-28,5.96
Bajaj Finserv Large Cap Fund,Finance,2026-02-28,4.1
Bajaj Finserv Large Cap Fund,Healthcare,2026-02-28,3.75
Bajaj Finserv Large Cap Fund,IT - Software,2026-02-28,2.58
Bajaj Finserv Large Cap Fund,Infrastructure Developers & Operators,2026-02-28,3.94
Bajaj Finserv Large Cap Fund,Mining & Mineral products,2026-02-28,4.78
Bajaj Finserv Large Cap Fund,Paints/Varnish,2026-02-28,1.47
Bajaj Finserv Large Cap Fund,Pharmaceuticals,2026-02-28,8.15
Bajaj Finserv Large Cap Fund,Power Generation & Distribution,2026-02-28,4.49
Bajaj Finserv Large Cap Fund,Preference n Warrants,2026-02-28,0.05
Bajaj Finserv Large Cap Fund,Refineries,2026-02-28,4.95
Bajaj Finserv Large Cap Fund,Steel,2026-02-28,2.5
Bajaj Finserv Large Cap Fund,Telecom Equipment & Infra Services,2026-02-28,3.54
Bajaj Finserv Large Cap Fund,Telecom-Service,2026-02-28,1.87
Bajaj Finserv Large Cap Fund,Automobile,2026-03-31,5.1
Bajaj Finserv Large Cap Fund,Banks,2026-03-31,27.16
Bajaj Finserv Large Cap Fund,Cement,2026-03-31,3.42
Bajaj Finserv Large Cap Fund,Consumer Durables,2026-03-31,3.78
Bajaj Finserv Large Cap Fund,Debt Others,2026-03-31,2.18
Bajaj Finserv Large Cap Fund,Diamond Gems and Jewellery,2026-03-31,3.2
Bajaj Finserv Large Cap Fund,E-Commerce/App based Aggregator,2026-03-31,2.6
Bajaj Finserv Large Cap Fund,FMCG,2026-03-31,5.83
Bajaj Finserv Large Cap Fund,Finance,2026-03-31,4.89
Bajaj Finserv Large Cap Fund,Healthcare,2026-03-31,4.02
Bajaj Finserv Large Cap Fund,IT - Software,2026-03-31,3.63
Bajaj Finserv Large Cap Fund,Infrastructure Developers & Operators,2026-03-31,2.22
Bajaj Finserv Large Cap Fund,Mining & Mineral products,2026-03-31,2.98
Bajaj Finserv Large Cap Fund,Non Ferrous Metals,2026-03-31,1.97
Bajaj Finserv Large Cap Fund,Paints/Varnish,2026-03-31,1.53
Bajaj Finserv Large Cap Fund,Pharmaceuticals,2026-03-31,9.28
Bajaj Finserv Large Cap Fund,Power Generation & Distribution,2026-03-31,3.51
Bajaj Finserv Large Cap Fund,Refineries,2026-03-31,5.96
Bajaj Finserv Large Cap Fund,Steel,2026-03-31,3.06
Bajaj Finserv Large Cap Fund,Telecom Equipment & Infra Services,2026-03-31,3.68
Bajaj Finserv Large Cap Fund,Automobile,2026-04-30,3.97
Bajaj Finserv Large Cap Fund,Banks,2026-04-30,26.71
Bajaj Finserv Large Cap Fund,Capital Goods - Electrical Equipment,2026-04-30,3.31
Bajaj Finserv Large Cap Fund,Cement,2026-04-30,3.39
Bajaj Finserv Large Cap Fund,Consumer Durables,2026-04-30,3.97
Bajaj Finserv Large Cap Fund,Debt Others,2026-04-30,3.71
Bajaj Finserv Large Cap Fund,Diamond Gems and Jewellery,2026-04-30,2.91
Bajaj Finserv Large Cap Fund,E-Commerce/App based Aggregator,2026-04-30,2.58
Bajaj Finserv Large Cap Fund,FMCG,2026-04-30,6.54
Bajaj Finserv Large Cap Fund,Finance,2026-04-30,3.28
Bajaj Finserv Large Cap Fund,Healthcare,2026-04-30,3.56
Bajaj Finserv Large Cap Fund,IT - Software,2026-04-30,3.16
Bajaj Finserv Large Cap Fund,Infrastructure Developers & Operators,2026-04-30,2.53
Bajaj Finserv Large Cap Fund,Non Ferrous Metals,2026-04-30,0.92
Bajaj Finserv Large Cap Fund,Other,2026-04-30,1.64
Bajaj Finserv Large Cap Fund,Paints/Varnish,2026-04-30,1.83
Bajaj Finserv Large Cap Fund,Pharmaceuticals,2026-04-30,7.03
Bajaj Finserv Large Cap Fund,Power Generation & Distribution,2026-04-30,5.21
Bajaj Finserv Large Cap Fund,Refineries,2026-04-30,5.83
Bajaj Finserv Large Cap Fund,Steel,2026-04-30,3.42
Bajaj Finserv Large Cap Fund,Telecom Equipment & Infra Services,2026-04-30,2.49
Bajaj Finserv Large Cap Fund,Telecom-Service,2026-04-30,2.01
Bajaj Finserv Large Cap Fund,Air Transport Service,2026-05-31,0.99
Bajaj Finserv Large Cap Fund,Auto Ancillaries,2026-05-31,2.67
Bajaj Finserv Large Cap Fund,Automobile,2026-05-31,4.49
Bajaj Finserv Large Cap Fund,Banks,2026-05-31,25.41
Bajaj Finserv Large Cap Fund,Capital Goods - Electrical Equipment,2026-05-31,3.34
Bajaj Finserv Large Cap Fund,Cement,2026-05-31,3.98
Bajaj Finserv Large Cap Fund,Consumer Durables,2026-05-31,4.25
Bajaj Finserv Large Cap Fund,Crude Oil & Natural Gas,2026-05-31,0.41
Bajaj Finserv Large Cap Fund,Debt Others,2026-05-31,1.97
Bajaj Finserv Large Cap Fund,Diamond Gems and Jewellery,2026-05-31,1.99
Bajaj Finserv Large Cap Fund,E-Commerce/App based Aggregator,2026-05-31,1.23
Bajaj Finserv Large Cap Fund,FMCG,2026-05-31,5.74
Bajaj Finserv Large Cap Fund,Finance,2026-05-31,3.34
Bajaj Finserv Large Cap Fund,Healthcare,2026-05-31,3.5
Bajaj Finserv Large Cap Fund,IT - Software,2026-05-31,2.42
Bajaj Finserv Large Cap Fund,Infrastructure Developers & Operators,2026-05-31,2.07
Bajaj Finserv Large Cap Fund,Marine Port & Services,2026-05-31,1.05
Bajaj Finserv Large Cap Fund,Non Ferrous Metals,2026-05-31,0.41
Bajaj Finserv Large Cap Fund,Paints/Varnish,2026-05-31,3.03
Bajaj Finserv Large Cap Fund,Pharmaceuticals,2026-05-31,7.59
Bajaj Finserv Large Cap Fund,Power Generation & Distribution,2026-05-31,4.04
Bajaj Finserv Large Cap Fund,Refineries,2026-05-31,6.38
Bajaj Finserv Large Cap Fund,Steel,2026-05-31,4.18
Bajaj Finserv Large Cap Fund,Telecom Equipment & Infra Services,2026-05-31,1.12
Bajaj Finserv Large Cap Fund,Telecom-Service,2026-05-31,4.4
Bandhan Large Cap Fund,Aerospace & Defence,2025-08-31,0.38
Bandhan Large Cap Fund,Air Transport Service,2025-08-31,1.47
Bandhan Large Cap Fund,Auto Ancillaries,2025-08-31,1.12
Bandhan Large Cap Fund,Automobile,2025-08-31,5.42
Bandhan Large Cap Fund,Banks,2025-08-31,23.11
Bandhan Large Cap Fund,Capital Goods - Electrical Equipment,2025-08-31,2.78
Bandhan Large Cap Fund,Cement,2025-08-31,0.96
Bandhan Large Cap Fund,Chemicals,2025-08-31,1.24
Bandhan Large Cap Fund,Consumer Durables,2025-08-31,1.16
Bandhan Large Cap Fund,Debt Others,2025-08-31,1.0
Bandhan Large Cap Fund,Derivatives - Index,2025-08-31,0.11
Bandhan Large Cap Fund,Diamond Gems and Jewellery,2025-08-31,0.79
Bandhan Large Cap Fund,E-Commerce/App based Aggregator,2025-08-31,5.83
Bandhan Large Cap Fund,FMCG,2025-08-31,2.91
Bandhan Large Cap Fund,Finance,2025-08-31,3.73
Bandhan Large Cap Fund,Financial Services,2025-08-31,0.92
Bandhan Large Cap Fund,Healthcare,2025-08-31,1.01
Bandhan Large Cap Fund,IT - Software,2025-08-31,8.77
Bandhan Large Cap Fund,Infrastructure Developers & Operators,2025-08-31,2.4
Bandhan Large Cap Fund,Insurance,2025-08-31,1.72
Bandhan Large Cap Fund,Logistics,2025-08-31,0.62
Bandhan Large Cap Fund,Mining & Mineral products,2025-08-31,0.9
Bandhan Large Cap Fund,Miscellaneous,2025-08-31,1.18
Bandhan Large Cap Fund,Paints/Varnish,2025-08-31,0.62
Bandhan Large Cap Fund,Pharmaceuticals,2025-08-31,5.63
Bandhan Large Cap Fund,Power Generation & Distribution,2025-08-31,4.09
Bandhan Large Cap Fund,Readymade Garments/ Apparells,2025-08-31,0.27
Bandhan Large Cap Fund,Realty,2025-08-31,3.01
Bandhan Large Cap Fund,Refineries,2025-08-31,7.24
Bandhan Large Cap Fund,Retail,2025-08-31,2.5
Bandhan Large Cap Fund,Steel,2025-08-31,1.3
Bandhan Large Cap Fund,Telecom-Service,2025-08-31,2.63
Bandhan Large Cap Fund,Textiles,2025-08-31,1.45
Bandhan Large Cap Fund,Tobacco Products,2025-08-31,1.73
Bandhan Large Cap Fund,Aerospace & Defence,2025-09-30,0.41
Bandhan Large Cap Fund,Air Transport Service,2025-09-30,1.28
Bandhan Large Cap Fund,Auto Ancillaries,2025-09-30,1.05
Bandhan Large Cap Fund,Automobile,2025-09-30,6.56
Bandhan Large Cap Fund,Banks,2025-09-30,23.33
Bandhan Large Cap Fund,Capital Goods - Electrical Equipment,2025-09-30,2.87
Bandhan Large Cap Fund,Cement,2025-09-30,0.96
Bandhan Large Cap Fund,Chemicals,2025-09-30,1.12
Bandhan Large Cap Fund,Consumer Durables,2025-09-30,0.86
Bandhan Large Cap Fund,Debt Others,2025-09-30,1.11
Bandhan Large Cap Fund,Derivatives - Index,2025-09-30,0.37
Bandhan Large Cap Fund,Diamond Gems and Jewellery,2025-09-30,0.94
Bandhan Large Cap Fund,E-Commerce/App based Aggregator,2025-09-30,5.66
Bandhan Large Cap Fund,FMCG,2025-09-30,2.85
Bandhan Large Cap Fund,Finance,2025-09-30,3.81
Bandhan Large Cap Fund,Financial Services,2025-09-30,1.08
Bandhan Large Cap Fund,Healthcare,2025-09-30,1.08
Bandhan Large Cap Fund,IT - Software,2025-09-30,8.61
Bandhan Large Cap Fund,Infrastructure Developers & Operators,2025-09-30,2.47
Bandhan Large Cap Fund,Insurance,2025-09-30,1.69
Bandhan Large Cap Fund,Logistics,2025-09-30,1.09
Bandhan Large Cap Fund,Mining & Mineral products,2025-09-30,0.88
Bandhan Large Cap Fund,Miscellaneous,2025-09-30,0.48
Bandhan Large Cap Fund,Paints/Varnish,2025-09-30,1.09
Bandhan Large Cap Fund,Pharmaceuticals,2025-09-30,5.59
Bandhan Large Cap Fund,Power Generation & Distribution,2025-09-30,3.97
Bandhan Large Cap Fund,Readymade Garments/ Apparells,2025-09-30,0.25
Bandhan Large Cap Fund,Realty,2025-09-30,2.95
Bandhan Large Cap Fund,Refineries,2025-09-30,7.19
Bandhan Large Cap Fund,Retail,2025-09-30,1.21
Bandhan Large Cap Fund,Steel,2025-09-30,1.49
Bandhan Large Cap Fund,Telecom-Service,2025-09-30,2.59
Bandhan Large Cap Fund,Textiles,2025-09-30,1.42
Bandhan Large Cap Fund,Tobacco Products,2025-09-30,1.69
Bandhan Large Cap Fund,Aerospace & Defence,2025-10-31,0.41
Bandhan Large Cap Fund,Air Transport Service,2025-10-31,1.22
Bandhan Large Cap Fund,Auto Ancillaries,2025-10-31,1.08
Bandhan Large Cap Fund,Automobile,2025-10-31,6.4
Bandhan Large Cap Fund,Banks,2025-10-31,23.46
Bandhan Large Cap Fund,Capital Goods - Electrical Equipment,2025-10-31,1.79
Bandhan Large Cap Fund,Capital Goods-Non Electrical Equipment,2025-10-31,0.37
Bandhan Large Cap Fund,Cement,2025-10-31,1.07
Bandhan Large Cap Fund,Chemicals,2025-10-31,1.15
Bandhan Large Cap Fund,Consumer Durables,2025-10-31,0.72
Bandhan Large Cap Fund,Debt Others,2025-10-31,0.73
Bandhan Large Cap Fund,Derivatives - Index,2025-10-31,0.35
Bandhan Large Cap Fund,Diamond Gems and Jewellery,2025-10-31,1.35
Bandhan Large Cap Fund,E-Commerce/App based Aggregator,2025-10-31,5.73
Bandhan Large Cap Fund,FMCG,2025-10-31,3.09
Bandhan Large Cap Fund,Finance,2025-10-31,3.77
Bandhan Large Cap Fund,Financial Services,2025-10-31,1.07
Bandhan Large Cap Fund,Healthcare,2025-10-31,1.59
Bandhan Large Cap Fund,IT - Software,2025-10-31,7.82
Bandhan Large Cap Fund,Infrastructure Developers & Operators,2025-10-31,3.28
Bandhan Large Cap Fund,Insurance,2025-10-31,2.06
Bandhan Large Cap Fund,Logistics,2025-10-31,0.89
Bandhan Large Cap Fund,Mining & Mineral products,2025-10-31,1.02
Bandhan Large Cap Fund,Paints/Varnish,2025-10-31,1.04
Bandhan Large Cap Fund,Pharmaceuticals,2025-10-31,5.44
Bandhan Large Cap Fund,Power Generation & Distribution,2025-10-31,3.87
Bandhan Large Cap Fund,Realty,2025-10-31,2.95
Bandhan Large Cap Fund,Refineries,2025-10-31,7.44
Bandhan Large Cap Fund,Retail,2025-10-31,1.27
Bandhan Large Cap Fund,Steel,2025-10-31,1.79
Bandhan Large Cap Fund,Telecom-Service,2025-10-31,2.69
Bandhan Large Cap Fund,Textiles,2025-10-31,1.42
Bandhan Large Cap Fund,Tobacco Products,2025-10-31,1.68
Bandhan Large Cap Fund,Aerospace & Defence,2025-11-30,0.54
Bandhan Large Cap Fund,Air Transport Service,2025-11-30,1.1
Bandhan Large Cap Fund,Auto Ancillaries,2025-11-30,1.14
Bandhan Large Cap Fund,Automobile,2025-11-30,6.41
Bandhan Large Cap Fund,Banks,2025-11-30,23.72
Bandhan Large Cap Fund,Capital Goods - Electrical Equipment,2025-11-30,1.63
Bandhan Large Cap Fund,Capital Goods-Non Electrical Equipment,2025-11-30,0.38
Bandhan Large Cap Fund,Cement,2025-11-30,1.03
Bandhan Large Cap Fund,Chemicals,2025-11-30,1.16
Bandhan Large Cap Fund,Consumer Durables,2025-11-30,0.59
Bandhan Large Cap Fund,Debt Others,2025-11-30,0.26
Bandhan Large Cap Fund,Derivatives - Index,2025-11-30,0.34
Bandhan Large Cap Fund,Diamond Gems and Jewellery,2025-11-30,1.57
Bandhan Large Cap Fund,E-Commerce/App based Aggregator,2025-11-30,5.48
Bandhan Large Cap Fund,FMCG,2025-11-30,3.09
Bandhan Large Cap Fund,Finance,2025-11-30,3.72
Bandhan Large Cap Fund,Financial Services,2025-11-30,1.01
Bandhan Large Cap Fund,Healthcare,2025-11-30,1.71
Bandhan Large Cap Fund,Hotels & Restaurants,2025-11-30,0.51
Bandhan Large Cap Fund,IT - Software,2025-11-30,8.42
Bandhan Large Cap Fund,Infrastructure Developers & Operators,2025-11-30,3.31
Bandhan Large Cap Fund,Insurance,2025-11-30,2.12
Bandhan Large Cap Fund,Mining & Mineral products,2025-11-30,1.22
Bandhan Large Cap Fund,Paints/Varnish,2025-11-30,1.09
Bandhan Large Cap Fund,Pharmaceuticals,2025-11-30,5.84
Bandhan Large Cap Fund,Power Generation & Distribution,2025-11-30,3.88
Bandhan Large Cap Fund,Realty,2025-11-30,2.76
Bandhan Large Cap Fund,Refineries,2025-11-30,7.72
Bandhan Large Cap Fund,Retail,2025-11-30,1.01
Bandhan Large Cap Fund,Steel,2025-11-30,1.64
Bandhan Large Cap Fund,Telecom-Service,2025-11-30,2.7
Bandhan Large Cap Fund,Textiles,2025-11-30,1.32
Bandhan Large Cap Fund,Tobacco Products,2025-11-30,1.59
Bandhan Large Cap Fund,Aerospace & Defence,2025-12-31,0.72
Bandhan Large Cap Fund,Air Transport Service,2025-12-31,0.19
Bandhan Large Cap Fund,Auto Ancillaries,2025-12-31,1.18
Bandhan Large Cap Fund,Automobile,2025-12-31,6.41
Bandhan Large Cap Fund,Banks,2025-12-31,23.81
Bandhan Large Cap Fund,Capital Goods - Electrical Equipment,2025-12-31,1.43
Bandhan Large Cap Fund,Capital Goods-Non Electrical Equipment,2025-12-31,0.37
Bandhan Large Cap Fund,Cement,2025-12-31,1.03
Bandhan Large Cap Fund,Chemicals,2025-12-31,1.1
Bandhan Large Cap Fund,Consumer Durables,2025-12-31,-0.11
Bandhan Large Cap Fund,Debt Others,2025-12-31,0.41
Bandhan Large Cap Fund,Derivatives - Index,2025-12-31,0.34
Bandhan Large Cap Fund,Diamond Gems and Jewellery,2025-12-31,1.7
Bandhan Large Cap Fund,E-Commerce/App based Aggregator,2025-12-31,4.18
Bandhan Large Cap Fund,FMCG,2025-12-31,3.44
Bandhan Large Cap Fund,Finance,2025-12-31,4.6
Bandhan Large Cap Fund,Financial Services,2025-12-31,1.03
Bandhan Large Cap Fund,Healthcare,2025-12-31,1.58
Bandhan Large Cap Fund,Hotels & Restaurants,2025-12-31,0.62
Bandhan Large Cap Fund,IT - Software,2025-12-31,8.99
Bandhan Large Cap Fund,Infrastructure Developers & Operators,2025-12-31,3.31
Bandhan Large Cap Fund,Insurance,2025-12-31,2.29
Bandhan Large Cap Fund,Mining & Mineral products,2025-12-31,1.69
Bandhan Large Cap Fund,Other,2025-12-31,0.01
Bandhan Large Cap Fund,Paints/Varnish,2025-12-31,1.1
Bandhan Large Cap Fund,Pharmaceuticals,2025-12-31,5.53
Bandhan Large Cap Fund,Power Generation & Distribution,2025-12-31,3.89
Bandhan Large Cap Fund,Realty,2025-12-31,2.59
Bandhan Large Cap Fund,Refineries,2025-12-31,7.7
Bandhan Large Cap Fund,Retail,2025-12-31,1.4
Bandhan Large Cap Fund,Steel,2025-12-31,1.32
Bandhan Large Cap Fund,Telecom-Service,2025-12-31,2.7
Bandhan Large Cap Fund,Textiles,2025-12-31,1.36
Bandhan Large Cap Fund,Tobacco Products,2025-12-31,1.6
Bandhan Large Cap Fund,Aerospace & Defence,2026-01-31,1.04
Bandhan Large Cap Fund,Auto Ancillaries,2026-01-31,1.16
Bandhan Large Cap Fund,Automobile,2026-01-31,6.07
Bandhan Large Cap Fund,Banks,2026-01-31,25.4
Bandhan Large Cap Fund,Capital Goods - Electrical Equipment,2026-01-31,1.51
Bandhan Large Cap Fund,Capital Goods-Non Electrical Equipment,2026-01-31,0.35
Bandhan Large Cap Fund,Cement,2026-01-31,1.31
Bandhan Large Cap Fund,Chemicals,2026-01-31,1.21
Bandhan Large Cap Fund,Consumer Durables,2026-01-31,0.68
Bandhan Large Cap Fund,Debt Others,2026-01-31,0.2
Bandhan Large Cap Fund,Derivatives - Index,2026-01-31,0.35
Bandhan Large Cap Fund,Diamond Gems and Jewellery,2026-01-31,1.7
Bandhan Large Cap Fund,E-Commerce/App based Aggregator,2026-01-31,3.54
Bandhan Large Cap Fund,FMCG,2026-01-31,3.54
Bandhan Large Cap Fund,Finance,2026-01-31,4.54
Bandhan Large Cap Fund,Financial Services,2026-01-31,1.01
Bandhan Large Cap Fund,Healthcare,2026-01-31,1.66
Bandhan Large Cap Fund,Hotels & Restaurants,2026-01-31,0.8
Bandhan Large Cap Fund,IT - Software,2026-01-31,9.11
Bandhan Large Cap Fund,Infrastructure Developers & Operators,2026-01-31,3.22
Bandhan Large Cap Fund,Insurance,2026-01-31,2.41
Bandhan Large Cap Fund,Mining & Mineral products,2026-01-31,2.21
Bandhan Large Cap Fund,Paints/Varnish,2026-01-31,0.89
Bandhan Large Cap Fund,Pharmaceuticals,2026-01-31,5.42
Bandhan Large Cap Fund,Power Generation & Distribution,2026-01-31,4.2
Bandhan Large Cap Fund,Realty,2026-01-31,1.29
Bandhan Large Cap Fund,Refineries,2026-01-31,6.3
Bandhan Large Cap Fund,Retail,2026-01-31,1.32
Bandhan Large Cap Fund,Steel,2026-01-31,1.54
Bandhan Large Cap Fund,Telecom-Service,2026-01-31,3.14
Bandhan Large Cap Fund,Textiles,2026-01-31,1.58
Bandhan Large Cap Fund,Tobacco Products,2026-01-31,1.3
Bandhan Large Cap Fund,Aerospace & Defence,2026-02-28,1.11
Bandhan Large Cap Fund,Auto Ancillaries,2026-02-28,1.17
Bandhan Large Cap Fund,Automobile,2026-02-28,6.12
Bandhan Large Cap Fund,Banks,2026-02-28,25.57
Bandhan Large Cap Fund,Capital Goods - Electrical Equipment,2026-02-28,1.3
Bandhan Large Cap Fund,Capital Goods-Non Electrical Equipment,2026-02-28,0.81
Bandhan Large Cap Fund,Cement,2026-02-28,1.28
Bandhan Large Cap Fund,Chemicals,2026-02-28,1.18
Bandhan Large Cap Fund,Consumer Durables,2026-02-28,0.64
Bandhan Large Cap Fund,Debt Others,2026-02-28,1.16
Bandhan Large Cap Fund,Derivatives - Index,2026-02-28,0.35
Bandhan Large Cap Fund,Diamond Gems and Jewellery,2026-02-28,1.83
Bandhan Large Cap Fund,E-Commerce/App based Aggregator,2026-02-28,3.08
Bandhan Large Cap Fund,FMCG,2026-02-28,3.48
Bandhan Large Cap Fund,Finance,2026-02-28,4.87
Bandhan Large Cap Fund,Financial Services,2026-02-28,0.64
Bandhan Large Cap Fund,Healthcare,2026-02-28,1.49
Bandhan Large Cap Fund,Hotels & Restaurants,2026-02-28,0.84
Bandhan Large Cap Fund,IT - Software,2026-02-28,7.3
Bandhan Large Cap Fund,Infrastructure Developers & Operators,2026-02-28,3.54
Bandhan Large Cap Fund,Insurance,2026-02-28,2.21
Bandhan Large Cap Fund,Mining & Mineral products,2026-02-28,2.54
Bandhan Large Cap Fund,Paints/Varnish,2026-02-28,0.79
Bandhan Large Cap Fund,Pharmaceuticals,2026-02-28,5.58
Bandhan Large Cap Fund,Power Generation & Distribution,2026-02-28,4.29
Bandhan Large Cap Fund,Realty,2026-02-28,1.36
Bandhan Large Cap Fund,Refineries,2026-02-28,6.39
Bandhan Large Cap Fund,Retail,2026-02-28,1.28
Bandhan Large Cap Fund,Steel,2026-02-28,2.05
Bandhan Large Cap Fund,Telecom-Service,2026-02-28,3.03
Bandhan Large Cap Fund,Textiles,2026-02-28,1.53
Bandhan Large Cap Fund,Tobacco Products,2026-02-28,1.19
Bandhan Large Cap Fund,Aerospace & Defence,2026-03-31,1.11
Bandhan Large Cap Fund,Auto Ancillaries,2026-03-31,0.95
Bandhan Large Cap Fund,Automobile,2026-03-31,6.06
Bandhan Large Cap Fund,Banks,2026-03-31,24.74
Bandhan Large Cap Fund,Capital Goods - Electrical Equipment,2026-03-31,1.22
Bandhan Large Cap Fund,Capital Goods-Non Electrical Equipment,2026-03-31,0.83
Bandhan Large Cap Fund,Cement,2026-03-31,1.28
Bandhan Large Cap Fund,Chemicals,2026-03-31,1.67
Bandhan Large Cap Fund,Consumer Durables,2026-03-31,0.8
Bandhan Large Cap Fund,Crude Oil & Natural Gas,2026-03-31,0.43
Bandhan Large Cap Fund,Debt Others,2026-03-31,0.62
Bandhan Large Cap Fund,Derivatives - Index,2026-03-31,0.38
Bandhan Large Cap Fund,Diamond Gems and Jewellery,2026-03-31,1.87
Bandhan Large Cap Fund,E-Commerce/App based Aggregator,2026-03-31,3.44
Bandhan Large Cap Fund,FMCG,2026-03-31,2.52
Bandhan Large Cap Fund,Finance,2026-03-31,4.54
Bandhan Large Cap Fund,Financial Services,2026-03-31,0.65
Bandhan Large Cap Fund,Healthcare,2026-03-31,1.7
Bandhan Large Cap Fund,Hotels & Restaurants,2026-03-31,0.86
Bandhan Large Cap Fund,IT - Software,2026-03-31,7.71
Bandhan Large Cap Fund,Infrastructure Developers & Operators,2026-03-31,2.96
Bandhan Large Cap Fund,Insurance,2026-03-31,2.11
Bandhan Large Cap Fund,Marine Port & Services,2026-03-31,0.6
Bandhan Large Cap Fund,Non Ferrous Metals,2026-03-31,2.42
Bandhan Large Cap Fund,Paints/Varnish,2026-03-31,0.72
Bandhan Large Cap Fund,Pharmaceuticals,2026-03-31,5.35
Bandhan Large Cap Fund,Power Generation & Distribution,2026-03-31,4.62
Bandhan Large Cap Fund,Realty,2026-03-31,1.34
Bandhan Large Cap Fund,Refineries,2026-03-31,6.84
Bandhan Large Cap Fund,Retail,2026-03-31,1.96
Bandhan Large Cap Fund,Steel,2026-03-31,2.02
Bandhan Large Cap Fund,Telecom-Service,2026-03-31,3.29
Bandhan Large Cap Fund,Textiles,2026-03-31,1.18
Bandhan Large Cap Fund,Tobacco Products,2026-03-31,1.21
Bandhan Large Cap Fund,Aerospace & Defence,2026-04-30,1.43
Bandhan Large Cap Fund,Auto Ancillaries,2026-04-30,1.08
Bandhan Large Cap Fund,Automobile,2026-04-30,5.78
Bandhan Large Cap Fund,Banks,2026-04-30,24.07
Bandhan Large Cap Fund,Capital Goods - Electrical Equipment,2026-04-30,0.89
Bandhan Large Cap Fund,Capital Goods-Non Electrical Equipment,2026-04-30,1.08
Bandhan Large Cap Fund,Cement,2026-04-30,1.24
Bandhan Large Cap Fund,Chemicals,2026-04-30,1.69
Bandhan Large Cap Fund,Consumer Durables,2026-04-30,0.94
Bandhan Large Cap Fund,Crude Oil & Natural Gas,2026-04-30,0.04
Bandhan Large Cap Fund,Debt Others,2026-04-30,-0.09
Bandhan Large Cap Fund,Derivatives - Index,2026-04-30,0.1
Bandhan Large Cap Fund,Diamond Gems and Jewellery,2026-04-30,2.1
Bandhan Large Cap Fund,E-Commerce/App based Aggregator,2026-04-30,3.51
Bandhan Large Cap Fund,FMCG,2026-04-30,2.82
Bandhan Large Cap Fund,Finance,2026-04-30,4.56
Bandhan Large Cap Fund,Financial Services,2026-04-30,0.54
Bandhan Large Cap Fund,Healthcare,2026-04-30,1.76
Bandhan Large Cap Fund,Hotels & Restaurants,2026-04-30,1.05
Bandhan Large Cap Fund,IT - Software,2026-04-30,6.7
Bandhan Large Cap Fund,Infrastructure Developers & Operators,2026-04-30,3.3
Bandhan Large Cap Fund,Insurance,2026-04-30,1.95
Bandhan Large Cap Fund,Marine Port & Services,2026-04-30,1.02
Bandhan Large Cap Fund,Non Ferrous Metals,2026-04-30,0.88
Bandhan Large Cap Fund,Other,2026-04-30,1.56
Bandhan Large Cap Fund,Paints/Varnish,2026-04-30,0.71
Bandhan Large Cap Fund,Pharmaceuticals,2026-04-30,5.67
Bandhan Large Cap Fund,Power Generation & Distribution,2026-04-30,4.66
Bandhan Large Cap Fund,Realty,2026-04-30,1.84
Bandhan Large Cap Fund,Refineries,2026-04-30,6.78
Bandhan Large Cap Fund,Retail,2026-04-30,2.36
Bandhan Large Cap Fund,Steel,2026-04-30,2.13
Bandhan Large Cap Fund,Telecom-Service,2026-04-30,3.13
Bandhan Large Cap Fund,Textiles,2026-04-30,1.16
Bandhan Large Cap Fund,Tobacco Products,2026-04-30,1.25
Bandhan Large Cap Fund,Trading,2026-04-30,0.31
Bandhan Large Cap Fund,Aerospace & Defence,2026-05-31,1.42
Bandhan Large Cap Fund,Auto Ancillaries,2026-05-31,1.29
Bandhan Large Cap Fund,Automobile,2026-05-31,5.73
Bandhan Large Cap Fund,Banks,2026-05-31,24.17
Bandhan Large Cap Fund,Capital Goods - Electrical Equipment,2026-05-31,0.78
Bandhan Large Cap Fund,Capital Goods-Non Electrical Equipment,2026-05-31,1.18
Bandhan Large Cap Fund,Cement,2026-05-31,0.98
Bandhan Large Cap Fund,Chemicals,2026-05-31,1.69
Bandhan Large Cap Fund,Consumer Durables,2026-05-31,0.91
Bandhan Large Cap Fund,Crude Oil & Natural Gas,2026-05-31,0.39
Bandhan Large Cap Fund,Debt Others,2026-05-31,0.34
Bandhan Large Cap Fund,Derivatives - Index,2026-05-31,0.1
Bandhan Large Cap Fund,Diamond Gems and Jewellery,2026-05-31,1.95
Bandhan Large Cap Fund,E-Commerce/App based Aggregator,2026-05-31,3.47
Bandhan Large Cap Fund,FMCG,2026-05-31,2.83
Bandhan Large Cap Fund,Finance,2026-05-31,4.85
Bandhan Large Cap Fund,Financial Services,2026-05-31,0.54
Bandhan Large Cap Fund,Healthcare,2026-05-31,1.45
Bandhan Large Cap Fund,Hotels & Restaurants,2026-05-31,1.07
Bandhan Large Cap Fund,IT - Software,2026-05-31,6.67
Bandhan Large Cap Fund,Infrastructure Developers & Operators,2026-05-31,3.33
Bandhan Large Cap Fund,Insurance,2026-05-31,1.94
Bandhan Large Cap Fund,Marine Port & Services,2026-05-31,1.1
Bandhan Large Cap Fund,Non Ferrous Metals,2026-05-31,1.03
Bandhan Large Cap Fund,Paints/Varnish,2026-05-31,0.7
Bandhan Large Cap Fund,Pharmaceuticals,2026-05-31,5.62
Bandhan Large Cap Fund,Power Generation & Distribution,2026-05-31,5.0
Bandhan Large Cap Fund,Realty,2026-05-31,1.8
Bandhan Large Cap Fund,Refineries,2026-05-31,6.25
Bandhan Large Cap Fund,Retail,2026-05-31,2.37
Bandhan Large Cap Fund,Steel,2026-05-31,2.53
Bandhan Large Cap Fund,Stock/ Commodity Brokers,2026-05-31,0.39
Bandhan Large Cap Fund,Telecom-Service,2026-05-31,3.01
Bandhan Large Cap Fund,Textiles,2026-05-31,1.37
Bandhan Large Cap Fund,Tobacco Products,2026-05-31,1.13
Bandhan Large Cap Fund,Trading,2026-05-31,0.62
Bank of India Large Cap Fund,Aerospace & Defence,2025-08-31,4.23
Bank of India Large Cap Fund,Air Transport Service,2025-08-31,1.44
Bank of India Large Cap Fund,Auto Ancillaries,2025-08-31,1.21
Bank of India Large Cap Fund,Automobile,2025-08-31,3.97
Bank of India Large Cap Fund,Banks,2025-08-31,19.11
Bank of India Large Cap Fund,Capital Goods - Electrical Equipment,2025-08-31,3.77
Bank of India Large Cap Fund,Capital Goods-Non Electrical Equipment,2025-08-31,0.88
Bank of India Large Cap Fund,Cement,2025-08-31,2.76
Bank of India Large Cap Fund,Chemicals,2025-08-31,0.69
Bank of India Large Cap Fund,Consumer Durables,2025-08-31,0.77
Bank of India Large Cap Fund,Debt Others,2025-08-31,1.87
Bank of India Large Cap Fund,Diamond Gems and Jewellery,2025-08-31,3.52
Bank of India Large Cap Fund,E-Commerce/App based Aggregator,2025-08-31,2.56
Bank of India Large Cap Fund,Finance,2025-08-31,7.27
Bank of India Large Cap Fund,IT - Software,2025-08-31,9.91
Bank of India Large Cap Fund,Infrastructure Developers & Operators,2025-08-31,1.41
Bank of India Large Cap Fund,Insurance,2025-08-31,1.18
Bank of India Large Cap Fund,Marine Port & Services,2025-08-31,3.02
Bank of India Large Cap Fund,Mining & Mineral products,2025-08-31,2.84
Bank of India Large Cap Fund,Pharmaceuticals,2025-08-31,5.09
Bank of India Large Cap Fund,Power Generation & Distribution,2025-08-31,8.14
Bank of India Large Cap Fund,Refineries,2025-08-31,3.73
Bank of India Large Cap Fund,Retail,2025-08-31,0.5
Bank of India Large Cap Fund,Steel,2025-08-31,4.11
Bank of India Large Cap Fund,Sugar,2025-08-31,0.47
Bank of India Large Cap Fund,T Bills,2025-08-31,0.02
Bank of India Large Cap Fund,Telecom-Service,2025-08-31,2.46
Bank of India Large Cap Fund,Tobacco Products,2025-08-31,3.07
Bank of India Large Cap Fund,Aerospace & Defence,2025-09-30,4.45
Bank of India Large Cap Fund,Air Transport Service,2025-09-30,1.41
Bank of India Large Cap Fund,Auto Ancillaries,2025-09-30,1.22
Bank of India Large Cap Fund,Automobile,2025-09-30,4.49
Bank of India Large Cap Fund,Banks,2025-09-30,19.47
Bank of India Large Cap Fund,Capital Goods - Electrical Equipment,2025-09-30,4.32
Bank of India Large Cap Fund,Capital Goods-Non Electrical Equipment,2025-09-30,0.78
Bank of India Large Cap Fund,Cement,2025-09-30,2.76
Bank of India Large Cap Fund,Chemicals,2025-09-30,0.65
Bank of India Large Cap Fund,Consumer Durables,2025-09-30,0.87
Bank of India Large Cap Fund,Debt Others,2025-09-30,2.31
Bank of India Large Cap Fund,Diamond Gems and Jewellery,2025-09-30,3.2
Bank of India Large Cap Fund,E-Commerce/App based Aggregator,2025-09-30,2.61
Bank of India Large Cap Fund,Engineering,2025-09-30,0.09
Bank of India Large Cap Fund,Finance,2025-09-30,7.44
Bank of India Large Cap Fund,IT - Software,2025-09-30,7.63
Bank of India Large Cap Fund,Infrastructure Developers & Operators,2025-09-30,1.42
Bank of India Large Cap Fund,Insurance,2025-09-30,1.16
Bank of India Large Cap Fund,Marine Port & Services,2025-09-30,3.53
Bank of India Large Cap Fund,Mining & Mineral products,2025-09-30,3.1
Bank of India Large Cap Fund,Pharmaceuticals,2025-09-30,3.94
Bank of India Large Cap Fund,Power Generation & Distribution,2025-09-30,7.42
Bank of India Large Cap Fund,Refineries,2025-09-30,3.7
Bank of India Large Cap Fund,Retail,2025-09-30,0.65
Bank of India Large Cap Fund,Steel,2025-09-30,5.59
Bank of India Large Cap Fund,Sugar,2025-09-30,0.39
Bank of India Large Cap Fund,T Bills,2025-09-30,0.02
Bank of India Large Cap Fund,Telecom-Service,2025-09-30,2.41
Bank of India Large Cap Fund,Tobacco Products,2025-09-30,2.97
Bank of India Large Cap Fund,Aerospace & Defence,2025-10-31,4.41
Bank of India Large Cap Fund,Alcoholic Beverages,2025-10-31,2.0
Bank of India Large Cap Fund,Auto Ancillaries,2025-10-31,1.39
Bank of India Large Cap Fund,Automobile,2025-10-31,5.6
Bank of India Large Cap Fund,Banks,2025-10-31,20.75
Bank of India Large Cap Fund,Capital Goods - Electrical Equipment,2025-10-31,4.69
Bank of India Large Cap Fund,Capital Goods-Non Electrical Equipment,2025-10-31,0.76
Bank of India Large Cap Fund,Cement,2025-10-31,2.67
Bank of India Large Cap Fund,Chemicals,2025-10-31,0.38
Bank of India Large Cap Fund,Consumer Durables,2025-10-31,0.81
Bank of India Large Cap Fund,Debt Others,2025-10-31,0.78
Bank of India Large Cap Fund,Diamond Gems and Jewellery,2025-10-31,3.75
Bank of India Large Cap Fund,E-Commerce/App based Aggregator,2025-10-31,2.53
Bank of India Large Cap Fund,Engineering,2025-10-31,0.09
Bank of India Large Cap Fund,FMCG,2025-10-31,1.4
Bank of India Large Cap Fund,Finance,2025-10-31,5.02
Bank of India Large Cap Fund,IT - Software,2025-10-31,7.63
Bank of India Large Cap Fund,Infrastructure Developers & Operators,2025-10-31,2.23
Bank of India Large Cap Fund,Insurance,2025-10-31,1.23
Bank of India Large Cap Fund,Marine Port & Services,2025-10-31,3.56
Bank of India Large Cap Fund,Mining & Mineral products,2025-10-31,3.21
Bank of India Large Cap Fund,Pharmaceuticals,2025-10-31,2.88
Bank of India Large Cap Fund,Plywood Boards/Laminates,2025-10-31,0.49
Bank of India Large Cap Fund,Power Generation & Distribution,2025-10-31,4.74
Bank of India Large Cap Fund,Refineries,2025-10-31,3.93
Bank of India Large Cap Fund,Retail,2025-10-31,0.63
Bank of India Large Cap Fund,Steel,2025-10-31,6.25
Bank of India Large Cap Fund,Sugar,2025-10-31,0.39
Bank of India Large Cap Fund,T Bills,2025-10-31,0.02
Bank of India Large Cap Fund,Telecom-Service,2025-10-31,2.57
Bank of India Large Cap Fund,Tobacco Products,2025-10-31,3.03
Bank of India Large Cap Fund,Tyres,2025-10-31,0.18
Bank of India Large Cap Fund,Aerospace & Defence,2025-11-30,4.27
Bank of India Large Cap Fund,Alcoholic Beverages,2025-11-30,2.13
Bank of India Large Cap Fund,Auto Ancillaries,2025-11-30,1.12
Bank of India Large Cap Fund,Automobile,2025-11-30,5.41
Bank of India Large Cap Fund,Banks,2025-11-30,23.55
Bank of India Large Cap Fund,Capital Goods - Electrical Equipment,2025-11-30,3.34
Bank of India Large Cap Fund,Capital Goods-Non Electrical Equipment,2025-11-30,0.47
Bank of India Large Cap Fund,Cement,2025-11-30,2.59
Bank of India Large Cap Fund,Chemicals,2025-11-30,0.25
Bank of India Large Cap Fund,Consumer Durables,2025-11-30,0.66
Bank of India Large Cap Fund,Debt Others,2025-11-30,0.64
Bank of India Large Cap Fund,Diamond Gems and Jewellery,2025-11-30,3.5
Bank of India Large Cap Fund,E-Commerce/App based Aggregator,2025-11-30,1.56
Bank of India Large Cap Fund,Engineering,2025-11-30,0.09
Bank of India Large Cap Fund,FMCG,2025-11-30,1.4
Bank of India Large Cap Fund,Finance,2025-11-30,5.54
Bank of India Large Cap Fund,IT - Software,2025-11-30,8.2
Bank of India Large Cap Fund,Infrastructure Developers & Operators,2025-11-30,2.59
Bank of India Large Cap Fund,Insurance,2025-11-30,1.24
Bank of India Large Cap Fund,Marine Port & Services,2025-11-30,3.71
Bank of India Large Cap Fund,Mining & Mineral products,2025-11-30,3.41
Bank of India Large Cap Fund,Pharmaceuticals,2025-11-30,2.75
Bank of India Large Cap Fund,Plywood Boards/Laminates,2025-11-30,0.5
Bank of India Large Cap Fund,Power Generation & Distribution,2025-11-30,4.5
Bank of India Large Cap Fund,Refineries,2025-11-30,4.14
Bank of India Large Cap Fund,Steel,2025-11-30,5.83
Bank of India Large Cap Fund,Sugar,2025-11-30,0.38
Bank of India Large Cap Fund,T Bills,2025-11-30,0.02
Bank of India Large Cap Fund,Telecom-Service,2025-11-30,2.62
Bank of India Large Cap Fund,Tobacco Products,2025-11-30,2.91
Bank of India Large Cap Fund,Tyres,2025-11-30,0.68
Bank of India Large Cap Fund,Aerospace & Defence,2025-12-31,3.65
Bank of India Large Cap Fund,Alcoholic Beverages,2025-12-31,2.1
Bank of India Large Cap Fund,Auto Ancillaries,2025-12-31,1.09
Bank of India Large Cap Fund,Automobile,2025-12-31,6.25
Bank of India Large Cap Fund,Banks,2025-12-31,23.24
Bank of India Large Cap Fund,Capital Goods - Electrical Equipment,2025-12-31,3.12
Bank of India Large Cap Fund,Capital Goods-Non Electrical Equipment,2025-12-31,0.5
Bank of India Large Cap Fund,Cement,2025-12-31,2.6
Bank of India Large Cap Fund,Chemicals,2025-12-31,0.25
Bank of India Large Cap Fund,Debt Others,2025-12-31,0.52
Bank of India Large Cap Fund,Diamond Gems and Jewellery,2025-12-31,3.33
Bank of India Large Cap Fund,E-Commerce/App based Aggregator,2025-12-31,1.03
Bank of India Large Cap Fund,Engineering,2025-12-31,0.09
Bank of India Large Cap Fund,FMCG,2025-12-31,1.44
Bank of India Large Cap Fund,Finance,2025-12-31,5.44
Bank of India Large Cap Fund,Healthcare,2025-12-31,0.99
Bank of India Large Cap Fund,IT - Software,2025-12-31,9.53
Bank of India Large Cap Fund,Infrastructure Developers & Operators,2025-12-31,2.58
Bank of India Large Cap Fund,Insurance,2025-12-31,1.27
Bank of India Large Cap Fund,Marine Port & Services,2025-12-31,3.58
Bank of India Large Cap Fund,Mining & Mineral products,2025-12-31,4.18
Bank of India Large Cap Fund,Pharmaceuticals,2025-12-31,2.76
Bank of India Large Cap Fund,Plywood Boards/Laminates,2025-12-31,0.8
Bank of India Large Cap Fund,Power Generation & Distribution,2025-12-31,3.12
Bank of India Large Cap Fund,Refineries,2025-12-31,4.12
Bank of India Large Cap Fund,Steel,2025-12-31,5.94
Bank of India Large Cap Fund,Sugar,2025-12-31,0.37
Bank of India Large Cap Fund,T Bills,2025-12-31,0.02
Bank of India Large Cap Fund,Telecom-Service,2025-12-31,2.61
Bank of India Large Cap Fund,Tobacco Products,2025-12-31,2.88
Bank of India Large Cap Fund,Tyres,2025-12-31,0.6
Bank of India Large Cap Fund,Aerospace & Defence,2026-01-31,4.02
Bank of India Large Cap Fund,Alcoholic Beverages,2026-01-31,2.01
Bank of India Large Cap Fund,Auto Ancillaries,2026-01-31,1.02
Bank of India Large Cap Fund,Automobile,2026-01-31,5.02
Bank of India Large Cap Fund,Banks,2026-01-31,24.57
Bank of India Large Cap Fund,Capital Goods - Electrical Equipment,2026-01-31,2.41
Bank of India Large Cap Fund,Capital Goods-Non Electrical Equipment,2026-01-31,0.43
Bank of India Large Cap Fund,Cement,2026-01-31,2.42
Bank of India Large Cap Fund,Chemicals,2026-01-31,0.24
Bank of India Large Cap Fund,Debt Others,2026-01-31,4.24
Bank of India Large Cap Fund,Diamond Gems and Jewellery,2026-01-31,3.3
Bank of India Large Cap Fund,E-Commerce/App based Aggregator,2026-01-31,0.52
Bank of India Large Cap Fund,FMCG,2026-01-31,1.56
Bank of India Large Cap Fund,Finance,2026-01-31,5.96
Bank of India Large Cap Fund,Healthcare,2026-01-31,1.09
Bank of India Large Cap Fund,IT - Software,2026-01-31,10.27
Bank of India Large Cap Fund,Infrastructure Developers & Operators,2026-01-31,1.9
Bank of India Large Cap Fund,Insurance,2026-01-31,1.27
Bank of India Large Cap Fund,Marine Port & Services,2026-01-31,3.5
Bank of India Large Cap Fund,Mining & Mineral products,2026-01-31,2.93
Bank of India Large Cap Fund,Pharmaceuticals,2026-01-31,2.68
Bank of India Large Cap Fund,Plywood Boards/Laminates,2026-01-31,0.8
Bank of India Large Cap Fund,Power Generation & Distribution,2026-01-31,3.14
Bank of India Large Cap Fund,Refineries,2026-01-31,3.71
Bank of India Large Cap Fund,Steel,2026-01-31,5.51
Bank of India Large Cap Fund,Sugar,2026-01-31,0.36
Bank of India Large Cap Fund,T Bills,2026-01-31,0.02
Bank of India Large Cap Fund,Telecom-Service,2026-01-31,2.48
Bank of India Large Cap Fund,Tobacco Products,2026-01-31,2.03
Bank of India Large Cap Fund,Tyres,2026-01-31,0.59
Bank of India Large Cap Fund,Aerospace & Defence,2026-02-28,4.14
Bank of India Large Cap Fund,Alcoholic Beverages,2026-02-28,1.99
Bank of India Large Cap Fund,Auto Ancillaries,2026-02-28,1.07
Bank of India Large Cap Fund,Automobile,2026-02-28,4.93
Bank of India Large Cap Fund,Banks,2026-02-28,24.54
Bank of India Large Cap Fund,Capital Goods - Electrical Equipment,2026-02-28,2.72
Bank of India Large Cap Fund,Cement,2026-02-28,2.32
Bank of India Large Cap Fund,Chemicals,2026-02-28,0.25
Bank of India Large Cap Fund,Debt Others,2026-02-28,3.58
Bank of India Large Cap Fund,Diamond Gems and Jewellery,2026-02-28,3.5
Bank of India Large Cap Fund,E-Commerce/App based Aggregator,2026-02-28,0.56
Bank of India Large Cap Fund,FMCG,2026-02-28,3.0
Bank of India Large Cap Fund,Finance,2026-02-28,7.26
Bank of India Large Cap Fund,Healthcare,2026-02-28,2.4
Bank of India Large Cap Fund,IT - Software,2026-02-28,7.47
Bank of India Large Cap Fund,Infrastructure Developers & Operators,2026-02-28,2.02
Bank of India Large Cap Fund,Insurance,2026-02-28,1.36
Bank of India Large Cap Fund,Marine Port & Services,2026-02-28,3.67
Bank of India Large Cap Fund,Mining & Mineral products,2026-02-28,2.0
Bank of India Large Cap Fund,Pharmaceuticals,2026-02-28,2.92
Bank of India Large Cap Fund,Plywood Boards/Laminates,2026-02-28,0.79
Bank of India Large Cap Fund,Power Generation & Distribution,2026-02-28,3.41
Bank of India Large Cap Fund,Refineries,2026-02-28,3.62
Bank of India Large Cap Fund,Steel,2026-02-28,5.27
Bank of India Large Cap Fund,Sugar,2026-02-28,0.39
Bank of India Large Cap Fund,T Bills,2026-02-28,0.02
Bank of India Large Cap Fund,Telecom-Service,2026-02-28,2.31
Bank of India Large Cap Fund,Tobacco Products,2026-02-28,1.93
Bank of India Large Cap Fund,Tyres,2026-02-28,0.56
Bank of India Large Cap Fund,Aerospace & Defence,2026-03-31,5.28
Bank of India Large Cap Fund,Auto Ancillaries,2026-03-31,1.0
Bank of India Large Cap Fund,Automobile,2026-03-31,5.48
Bank of India Large Cap Fund,Banks,2026-03-31,24.04
Bank of India Large Cap Fund,Capital Goods - Electrical Equipment,2026-03-31,2.85
Bank of India Large Cap Fund,Cement,2026-03-31,2.09
Bank of India Large Cap Fund,Chemicals,2026-03-31,0.24
Bank of India Large Cap Fund,Debt Others,2026-03-31,2.07
Bank of India Large Cap Fund,Diamond Gems and Jewellery,2026-03-31,3.54
Bank of India Large Cap Fund,FMCG,2026-03-31,3.03
Bank of India Large Cap Fund,Finance,2026-03-31,8.11
Bank of India Large Cap Fund,Healthcare,2026-03-31,2.78
Bank of India Large Cap Fund,IT - Software,2026-03-31,7.09
Bank of India Large Cap Fund,Infrastructure Developers & Operators,2026-03-31,1.86
Bank of India Large Cap Fund,Insurance,2026-03-31,1.33
Bank of India Large Cap Fund,Marine Port & Services,2026-03-31,3.56
Bank of India Large Cap Fund,Non Ferrous Metals,2026-03-31,3.62
Bank of India Large Cap Fund,Pharmaceuticals,2026-03-31,3.2
Bank of India Large Cap Fund,Plywood Boards/Laminates,2026-03-31,0.86
Bank of India Large Cap Fund,Power Generation & Distribution,2026-03-31,3.61
Bank of India Large Cap Fund,Refineries,2026-03-31,3.93
Bank of India Large Cap Fund,Steel,2026-03-31,4.53
Bank of India Large Cap Fund,Sugar,2026-03-31,0.91
Bank of India Large Cap Fund,T Bills,2026-03-31,0.03
Bank of India Large Cap Fund,Telecom-Service,2026-03-31,2.46
Bank of India Large Cap Fund,Tobacco Products,2026-03-31,1.99
Bank of India Large Cap Fund,Tyres,2026-03-31,0.51
Bank of India Large Cap Fund,Aerospace & Defence,2026-04-30,5.85
Bank of India Large Cap Fund,Automobile,2026-04-30,6.04
Bank of India Large Cap Fund,Banks,2026-04-30,22.06
Bank of India Large Cap Fund,Capital Goods - Electrical Equipment,2026-04-30,4.03
Bank of India Large Cap Fund,Cement,2026-04-30,2.05
Bank of India Large Cap Fund,Chemicals,2026-04-30,0.23
Bank of India Large Cap Fund,Debt Others,2026-04-30,2.6
Bank of India Large Cap Fund,Diamond Gems and Jewellery,2026-04-30,3.16
Bank of India Large Cap Fund,FMCG,2026-04-30,3.46
Bank of India Large Cap Fund,Finance,2026-04-30,11.3
Bank of India Large Cap Fund,Healthcare,2026-04-30,2.53
Bank of India Large Cap Fund,IT - Software,2026-04-30,3.18
Bank of India Large Cap Fund,Infrastructure Developers & Operators,2026-04-30,1.89
Bank of India Large Cap Fund,Insurance,2026-04-30,1.21
Bank of India Large Cap Fund,Marine Port & Services,2026-04-30,3.98
Bank of India Large Cap Fund,Non Ferrous Metals,2026-04-30,1.46
Bank of India Large Cap Fund,Other,2026-04-30,2.59
Bank of India Large Cap Fund,Pharmaceuticals,2026-04-30,2.99
Bank of India Large Cap Fund,Plywood Boards/Laminates,2026-04-30,0.79
Bank of India Large Cap Fund,Power Generation & Distribution,2026-04-30,4.37
Bank of India Large Cap Fund,Refineries,2026-04-30,4.11
Bank of India Large Cap Fund,Steel,2026-04-30,4.46
Bank of India Large Cap Fund,Sugar,2026-04-30,0.85
Bank of India Large Cap Fund,T Bills,2026-04-30,0.02
Bank of India Large Cap Fund,Telecom-Service,2026-04-30,2.31
Bank of India Large Cap Fund,Tobacco Products,2026-04-30,1.93
Bank of India Large Cap Fund,Tyres,2026-04-30,0.55
Bank of India Large Cap Fund,Aerospace & Defence,2026-05-31,6.32
Bank of India Large Cap Fund,Auto Ancillaries,2026-05-31,1.03
Bank of India Large Cap Fund,Automobile,2026-05-31,3.63
Bank of India Large Cap Fund,Banks,2026-05-31,21.27
Bank of India Large Cap Fund,Capital Goods - Electrical Equipment,2026-05-31,3.8
Bank of India Large Cap Fund,Cement,2026-05-31,2.06
Bank of India Large Cap Fund,Chemicals,2026-05-31,0.24
Bank of India Large Cap Fund,Crude Oil & Natural Gas,2026-05-31,0.43
Bank of India Large Cap Fund,Debt Others,2026-05-31,2.99
Bank of India Large Cap Fund,Diamond Gems and Jewellery,2026-05-31,3.32
Bank of India Large Cap Fund,E-Commerce/App based Aggregator,2026-05-31,0.9
Bank of India Large Cap Fund,FMCG,2026-05-31,2.91
Bank of India Large Cap Fund,Finance,2026-05-31,9.59
Bank of India Large Cap Fund,Financial Services,2026-05-31,0.97
Bank of India Large Cap Fund,Healthcare,2026-05-31,3.01
Bank of India Large Cap Fund,IT - Software,2026-05-31,3.37
Bank of India Large Cap Fund,Infrastructure Developers & Operators,2026-05-31,1.91
Bank of India Large Cap Fund,Insurance,2026-05-31,1.21
Bank of India Large Cap Fund,Marine Port & Services,2026-05-31,4.32
Bank of India Large Cap Fund,Non Ferrous Metals,2026-05-31,3.89
Bank of India Large Cap Fund,Pharmaceuticals,2026-05-31,3.87
Bank of India Large Cap Fund,Plywood Boards/Laminates,2026-05-31,1.39
Bank of India Large Cap Fund,Power Generation & Distribution,2026-05-31,4.23
Bank of India Large Cap Fund,Refineries,2026-05-31,3.78
Bank of India Large Cap Fund,Steel,2026-05-31,4.52
Bank of India Large Cap Fund,Sugar,2026-05-31,0.83
Bank of India Large Cap Fund,T Bills,2026-05-31,0.02
Bank of India Large Cap Fund,Telecom-Service,2026-05-31,1.89
Bank of India Large Cap Fund,Tobacco Products,2026-05-31,1.75
Bank of India Large Cap Fund,Tyres,2026-05-31,0.55
Baroda BNP Paribas Large Cap Fund,Aerospace & Defence,2025-08-31,0.94
Baroda BNP Paribas Large Cap Fund,Alcoholic Beverages,2025-08-31,0.8
Baroda BNP Paribas Large Cap Fund,Auto Ancillaries,2025-08-31,2.04
Baroda BNP Paribas Large Cap Fund,Automobile,2025-08-31,7.15
Baroda BNP Paribas Large Cap Fund,Banks,2025-08-31,22.55
Baroda BNP Paribas Large Cap Fund,Capital Goods - Electrical Equipment,2025-08-31,4.18
Baroda BNP Paribas Large Cap Fund,Cement,2025-08-31,2.36
Baroda BNP Paribas Large Cap Fund,Crude Oil & Natural Gas,2025-08-31,0.73
Baroda BNP Paribas Large Cap Fund,Debt Others,2025-08-31,1.53
Baroda BNP Paribas Large Cap Fund,E-Commerce/App based Aggregator,2025-08-31,1.71
Baroda BNP Paribas Large Cap Fund,Electronics,2025-08-31,0.55
Baroda BNP Paribas Large Cap Fund,FMCG,2025-08-31,4.13
Baroda BNP Paribas Large Cap Fund,Finance,2025-08-31,5.07
Baroda BNP Paribas Large Cap Fund,IT - Software,2025-08-31,8.14
Baroda BNP Paribas Large Cap Fund,Infrastructure Developers & Operators,2025-08-31,3.92
Baroda BNP Paribas Large Cap Fund,Insurance,2025-08-31,3.16
Baroda BNP Paribas Large Cap Fund,Logistics,2025-08-31,0.54
Baroda BNP Paribas Large Cap Fund,Mining & Mineral products,2025-08-31,1.6
Baroda BNP Paribas Large Cap Fund,Miscellaneous,2025-08-31,0.41
Baroda BNP Paribas Large Cap Fund,Pharmaceuticals,2025-08-31,6.22
Baroda BNP Paribas Large Cap Fund,Power Generation & Distribution,2025-08-31,3.9
Baroda BNP Paribas Large Cap Fund,Refineries,2025-08-31,7.18
Baroda BNP Paribas Large Cap Fund,Retail,2025-08-31,2.45
Baroda BNP Paribas Large Cap Fund,T Bills,2025-08-31,1.42
Baroda BNP Paribas Large Cap Fund,Telecom-Service,2025-08-31,4.05
Baroda BNP Paribas Large Cap Fund,Textiles,2025-08-31,1.04
Baroda BNP Paribas Large Cap Fund,Tobacco Products,2025-08-31,2.23
Baroda BNP Paribas Large Cap Fund,Aerospace & Defence,2025-09-30,1.02
Baroda BNP Paribas Large Cap Fund,Alcoholic Beverages,2025-09-30,0.45
Baroda BNP Paribas Large Cap Fund,Auto Ancillaries,2025-09-30,1.93
Baroda BNP Paribas Large Cap Fund,Automobile,2025-09-30,7.27
Baroda BNP Paribas Large Cap Fund,Banks,2025-09-30,22.95
Baroda BNP Paribas Large Cap Fund,Capital Goods - Electrical Equipment,2025-09-30,4.13
Baroda BNP Paribas Large Cap Fund,Cement,2025-09-30,2.27
Baroda BNP Paribas Large Cap Fund,Crude Oil & Natural Gas,2025-09-30,0.84
Baroda BNP Paribas Large Cap Fund,Debt Others,2025-09-30,3.15
Baroda BNP Paribas Large Cap Fund,E-Commerce/App based Aggregator,2025-09-30,1.82
Baroda BNP Paribas Large Cap Fund,Electronics,2025-09-30,0.18
Baroda BNP Paribas Large Cap Fund,FMCG,2025-09-30,3.9
Baroda BNP Paribas Large Cap Fund,Finance,2025-09-30,5.46
Baroda BNP Paribas Large Cap Fund,IT - Software,2025-09-30,7.79
Baroda BNP Paribas Large Cap Fund,Infrastructure Developers & Operators,2025-09-30,4.08
Baroda BNP Paribas Large Cap Fund,Insurance,2025-09-30,3.13
Baroda BNP Paribas Large Cap Fund,Mining & Mineral products,2025-09-30,1.57
Baroda BNP Paribas Large Cap Fund,Miscellaneous,2025-09-30,0.41
Baroda BNP Paribas Large Cap Fund,Pharmaceuticals,2025-09-30,5.92
Baroda BNP Paribas Large Cap Fund,Power Generation & Distribution,2025-09-30,4.09
Baroda BNP Paribas Large Cap Fund,Refineries,2025-09-30,7.27
Baroda BNP Paribas Large Cap Fund,Retail,2025-09-30,2.21
Baroda BNP Paribas Large Cap Fund,T Bills,2025-09-30,0.97
Baroda BNP Paribas Large Cap Fund,Telecom-Service,2025-09-30,4.0
Baroda BNP Paribas Large Cap Fund,Textiles,2025-09-30,1.02
Baroda BNP Paribas Large Cap Fund,Tobacco Products,2025-09-30,2.17
Baroda BNP Paribas Large Cap Fund,Aerospace & Defence,2025-10-31,1.05
Baroda BNP Paribas Large Cap Fund,Auto Ancillaries,2025-10-31,1.52
Baroda BNP Paribas Large Cap Fund,Automobile,2025-10-31,6.96
Baroda BNP Paribas Large Cap Fund,Banks,2025-10-31,23.16
Baroda BNP Paribas Large Cap Fund,Capital Goods - Electrical Equipment,2025-10-31,4.24
Baroda BNP Paribas Large Cap Fund,Cement,2025-10-31,2.17
Baroda BNP Paribas Large Cap Fund,Consumer Durables,2025-10-31,1.1
Baroda BNP Paribas Large Cap Fund,Crude Oil & Natural Gas,2025-10-31,0.29
Baroda BNP Paribas Large Cap Fund,Debt Others,2025-10-31,2.48
Baroda BNP Paribas Large Cap Fund,E-Commerce/App based Aggregator,2025-10-31,1.73
Baroda BNP Paribas Large Cap Fund,FMCG,2025-10-31,4.04
Baroda BNP Paribas Large Cap Fund,Finance,2025-10-31,4.69
Baroda BNP Paribas Large Cap Fund,IT - Software,2025-10-31,7.92
Baroda BNP Paribas Large Cap Fund,Infrastructure Developers & Operators,2025-10-31,4.39
Baroda BNP Paribas Large Cap Fund,Insurance,2025-10-31,2.99
Baroda BNP Paribas Large Cap Fund,Mining & Mineral products,2025-10-31,1.63
Baroda BNP Paribas Large Cap Fund,Miscellaneous,2025-10-31,0.43
Baroda BNP Paribas Large Cap Fund,Pharmaceuticals,2025-10-31,6.03
Baroda BNP Paribas Large Cap Fund,Power Generation & Distribution,2025-10-31,3.98
Baroda BNP Paribas Large Cap Fund,Refineries,2025-10-31,7.69
Baroda BNP Paribas Large Cap Fund,Retail,2025-10-31,2.11
Baroda BNP Paribas Large Cap Fund,Steel,2025-10-31,0.91
Baroda BNP Paribas Large Cap Fund,T Bills,2025-10-31,0.95
Baroda BNP Paribas Large Cap Fund,Telecom-Service,2025-10-31,4.27
Baroda BNP Paribas Large Cap Fund,Textiles,2025-10-31,1.05
Baroda BNP Paribas Large Cap Fund,Tobacco Products,2025-10-31,2.22
Baroda BNP Paribas Large Cap Fund,Aerospace & Defence,2025-11-30,1.0
Baroda BNP Paribas Large Cap Fund,Auto Ancillaries,2025-11-30,1.45
Baroda BNP Paribas Large Cap Fund,Automobile,2025-11-30,7.67
Baroda BNP Paribas Large Cap Fund,Banks,2025-11-30,23.35
Baroda BNP Paribas Large Cap Fund,Capital Goods - Electrical Equipment,2025-11-30,4.91
Baroda BNP Paribas Large Cap Fund,Cement,2025-11-30,1.88
Baroda BNP Paribas Large Cap Fund,Consumer Durables,2025-11-30,1.07
Baroda BNP Paribas Large Cap Fund,Debt Others,2025-11-30,2.18
Baroda BNP Paribas Large Cap Fund,Diamond Gems and Jewellery,2025-11-30,0.97
Baroda BNP Paribas Large Cap Fund,E-Commerce/App based Aggregator,2025-11-30,1.6
Baroda BNP Paribas Large Cap Fund,FMCG,2025-11-30,3.99
Baroda BNP Paribas Large Cap Fund,Finance,2025-11-30,4.64
Baroda BNP Paribas Large Cap Fund,IT - Software,2025-11-30,8.15
Baroda BNP Paribas Large Cap Fund,Infrastructure Developers & Operators,2025-11-30,4.35
Baroda BNP Paribas Large Cap Fund,Insurance,2025-11-30,2.0
Baroda BNP Paribas Large Cap Fund,Mining & Mineral products,2025-11-30,1.7
Baroda BNP Paribas Large Cap Fund,Miscellaneous,2025-11-30,0.49
Baroda BNP Paribas Large Cap Fund,Pharmaceuticals,2025-11-30,5.99
Baroda BNP Paribas Large Cap Fund,Power Generation & Distribution,2025-11-30,3.71
Baroda BNP Paribas Large Cap Fund,Refineries,2025-11-30,7.75
Baroda BNP Paribas Large Cap Fund,Retail,2025-11-30,1.93
Baroda BNP Paribas Large Cap Fund,Steel,2025-11-30,0.94
Baroda BNP Paribas Large Cap Fund,T Bills,2025-11-30,0.93
Baroda BNP Paribas Large Cap Fund,Telecom-Service,2025-11-30,4.28
Baroda BNP Paribas Large Cap Fund,Textiles,2025-11-30,0.98
Baroda BNP Paribas Large Cap Fund,Tobacco Products,2025-11-30,2.09
Baroda BNP Paribas Large Cap Fund,Aerospace & Defence,2025-12-31,1.0
Baroda BNP Paribas Large Cap Fund,Alcoholic Beverages,2025-12-31,1.06
Baroda BNP Paribas Large Cap Fund,Auto Ancillaries,2025-12-31,1.33
Baroda BNP Paribas Large Cap Fund,Automobile,2025-12-31,8.06
Baroda BNP Paribas Large Cap Fund,Banks,2025-12-31,22.36
Baroda BNP Paribas Large Cap Fund,Capital Goods - Electrical Equipment,2025-12-31,4.37
Baroda BNP Paribas Large Cap Fund,Cement,2025-12-31,1.88
Baroda BNP Paribas Large Cap Fund,Consumer Durables,2025-12-31,1.01
Baroda BNP Paribas Large Cap Fund,Debt Others,2025-12-31,2.55
Baroda BNP Paribas Large Cap Fund,Diamond Gems and Jewellery,2025-12-31,1.16
Baroda BNP Paribas Large Cap Fund,E-Commerce/App based Aggregator,2025-12-31,2.69
Baroda BNP Paribas Large Cap Fund,FMCG,2025-12-31,4.02
Baroda BNP Paribas Large Cap Fund,Finance,2025-12-31,5.11
Baroda BNP Paribas Large Cap Fund,IT - Software,2025-12-31,8.63
Baroda BNP Paribas Large Cap Fund,Infrastructure Developers & Operators,2025-12-31,4.49
Baroda BNP Paribas Large Cap Fund,Insurance,2025-12-31,1.83
Baroda BNP Paribas Large Cap Fund,Mining & Mineral products,2025-12-31,2.01
Baroda BNP Paribas Large Cap Fund,Miscellaneous,2025-12-31,0.49
Baroda BNP Paribas Large Cap Fund,Other,2025-12-31,0.02
Baroda BNP Paribas Large Cap Fund,Pharmaceuticals,2025-12-31,5.97
Baroda BNP Paribas Large Cap Fund,Power Generation & Distribution,2025-12-31,3.83
Baroda BNP Paribas Large Cap Fund,Refineries,2025-12-31,7.74
Baroda BNP Paribas Large Cap Fund,Steel,2025-12-31,1.05
Baroda BNP Paribas Large Cap Fund,T Bills,2025-12-31,0.98
Baroda BNP Paribas Large Cap Fund,Telecom-Service,2025-12-31,4.28
Baroda BNP Paribas Large Cap Fund,Tobacco Products,2025-12-31,2.08
Baroda BNP Paribas Large Cap Fund,Aerospace & Defence,2026-01-31,1.16
Baroda BNP Paribas Large Cap Fund,Alcoholic Beverages,2026-01-31,1.03
Baroda BNP Paribas Large Cap Fund,Auto Ancillaries,2026-01-31,1.36
Baroda BNP Paribas Large Cap Fund,Automobile,2026-01-31,7.96
Baroda BNP Paribas Large Cap Fund,Banks,2026-01-31,22.69
Baroda BNP Paribas Large Cap Fund,Capital Goods - Electrical Equipment,2026-01-31,4.46
Baroda BNP Paribas Large Cap Fund,Cement,2026-01-31,2.1
Baroda BNP Paribas Large Cap Fund,Consumer Durables,2026-01-31,1.06
Baroda BNP Paribas Large Cap Fund,Debt Others,2026-01-31,2.01
Baroda BNP Paribas Large Cap Fund,Diamond Gems and Jewellery,2026-01-31,1.18
Baroda BNP Paribas Large Cap Fund,E-Commerce/App based Aggregator,2026-01-31,2.51
Baroda BNP Paribas Large Cap Fund,FMCG,2026-01-31,4.11
Baroda BNP Paribas Large Cap Fund,Finance,2026-01-31,4.92
Baroda BNP Paribas Large Cap Fund,IT - Software,2026-01-31,9.09
Baroda BNP Paribas Large Cap Fund,Infrastructure Developers & Operators,2026-01-31,4.33
Baroda BNP Paribas Large Cap Fund,Insurance,2026-01-31,1.5
Baroda BNP Paribas Large Cap Fund,Mining & Mineral products,2026-01-31,2.35
Baroda BNP Paribas Large Cap Fund,Miscellaneous,2026-01-31,0.45
Baroda BNP Paribas Large Cap Fund,Non Ferrous Metals,2026-01-31,0.76
Baroda BNP Paribas Large Cap Fund,Pharmaceuticals,2026-01-31,5.85
Baroda BNP Paribas Large Cap Fund,Power Generation & Distribution,2026-01-31,4.11
Baroda BNP Paribas Large Cap Fund,Refineries,2026-01-31,7.18
Baroda BNP Paribas Large Cap Fund,Steel,2026-01-31,1.13
Baroda BNP Paribas Large Cap Fund,T Bills,2026-01-31,1.02
Baroda BNP Paribas Large Cap Fund,Telecom-Service,2026-01-31,4.13
Baroda BNP Paribas Large Cap Fund,Tobacco Products,2026-01-31,1.55
Baroda BNP Paribas Large Cap Fund,Aerospace & Defence,2026-02-28,1.14
Baroda BNP Paribas Large Cap Fund,Alcoholic Beverages,2026-02-28,1.04
Baroda BNP Paribas Large Cap Fund,Auto Ancillaries,2026-02-28,1.34
Baroda BNP Paribas Large Cap Fund,Automobile,2026-02-28,8.3
Baroda BNP Paribas Large Cap Fund,Banks,2026-02-28,22.91
Baroda BNP Paribas Large Cap Fund,Capital Goods - Electrical Equipment,2026-02-28,5.52
Baroda BNP Paribas Large Cap Fund,Cement,2026-02-28,2.08
Baroda BNP Paribas Large Cap Fund,Consumer Durables,2026-02-28,1.14
Baroda BNP Paribas Large Cap Fund,Debt Others,2026-02-28,2.35
Baroda BNP Paribas Large Cap Fund,Derivatives - Index,2026-02-28,-0.96
Baroda BNP Paribas Large Cap Fund,Diamond Gems and Jewellery,2026-02-28,1.27
Baroda BNP Paribas Large Cap Fund,E-Commerce/App based Aggregator,2026-02-28,2.27
Baroda BNP Paribas Large Cap Fund,FMCG,2026-02-28,3.95
Baroda BNP Paribas Large Cap Fund,Finance,2026-02-28,4.95
Baroda BNP Paribas Large Cap Fund,Financial Services,2026-02-28,1.1
Baroda BNP Paribas Large Cap Fund,IT - Software,2026-02-28,6.94
Baroda BNP Paribas Large Cap Fund,Infrastructure Developers & Operators,2026-02-28,4.67
Baroda BNP Paribas Large Cap Fund,Insurance,2026-02-28,1.02
Baroda BNP Paribas Large Cap Fund,Mining & Mineral products,2026-02-28,2.45
Baroda BNP Paribas Large Cap Fund,Miscellaneous,2026-02-28,0.48
Baroda BNP Paribas Large Cap Fund,Non Ferrous Metals,2026-02-28,0.76
Baroda BNP Paribas Large Cap Fund,Pharmaceuticals,2026-02-28,5.76
Baroda BNP Paribas Large Cap Fund,Power Generation & Distribution,2026-02-28,4.77
Baroda BNP Paribas Large Cap Fund,Refineries,2026-02-28,7.17
Baroda BNP Paribas Large Cap Fund,Steel,2026-02-28,1.16
Baroda BNP Paribas Large Cap Fund,T Bills,2026-02-28,1.01
Baroda BNP Paribas Large Cap Fund,Telecom-Service,2026-02-28,3.91
Baroda BNP Paribas Large Cap Fund,Tobacco Products,2026-02-28,1.5
Baroda BNP Paribas Large Cap Fund,Aerospace & Defence,2026-03-31,1.15
Baroda BNP Paribas Large Cap Fund,Alcoholic Beverages,2026-03-31,1.03
Baroda BNP Paribas Large Cap Fund,Auto Ancillaries,2026-03-31,1.19
Baroda BNP Paribas Large Cap Fund,Automobile,2026-03-31,7.63
Baroda BNP Paribas Large Cap Fund,Banks,2026-03-31,21.52
Baroda BNP Paribas Large Cap Fund,Capital Goods - Electrical Equipment,2026-03-31,5.78
Baroda BNP Paribas Large Cap Fund,Cement,2026-03-31,1.79
Baroda BNP Paribas Large Cap Fund,Consumer Durables,2026-03-31,1.16
Baroda BNP Paribas Large Cap Fund,Crude Oil & Natural Gas,2026-03-31,1.13
Baroda BNP Paribas Large Cap Fund,Debt Others,2026-03-31,1.1
Baroda BNP Paribas Large Cap Fund,Diamond Gems and Jewellery,2026-03-31,1.3
Baroda BNP Paribas Large Cap Fund,E-Commerce/App based Aggregator,2026-03-31,2.37
Baroda BNP Paribas Large Cap Fund,FMCG,2026-03-31,4.03
Baroda BNP Paribas Large Cap Fund,Finance,2026-03-31,4.27
Baroda BNP Paribas Large Cap Fund,Financial Services,2026-03-31,1.21
Baroda BNP Paribas Large Cap Fund,IT - Software,2026-03-31,8.03
Baroda BNP Paribas Large Cap Fund,Infrastructure Developers & Operators,2026-03-31,4.04
Baroda BNP Paribas Large Cap Fund,Insurance,2026-03-31,0.95
Baroda BNP Paribas Large Cap Fund,Miscellaneous,2026-03-31,0.46
Baroda BNP Paribas Large Cap Fund,Non Ferrous Metals,2026-03-31,3.22
Baroda BNP Paribas Large Cap Fund,Pharmaceuticals,2026-03-31,6.3
Baroda BNP Paribas Large Cap Fund,Power Generation & Distribution,2026-03-31,5.84
Baroda BNP Paribas Large Cap Fund,Refineries,2026-03-31,6.5
Baroda BNP Paribas Large Cap Fund,Steel,2026-03-31,1.16
Baroda BNP Paribas Large Cap Fund,T Bills,2026-03-31,1.12
Baroda BNP Paribas Large Cap Fund,Telecom-Service,2026-03-31,4.17
Baroda BNP Paribas Large Cap Fund,Tobacco Products,2026-03-31,1.55
Baroda BNP Paribas Large Cap Fund,Aerospace & Defence,2026-04-30,1.13
Baroda BNP Paribas Large Cap Fund,Alcoholic Beverages,2026-04-30,1.02
Baroda BNP Paribas Large Cap Fund,Auto Ancillaries,2026-04-30,1.36
Baroda BNP Paribas Large Cap Fund,Automobile,2026-04-30,6.16
Baroda BNP Paribas Large Cap Fund,Banks,2026-04-30,21.02
Baroda BNP Paribas Large Cap Fund,Capital Goods - Electrical Equipment,2026-04-30,7.27
Baroda BNP Paribas Large Cap Fund,Cement,2026-04-30,1.34
Baroda BNP Paribas Large Cap Fund,Consumer Durables,2026-04-30,1.17
Baroda BNP Paribas Large Cap Fund,Crude Oil & Natural Gas,2026-04-30,1.06
Baroda BNP Paribas Large Cap Fund,Debt Others,2026-04-30,2.15
Baroda BNP Paribas Large Cap Fund,Diamond Gems and Jewellery,2026-04-30,1.32
Baroda BNP Paribas Large Cap Fund,E-Commerce/App based Aggregator,2026-04-30,2.33
Baroda BNP Paribas Large Cap Fund,FMCG,2026-04-30,4.44
Baroda BNP Paribas Large Cap Fund,Finance,2026-04-30,4.31
Baroda BNP Paribas Large Cap Fund,Financial Services,2026-04-30,1.37
Baroda BNP Paribas Large Cap Fund,IT - Software,2026-04-30,7.98
Baroda BNP Paribas Large Cap Fund,Infrastructure Developers & Operators,2026-04-30,4.2
Baroda BNP Paribas Large Cap Fund,Insurance,2026-04-30,0.92
Baroda BNP Paribas Large Cap Fund,Mining & Mineral products,2026-04-30,1.01
Baroda BNP Paribas Large Cap Fund,Miscellaneous,2026-04-30,0.34
Baroda BNP Paribas Large Cap Fund,Non Ferrous Metals,2026-04-30,1.78
Baroda BNP Paribas Large Cap Fund,Other,2026-04-30,1.68
Baroda BNP Paribas Large Cap Fund,Pharmaceuticals,2026-04-30,4.84
Baroda BNP Paribas Large Cap Fund,Power Generation & Distribution,2026-04-30,5.78
Baroda BNP Paribas Large Cap Fund,Refineries,2026-04-30,6.24
Baroda BNP Paribas Large Cap Fund,Steel,2026-04-30,1.19
Baroda BNP Paribas Large Cap Fund,T Bills,2026-04-30,1.03
Baroda BNP Paribas Large Cap Fund,Telecom-Service,2026-04-30,4.02
Baroda BNP Paribas Large Cap Fund,Tobacco Products,2026-04-30,1.54
Baroda BNP Paribas Large Cap Fund,Aerospace & Defence,2026-05-31,1.09
Baroda BNP Paribas Large Cap Fund,Alcoholic Beverages,2026-05-31,0.99
Baroda BNP Paribas Large Cap Fund,Auto Ancillaries,2026-05-31,1.4
Baroda BNP Paribas Large Cap Fund,Automobile,2026-05-31,5.9
Baroda BNP Paribas Large Cap Fund,Banks,2026-05-31,20.66
Baroda BNP Paribas Large Cap Fund,Capital Goods - Electrical Equipment,2026-05-31,8.25
Baroda BNP Paribas Large Cap Fund,Cement,2026-05-31,1.34
Baroda BNP Paribas Large Cap Fund,Consumer Durables,2026-05-31,1.13
Baroda BNP Paribas Large Cap Fund,Crude Oil & Natural Gas,2026-05-31,1.47
Baroda BNP Paribas Large Cap Fund,Debt Others,2026-05-31,1.66
Baroda BNP Paribas Large Cap Fund,Diamond Gems and Jewellery,2026-05-31,1.24
Baroda BNP Paribas Large Cap Fund,E-Commerce/App based Aggregator,2026-05-31,2.39
Baroda BNP Paribas Large Cap Fund,FMCG,2026-05-31,4.58
Baroda BNP Paribas Large Cap Fund,Finance,2026-05-31,4.19
Baroda BNP Paribas Large Cap Fund,Financial Services,2026-05-31,1.38
Baroda BNP Paribas Large Cap Fund,IT - Software,2026-05-31,8.56
Baroda BNP Paribas Large Cap Fund,Infrastructure Developers & Operators,2026-05-31,4.32
Baroda BNP Paribas Large Cap Fund,Insurance,2026-05-31,0.94
Baroda BNP Paribas Large Cap Fund,Mining & Mineral products,2026-05-31,0.97
Baroda BNP Paribas Large Cap Fund,Non Ferrous Metals,2026-05-31,2.44
Baroda BNP Paribas Large Cap Fund,Pharmaceuticals,2026-05-31,5.24
Baroda BNP Paribas Large Cap Fund,Power Generation & Distribution,2026-05-31,5.98
Baroda BNP Paribas Large Cap Fund,Refineries,2026-05-31,5.83
Baroda BNP Paribas Large Cap Fund,Steel,2026-05-31,1.65
Baroda BNP Paribas Large Cap Fund,T Bills,2026-05-31,1.04
Baroda BNP Paribas Large Cap Fund,Telecom-Service,2026-05-31,3.94
Baroda BNP Paribas Large Cap Fund,Tobacco Products,2026-05-31,1.42
Canara Robeco Large Cap Fund,Aerospace & Defence,2025-08-31,2.16
Canara Robeco Large Cap Fund,Agro Chemicals,2025-08-31,0.98
Canara Robeco Large Cap Fund,Air Transport Service,2025-08-31,1.53
Canara Robeco Large Cap Fund,Alcoholic Beverages,2025-08-31,1.0
Canara Robeco Large Cap Fund,Auto Ancillaries,2025-08-31,1.6
Canara Robeco Large Cap Fund,Automobile,2025-08-31,6.28
Canara Robeco Large Cap Fund,Banks,2025-08-31,25.32
Canara Robeco Large Cap Fund,Capital Goods - Electrical Equipment,2025-08-31,1.0
Canara Robeco Large Cap Fund,Cement,2025-08-31,2.77
Canara Robeco Large Cap Fund,Chemicals,2025-08-31,0.43
Canara Robeco Large Cap Fund,Debt Others,2025-08-31,3.34
Canara Robeco Large Cap Fund,Diamond Gems and Jewellery,2025-08-31,1.44
Canara Robeco Large Cap Fund,E-Commerce/App based Aggregator,2025-08-31,3.18
Canara Robeco Large Cap Fund,FMCG,2025-08-31,2.34
Canara Robeco Large Cap Fund,Finance,2025-08-31,4.29
Canara Robeco Large Cap Fund,Healthcare,2025-08-31,1.37
Canara Robeco Large Cap Fund,Hotels & Restaurants,2025-08-31,1.43
Canara Robeco Large Cap Fund,IT - Software,2025-08-31,9.17
Canara Robeco Large Cap Fund,Infrastructure Developers & Operators,2025-08-31,3.78
Canara Robeco Large Cap Fund,Insurance,2025-08-31,1.54
Canara Robeco Large Cap Fund,Non Ferrous Metals,2025-08-31,0.59
Canara Robeco Large Cap Fund,Pharmaceuticals,2025-08-31,5.92
Canara Robeco Large Cap Fund,Plantation & Plantation Products,2025-08-31,1.41
Canara Robeco Large Cap Fund,Power Generation & Distribution,2025-08-31,2.96
Canara Robeco Large Cap Fund,Preference n Warrants,2025-08-31,0.01
Canara Robeco Large Cap Fund,Readymade Garments/ Apparells,2025-08-31,0.07
Canara Robeco Large Cap Fund,Realty,2025-08-31,0.43
Canara Robeco Large Cap Fund,Refineries,2025-08-31,5.41
Canara Robeco Large Cap Fund,Retail,2025-08-31,1.67
Canara Robeco Large Cap Fund,Steel,2025-08-31,0.29
Canara Robeco Large Cap Fund,Telecom-Service,2025-08-31,3.97
Canara Robeco Large Cap Fund,Tobacco Products,2025-08-31,2.32
Canara Robeco Large Cap Fund,Aerospace & Defence,2025-09-30,2.67
Canara Robeco Large Cap Fund,Agro Chemicals,2025-09-30,0.98
Canara Robeco Large Cap Fund,Air Transport Service,2025-09-30,1.49
Canara Robeco Large Cap Fund,Alcoholic Beverages,2025-09-30,1.0
Canara Robeco Large Cap Fund,Auto Ancillaries,2025-09-30,1.61
Canara Robeco Large Cap Fund,Automobile,2025-09-30,6.44
Canara Robeco Large Cap Fund,Banks,2025-09-30,25.99
Canara Robeco Large Cap Fund,Capital Goods - Electrical Equipment,2025-09-30,1.06
Canara Robeco Large Cap Fund,Cement,2025-09-30,2.64
Canara Robeco Large Cap Fund,Chemicals,2025-09-30,0.42
Canara Robeco Large Cap Fund,Debt Others,2025-09-30,2.98
Canara Robeco Large Cap Fund,Diamond Gems and Jewellery,2025-09-30,1.32
Canara Robeco Large Cap Fund,E-Commerce/App based Aggregator,2025-09-30,3.32
Canara Robeco Large Cap Fund,FMCG,2025-09-30,2.13
Canara Robeco Large Cap Fund,Finance,2025-09-30,4.72
Canara Robeco Large Cap Fund,Healthcare,2025-09-30,1.31
Canara Robeco Large Cap Fund,Hotels & Restaurants,2025-09-30,1.34
Canara Robeco Large Cap Fund,IT - Software,2025-09-30,8.56
Canara Robeco Large Cap Fund,Infrastructure Developers & Operators,2025-09-30,3.84
Canara Robeco Large Cap Fund,Insurance,2025-09-30,1.51
Canara Robeco Large Cap Fund,Non Ferrous Metals,2025-09-30,0.63
Canara Robeco Large Cap Fund,Pharmaceuticals,2025-09-30,5.71
Canara Robeco Large Cap Fund,Plantation & Plantation Products,2025-09-30,1.48
Canara Robeco Large Cap Fund,Power Generation & Distribution,2025-09-30,2.85
Canara Robeco Large Cap Fund,Preference n Warrants,2025-09-30,0.01
Canara Robeco Large Cap Fund,Readymade Garments/ Apparells,2025-09-30,0.06
Canara Robeco Large Cap Fund,Realty,2025-09-30,0.41
Canara Robeco Large Cap Fund,Refineries,2025-09-30,5.36
Canara Robeco Large Cap Fund,Retail,2025-09-30,1.49
Canara Robeco Large Cap Fund,Steel,2025-09-30,0.31
Canara Robeco Large Cap Fund,Telecom-Service,2025-09-30,4.0
Canara Robeco Large Cap Fund,Tobacco Products,2025-09-30,2.36
Canara Robeco Large Cap Fund,Aerospace & Defence,2025-10-31,2.6
Canara Robeco Large Cap Fund,Agro Chemicals,2025-10-31,1.03
Canara Robeco Large Cap Fund,Air Transport Service,2025-10-31,1.44
Canara Robeco Large Cap Fund,Alcoholic Beverages,2025-10-31,1.2
Canara Robeco Large Cap Fund,Auto Ancillaries,2025-10-31,1.36
Canara Robeco Large Cap Fund,Automobile,2025-10-31,6.22
Canara Robeco Large Cap Fund,Banks,2025-10-31,26.11
Canara Robeco Large Cap Fund,Capital Goods - Electrical Equipment,2025-10-31,1.01
Canara Robeco Large Cap Fund,Cement,2025-10-31,2.3
Canara Robeco Large Cap Fund,Chemicals,2025-10-31,0.42
Canara Robeco Large Cap Fund,Debt Others,2025-10-31,2.57
Canara Robeco Large Cap Fund,Diamond Gems and Jewellery,2025-10-31,1.41
Canara Robeco Large Cap Fund,E-Commerce/App based Aggregator,2025-10-31,3.08
Canara Robeco Large Cap Fund,FMCG,2025-10-31,2.14
Canara Robeco Large Cap Fund,Finance,2025-10-31,4.9
Canara Robeco Large Cap Fund,Healthcare,2025-10-31,1.29
Canara Robeco Large Cap Fund,Hotels & Restaurants,2025-10-31,1.32
Canara Robeco Large Cap Fund,IT - Software,2025-10-31,8.44
Canara Robeco Large Cap Fund,Infrastructure Developers & Operators,2025-10-31,4.05
Canara Robeco Large Cap Fund,Insurance,2025-10-31,1.66
Canara Robeco Large Cap Fund,Non Ferrous Metals,2025-10-31,0.87
Canara Robeco Large Cap Fund,Pharmaceuticals,2025-10-31,5.83
Canara Robeco Large Cap Fund,Plantation & Plantation Products,2025-10-31,1.46
Canara Robeco Large Cap Fund,Power Generation & Distribution,2025-10-31,2.51
Canara Robeco Large Cap Fund,Preference n Warrants,2025-10-31,0.01
Canara Robeco Large Cap Fund,Realty,2025-10-31,0.44
Canara Robeco Large Cap Fund,Refineries,2025-10-31,5.65
Canara Robeco Large Cap Fund,Retail,2025-10-31,1.31
Canara Robeco Large Cap Fund,Steel,2025-10-31,0.48
Canara Robeco Large Cap Fund,Telecom-Service,2025-10-31,4.26
Canara Robeco Large Cap Fund,Tobacco Products,2025-10-31,2.63
Canara Robeco Large Cap Fund,Aerospace & Defence,2025-11-30,2.54
Canara Robeco Large Cap Fund,Agro Chemicals,2025-11-30,0.97
Canara Robeco Large Cap Fund,Air Transport Service,2025-11-30,1.49
Canara Robeco Large Cap Fund,Alcoholic Beverages,2025-11-30,1.2
Canara Robeco Large Cap Fund,Auto Ancillaries,2025-11-30,1.33
Canara Robeco Large Cap Fund,Automobile,2025-11-30,6.35
Canara Robeco Large Cap Fund,Banks,2025-11-30,26.46
Canara Robeco Large Cap Fund,Capital Goods - Electrical Equipment,2025-11-30,0.9
Canara Robeco Large Cap Fund,Cement,2025-11-30,2.13
Canara Robeco Large Cap Fund,Chemicals,2025-11-30,0.41
Canara Robeco Large Cap Fund,Debt Others,2025-11-30,1.65
Canara Robeco Large Cap Fund,Diamond Gems and Jewellery,2025-11-30,1.44
Canara Robeco Large Cap Fund,E-Commerce/App based Aggregator,2025-11-30,2.88
Canara Robeco Large Cap Fund,FMCG,2025-11-30,2.85
Canara Robeco Large Cap Fund,Finance,2025-11-30,4.63
Canara Robeco Large Cap Fund,Healthcare,2025-11-30,1.29
Canara Robeco Large Cap Fund,Hotels & Restaurants,2025-11-30,1.31
Canara Robeco Large Cap Fund,IT - Software,2025-11-30,8.79
Canara Robeco Large Cap Fund,Infrastructure Developers & Operators,2025-11-30,4.02
Canara Robeco Large Cap Fund,Insurance,2025-11-30,1.65
Canara Robeco Large Cap Fund,Non Ferrous Metals,2025-11-30,0.82
Canara Robeco Large Cap Fund,Paints/Varnish,2025-11-30,0.16
Canara Robeco Large Cap Fund,Pharmaceuticals,2025-11-30,5.86
Canara Robeco Large Cap Fund,Plantation & Plantation Products,2025-11-30,1.44
Canara Robeco Large Cap Fund,Power Generation & Distribution,2025-11-30,2.36
Canara Robeco Large Cap Fund,Preference n Warrants,2025-11-30,0.01
Canara Robeco Large Cap Fund,Realty,2025-11-30,0.4
Canara Robeco Large Cap Fund,Refineries,2025-11-30,5.86
Canara Robeco Large Cap Fund,Retail,2025-11-30,1.39
Canara Robeco Large Cap Fund,Steel,2025-11-30,0.44
Canara Robeco Large Cap Fund,Telecom-Service,2025-11-30,4.38
Canara Robeco Large Cap Fund,Tobacco Products,2025-11-30,2.59
Canara Robeco Large Cap Fund,Aerospace & Defence,2025-12-31,2.47
Canara Robeco Large Cap Fund,Agro Chemicals,2025-12-31,0.99
Canara Robeco Large Cap Fund,Air Transport Service,2025-12-31,1.28
Canara Robeco Large Cap Fund,Alcoholic Beverages,2025-12-31,1.19
Canara Robeco Large Cap Fund,Auto Ancillaries,2025-12-31,1.32
Canara Robeco Large Cap Fund,Automobile,2025-12-31,6.41
Canara Robeco Large Cap Fund,Banks,2025-12-31,26.17
Canara Robeco Large Cap Fund,Capital Goods - Electrical Equipment,2025-12-31,0.87
Canara Robeco Large Cap Fund,Cement,2025-12-31,2.16
Canara Robeco Large Cap Fund,Chemicals,2025-12-31,0.44
Canara Robeco Large Cap Fund,Debt Others,2025-12-31,2.07
Canara Robeco Large Cap Fund,Diamond Gems and Jewellery,2025-12-31,1.5
Canara Robeco Large Cap Fund,E-Commerce/App based Aggregator,2025-12-31,2.56
Canara Robeco Large Cap Fund,FMCG,2025-12-31,2.91
Canara Robeco Large Cap Fund,Finance,2025-12-31,5.05
Canara Robeco Large Cap Fund,Healthcare,2025-12-31,1.25
Canara Robeco Large Cap Fund,Hotels & Restaurants,2025-12-31,1.3
Canara Robeco Large Cap Fund,IT - Software,2025-12-31,8.99
Canara Robeco Large Cap Fund,Infrastructure Developers & Operators,2025-12-31,4.05
Canara Robeco Large Cap Fund,Insurance,2025-12-31,1.61
Canara Robeco Large Cap Fund,Non Ferrous Metals,2025-12-31,0.85
Canara Robeco Large Cap Fund,Other,2025-12-31,0.01
Canara Robeco Large Cap Fund,Paints/Varnish,2025-12-31,0.16
Canara Robeco Large Cap Fund,Pharmaceuticals,2025-12-31,5.35
Canara Robeco Large Cap Fund,Plantation & Plantation Products,2025-12-31,1.47
Canara Robeco Large Cap Fund,Power Generation & Distribution,2025-12-31,2.2
Canara Robeco Large Cap Fund,Preference n Warrants,2025-12-31,0.01
Canara Robeco Large Cap Fund,Realty,2025-12-31,0.41
Canara Robeco Large Cap Fund,Refineries,2025-12-31,5.88
Canara Robeco Large Cap Fund,Retail,2025-12-31,1.33
Canara Robeco Large Cap Fund,Steel,2025-12-31,0.75
Canara Robeco Large Cap Fund,Telecom-Service,2025-12-31,4.4
Canara Robeco Large Cap Fund,Tobacco Products,2025-12-31,2.59
Canara Robeco Large Cap Fund,Aerospace & Defence,2026-01-31,2.64
Canara Robeco Large Cap Fund,Agro Chemicals,2026-01-31,1.0
Canara Robeco Large Cap Fund,Air Transport Service,2026-01-31,1.19
Canara Robeco Large Cap Fund,Alcoholic Beverages,2026-01-31,1.15
Canara Robeco Large Cap Fund,Auto Ancillaries,2026-01-31,1.27
Canara Robeco Large Cap Fund,Automobile,2026-01-31,6.2
Canara Robeco Large Cap Fund,Banks,2026-01-31,26.99
Canara Robeco Large Cap Fund,Capital Goods - Electrical Equipment,2026-01-31,1.01
Canara Robeco Large Cap Fund,Cement,2026-01-31,2.44
Canara Robeco Large Cap Fund,Chemicals,2026-01-31,0.41
Canara Robeco Large Cap Fund,Debt Others,2026-01-31,2.6
Canara Robeco Large Cap Fund,Diamond Gems and Jewellery,2026-01-31,1.51
Canara Robeco Large Cap Fund,E-Commerce/App based Aggregator,2026-01-31,2.44
Canara Robeco Large Cap Fund,FMCG,2026-01-31,2.97
Canara Robeco Large Cap Fund,Finance,2026-01-31,5.27
Canara Robeco Large Cap Fund,Healthcare,2026-01-31,1.17
Canara Robeco Large Cap Fund,Hotels & Restaurants,2026-01-31,1.21
Canara Robeco Large Cap Fund,IT - Software,2026-01-31,9.45
Canara Robeco Large Cap Fund,Infrastructure Developers & Operators,2026-01-31,3.99
Canara Robeco Large Cap Fund,Insurance,2026-01-31,1.62
Canara Robeco Large Cap Fund,Non Ferrous Metals,2026-01-31,0.73
Canara Robeco Large Cap Fund,Paints/Varnish,2026-01-31,0.23
Canara Robeco Large Cap Fund,Pharmaceuticals,2026-01-31,4.95
Canara Robeco Large Cap Fund,Plantation & Plantation Products,2026-01-31,1.43
Canara Robeco Large Cap Fund,Power Generation & Distribution,2026-01-31,2.23
Canara Robeco Large Cap Fund,Preference n Warrants,2026-01-31,0.01
Canara Robeco Large Cap Fund,Realty,2026-01-31,0.38
Canara Robeco Large Cap Fund,Refineries,2026-01-31,5.29
Canara Robeco Large Cap Fund,Retail,2026-01-31,1.48
Canara Robeco Large Cap Fund,Steel,2026-01-31,1.12
Canara Robeco Large Cap Fund,Telecom-Service,2026-01-31,4.21
Canara Robeco Large Cap Fund,Tobacco Products,2026-01-31,1.41
Canara Robeco Large Cap Fund,Aerospace & Defence,2026-02-28,2.52
Canara Robeco Large Cap Fund,Agro Chemicals,2026-02-28,0.75
Canara Robeco Large Cap Fund,Air Transport Service,2026-02-28,1.24
Canara Robeco Large Cap Fund,Alcoholic Beverages,2026-02-28,1.17
Canara Robeco Large Cap Fund,Auto Ancillaries,2026-02-28,1.37
Canara Robeco Large Cap Fund,Automobile,2026-02-28,6.36
Canara Robeco Large Cap Fund,Banks,2026-02-28,27.08
Canara Robeco Large Cap Fund,Capital Goods - Electrical Equipment,2026-02-28,1.26
Canara Robeco Large Cap Fund,Cement,2026-02-28,2.47
Canara Robeco Large Cap Fund,Chemicals,2026-02-28,0.37
Canara Robeco Large Cap Fund,Debt Others,2026-02-28,2.81
Canara Robeco Large Cap Fund,Diamond Gems and Jewellery,2026-02-28,1.64
Canara Robeco Large Cap Fund,E-Commerce/App based Aggregator,2026-02-28,2.35
Canara Robeco Large Cap Fund,FMCG,2026-02-28,2.99
Canara Robeco Large Cap Fund,Finance,2026-02-28,5.67
Canara Robeco Large Cap Fund,Financial Services,2026-02-28,0.29
Canara Robeco Large Cap Fund,Healthcare,2026-02-28,1.34
Canara Robeco Large Cap Fund,Hotels & Restaurants,2026-02-28,1.2
Canara Robeco Large Cap Fund,IT - Software,2026-02-28,7.61
Canara Robeco Large Cap Fund,Infrastructure Developers & Operators,2026-02-28,4.33
Canara Robeco Large Cap Fund,Insurance,2026-02-28,1.65
Canara Robeco Large Cap Fund,Non Ferrous Metals,2026-02-28,0.22
Canara Robeco Large Cap Fund,Paints/Varnish,2026-02-28,0.22
Canara Robeco Large Cap Fund,Pharmaceuticals,2026-02-28,5.22
Canara Robeco Large Cap Fund,Plantation & Plantation Products,2026-02-28,1.43
Canara Robeco Large Cap Fund,Power Generation & Distribution,2026-02-28,2.35
Canara Robeco Large Cap Fund,Realty,2026-02-28,0.38
Canara Robeco Large Cap Fund,Refineries,2026-02-28,5.22
Canara Robeco Large Cap Fund,Retail,2026-02-28,1.62
Canara Robeco Large Cap Fund,Steel,2026-02-28,1.24
Canara Robeco Large Cap Fund,Telecom-Service,2026-02-28,4.25
Canara Robeco Large Cap Fund,Tobacco Products,2026-02-28,1.38
Canara Robeco Large Cap Fund,Aerospace & Defence,2026-03-31,2.35
Canara Robeco Large Cap Fund,Agro Chemicals,2026-03-31,0.74
Canara Robeco Large Cap Fund,Air Transport Service,2026-03-31,1.13
Canara Robeco Large Cap Fund,Alcoholic Beverages,2026-03-31,1.16
Canara Robeco Large Cap Fund,Auto Ancillaries,2026-03-31,1.27
Canara Robeco Large Cap Fund,Automobile,2026-03-31,6.42
Canara Robeco Large Cap Fund,Banks,2026-03-31,26.03
Canara Robeco Large Cap Fund,Capital Goods - Electrical Equipment,2026-03-31,1.27
Canara Robeco Large Cap Fund,Cement,2026-03-31,2.43
Canara Robeco Large Cap Fund,Chemicals,2026-03-31,0.4
Canara Robeco Large Cap Fund,Debt Others,2026-03-31,2.62
Canara Robeco Large Cap Fund,Diamond Gems and Jewellery,2026-03-31,1.65
Canara Robeco Large Cap Fund,E-Commerce/App based Aggregator,2026-03-31,2.61
Canara Robeco Large Cap Fund,FMCG,2026-03-31,2.93
Canara Robeco Large Cap Fund,Finance,2026-03-31,5.37
Canara Robeco Large Cap Fund,Financial Services,2026-03-31,0.43
Canara Robeco Large Cap Fund,Healthcare,2026-03-31,1.33
Canara Robeco Large Cap Fund,Hotels & Restaurants,2026-03-31,1.15
Canara Robeco Large Cap Fund,IT - Software,2026-03-31,8.53
Canara Robeco Large Cap Fund,Infrastructure Developers & Operators,2026-03-31,4.07
Canara Robeco Large Cap Fund,Insurance,2026-03-31,1.62
Canara Robeco Large Cap Fund,Non Ferrous Metals,2026-03-31,0.02
Canara Robeco Large Cap Fund,Paints/Varnish,2026-03-31,0.23
Canara Robeco Large Cap Fund,Pharmaceuticals,2026-03-31,5.34
Canara Robeco Large Cap Fund,Plantation & Plantation Products,2026-03-31,1.4
Canara Robeco Large Cap Fund,Power Generation & Distribution,2026-03-31,2.37
Canara Robeco Large Cap Fund,Preference n Warrants,2026-03-31,0.01
Canara Robeco Large Cap Fund,Realty,2026-03-31,0.4
Canara Robeco Large Cap Fund,Refineries,2026-03-31,5.65
Canara Robeco Large Cap Fund,Retail,2026-03-31,1.69
Canara Robeco Large Cap Fund,Steel,2026-03-31,1.25
Canara Robeco Large Cap Fund,Telecom-Service,2026-03-31,4.71
Canara Robeco Large Cap Fund,Tobacco Products,2026-03-31,1.42
Canara Robeco Large Cap Fund,Aerospace & Defence,2026-04-30,2.29
Canara Robeco Large Cap Fund,Agro Chemicals,2026-04-30,0.63
Canara Robeco Large Cap Fund,Air Transport Service,2026-04-30,1.13
Canara Robeco Large Cap Fund,Alcoholic Beverages,2026-04-30,1.16
Canara Robeco Large Cap Fund,Auto Ancillaries,2026-04-30,1.31
Canara Robeco Large Cap Fund,Automobile,2026-04-30,6.35
Canara Robeco Large Cap Fund,Banks,2026-04-30,26.06
Canara Robeco Large Cap Fund,Capital Goods - Electrical Equipment,2026-04-30,1.27
Canara Robeco Large Cap Fund,Cement,2026-04-30,2.45
Canara Robeco Large Cap Fund,Chemicals,2026-04-30,0.08
Canara Robeco Large Cap Fund,Debt Others,2026-04-30,3.76
Canara Robeco Large Cap Fund,Diamond Gems and Jewellery,2026-04-30,1.38
Canara Robeco Large Cap Fund,E-Commerce/App based Aggregator,2026-04-30,2.54
Canara Robeco Large Cap Fund,FMCG,2026-04-30,3.41
Canara Robeco Large Cap Fund,Finance,2026-04-30,5.63
Canara Robeco Large Cap Fund,Financial Services,2026-04-30,0.49
Canara Robeco Large Cap Fund,Healthcare,2026-04-30,1.26
Canara Robeco Large Cap Fund,Hotels & Restaurants,2026-04-30,1.18
Canara Robeco Large Cap Fund,IT - Software,2026-04-30,7.73
Canara Robeco Large Cap Fund,Infrastructure Developers & Operators,2026-04-30,4.23
Canara Robeco Large Cap Fund,Insurance,2026-04-30,1.31
Canara Robeco Large Cap Fund,Non Ferrous Metals,2026-04-30,0.02
Canara Robeco Large Cap Fund,Paints/Varnish,2026-04-30,0.24
Canara Robeco Large Cap Fund,Pharmaceuticals,2026-04-30,4.98
Canara Robeco Large Cap Fund,Plantation & Plantation Products,2026-04-30,1.45
Canara Robeco Large Cap Fund,Power Generation & Distribution,2026-04-30,2.38
Canara Robeco Large Cap Fund,Preference n Warrants,2026-04-30,0.01
Canara Robeco Large Cap Fund,Realty,2026-04-30,0.38
Canara Robeco Large Cap Fund,Refineries,2026-04-30,5.54
Canara Robeco Large Cap Fund,Retail,2026-04-30,1.87
Canara Robeco Large Cap Fund,Steel,2026-04-30,1.38
Canara Robeco Large Cap Fund,Telecom-Service,2026-04-30,4.67
Canara Robeco Large Cap Fund,Tobacco Products,2026-04-30,1.43
Canara Robeco Large Cap Fund,Aerospace & Defence,2026-05-31,2.25
Canara Robeco Large Cap Fund,Agro Chemicals,2026-05-31,0.41
Canara Robeco Large Cap Fund,Air Transport Service,2026-05-31,1.18
Canara Robeco Large Cap Fund,Alcoholic Beverages,2026-05-31,1.12
Canara Robeco Large Cap Fund,Auto Ancillaries,2026-05-31,1.53
Canara Robeco Large Cap Fund,Automobile,2026-05-31,6.36
Canara Robeco Large Cap Fund,Banks,2026-05-31,25.75
Canara Robeco Large Cap Fund,Capital Goods - Electrical Equipment,2026-05-31,1.35
Canara Robeco Large Cap Fund,Cement,2026-05-31,2.46
Canara Robeco Large Cap Fund,Chemicals,2026-05-31,0.17
Canara Robeco Large Cap Fund,Debt Others,2026-05-31,3.42
Canara Robeco Large Cap Fund,Diamond Gems and Jewellery,2026-05-31,1.18
Canara Robeco Large Cap Fund,E-Commerce/App based Aggregator,2026-05-31,2.77
Canara Robeco Large Cap Fund,FMCG,2026-05-31,3.6
Canara Robeco Large Cap Fund,Finance,2026-05-31,6.1
Canara Robeco Large Cap Fund,Financial Services,2026-05-31,0.5
Canara Robeco Large Cap Fund,Healthcare,2026-05-31,1.28
Canara Robeco Large Cap Fund,Hotels & Restaurants,2026-05-31,1.23
Canara Robeco Large Cap Fund,IT - Software,2026-05-31,7.59
Canara Robeco Large Cap Fund,Infrastructure Developers & Operators,2026-05-31,4.35
Canara Robeco Large Cap Fund,Insurance,2026-05-31,1.34
Canara Robeco Large Cap Fund,Non Ferrous Metals,2026-05-31,0.02
Canara Robeco Large Cap Fund,Paints/Varnish,2026-05-31,0.53
Canara Robeco Large Cap Fund,Pharmaceuticals,2026-05-31,5.11
Canara Robeco Large Cap Fund,Plantation & Plantation Products,2026-05-31,1.39
Canara Robeco Large Cap Fund,Power Generation & Distribution,2026-05-31,2.15
Canara Robeco Large Cap Fund,Realty,2026-05-31,0.4
Canara Robeco Large Cap Fund,Refineries,2026-05-31,5.18
Canara Robeco Large Cap Fund,Retail,2026-05-31,1.87
Canara Robeco Large Cap Fund,Steel,2026-05-31,1.51
Canara Robeco Large Cap Fund,Telecom-Service,2026-05-31,4.67
Canara Robeco Large Cap Fund,Tobacco Products,2026-05-31,1.23
DSP Large Cap Fund,Auto Ancillaries,2025-08-31,3.26
DSP Large Cap Fund,Automobile,2025-08-31,6.79
DSP Large Cap Fund,Banks,2025-08-31,29.92
DSP Large Cap Fund,Chemicals,2025-08-31,1.23
DSP Large Cap Fund,Crude Oil & Natural Gas,2025-08-31,3.08
DSP Large Cap Fund,Debt Others,2025-08-31,10.41
DSP Large Cap Fund,Finance,2025-08-31,4.91
DSP Large Cap Fund,Gas Distribution,2025-08-31,3.03
DSP Large Cap Fund,Healthcare,2025-08-31,1.06
DSP Large Cap Fund,IT - Software,2025-08-31,7.75
DSP Large Cap Fund,Insurance,2025-08-31,8.18
DSP Large Cap Fund,Pharmaceuticals,2025-08-31,8.73
DSP Large Cap Fund,Power Generation & Distribution,2025-08-31,4.9
DSP Large Cap Fund,Telecom Equipment & Infra Services,2025-08-31,1.55
DSP Large Cap Fund,Tobacco Products,2025-08-31,5.2
DSP Large Cap Fund,Auto Ancillaries,2025-09-30,3.58
DSP Large Cap Fund,Automobile,2025-09-30,6.96
DSP Large Cap Fund,Banks,2025-09-30,29.56
DSP Large Cap Fund,Chemicals,2025-09-30,1.04
DSP Large Cap Fund,Crude Oil & Natural Gas,2025-09-30,3.05
DSP Large Cap Fund,Debt Others,2025-09-30,9.41
DSP Large Cap Fund,Finance,2025-09-30,4.59
DSP Large Cap Fund,Gas Distribution,2025-09-30,3.54
DSP Large Cap Fund,Healthcare,2025-09-30,1.41
DSP Large Cap Fund,IT - Software,2025-09-30,8.26
DSP Large Cap Fund,Insurance,2025-09-30,7.9
DSP Large Cap Fund,Pharmaceuticals,2025-09-30,8.35
DSP Large Cap Fund,Power Generation & Distribution,2025-09-30,4.93
DSP Large Cap Fund,Telecom Equipment & Infra Services,2025-09-30,1.52
DSP Large Cap Fund,Tobacco Products,2025-09-30,5.9
DSP Large Cap Fund,Auto Ancillaries,2025-10-31,3.41
DSP Large Cap Fund,Automobile,2025-10-31,7.08
DSP Large Cap Fund,Banks,2025-10-31,30.73
DSP Large Cap Fund,Chemicals,2025-10-31,1.14
DSP Large Cap Fund,Crude Oil & Natural Gas,2025-10-31,3.1
DSP Large Cap Fund,Debt Others,2025-10-31,9.57
DSP Large Cap Fund,Finance,2025-10-31,4.0
DSP Large Cap Fund,Gas Distribution,2025-10-31,3.68
DSP Large Cap Fund,Healthcare,2025-10-31,1.48
DSP Large Cap Fund,IT - Software,2025-10-31,8.4
DSP Large Cap Fund,Insurance,2025-10-31,7.62
DSP Large Cap Fund,Pharmaceuticals,2025-10-31,7.7
DSP Large Cap Fund,Power Generation & Distribution,2025-10-31,4.66
DSP Large Cap Fund,Telecom Equipment & Infra Services,2025-10-31,1.53
DSP Large Cap Fund,Tobacco Products,2025-10-31,5.9
DSP Large Cap Fund,Auto Ancillaries,2025-11-30,3.64
DSP Large Cap Fund,Automobile,2025-11-30,6.87
DSP Large Cap Fund,Banks,2025-11-30,31.69
DSP Large Cap Fund,Chemicals,2025-11-30,1.13
DSP Large Cap Fund,Crude Oil & Natural Gas,2025-11-30,2.85
DSP Large Cap Fund,Debt Others,2025-11-30,9.37
DSP Large Cap Fund,Finance,2025-11-30,3.75
DSP Large Cap Fund,Gas Distribution,2025-11-30,3.56
DSP Large Cap Fund,Healthcare,2025-11-30,1.61
DSP Large Cap Fund,IT - Software,2025-11-30,9.22
DSP Large Cap Fund,Insurance,2025-11-30,6.81
DSP Large Cap Fund,Pharmaceuticals,2025-11-30,7.65
DSP Large Cap Fund,Power Generation & Distribution,2025-11-30,4.55
DSP Large Cap Fund,Telecom Equipment & Infra Services,2025-11-30,1.63
DSP Large Cap Fund,Tobacco Products,2025-11-30,5.67
DSP Large Cap Fund,Auto Ancillaries,2025-12-31,3.7
DSP Large Cap Fund,Automobile,2025-12-31,6.81
DSP Large Cap Fund,Banks,2025-12-31,31.24
DSP Large Cap Fund,Chemicals,2025-12-31,1.11
DSP Large Cap Fund,Crude Oil & Natural Gas,2025-12-31,2.78
DSP Large Cap Fund,Debt Others,2025-12-31,8.62
DSP Large Cap Fund,Finance,2025-12-31,5.36
DSP Large Cap Fund,Gas Distribution,2025-12-31,4.07
DSP Large Cap Fund,Healthcare,2025-12-31,1.59
DSP Large Cap Fund,IT - Software,2025-12-31,8.16
DSP Large Cap Fund,Insurance,2025-12-31,6.98
DSP Large Cap Fund,Pharmaceuticals,2025-12-31,7.49
DSP Large Cap Fund,Power Generation & Distribution,2025-12-31,4.53
DSP Large Cap Fund,Telecom Equipment & Infra Services,2025-12-31,1.49
DSP Large Cap Fund,Tobacco Products,2025-12-31,6.07
DSP Large Cap Fund,Auto Ancillaries,2026-01-31,3.64
DSP Large Cap Fund,Automobile,2026-01-31,6.54
DSP Large Cap Fund,Banks,2026-01-31,32.44
DSP Large Cap Fund,Chemicals,2026-01-31,1.02
DSP Large Cap Fund,Crude Oil & Natural Gas,2026-01-31,2.16
DSP Large Cap Fund,Debt Others,2026-01-31,8.3
DSP Large Cap Fund,Finance,2026-01-31,5.56
DSP Large Cap Fund,Gas Distribution,2026-01-31,4.1
DSP Large Cap Fund,Healthcare,2026-01-31,1.25
DSP Large Cap Fund,IT - Software,2026-01-31,8.69
DSP Large Cap Fund,Insurance,2026-01-31,6.88
DSP Large Cap Fund,Pharmaceuticals,2026-01-31,7.25
DSP Large Cap Fund,Power Generation & Distribution,2026-01-31,4.98
DSP Large Cap Fund,Telecom Equipment & Infra Services,2026-01-31,1.61
DSP Large Cap Fund,Tobacco Products,2026-01-31,5.58
DSP Large Cap Fund,Auto Ancillaries,2026-02-28,3.52
DSP Large Cap Fund,Automobile,2026-02-28,6.63
DSP Large Cap Fund,Banks,2026-02-28,30.94
DSP Large Cap Fund,Chemicals,2026-02-28,0.92
DSP Large Cap Fund,Crude Oil & Natural Gas,2026-02-28,1.81
DSP Large Cap Fund,Debt Others,2026-02-28,10.57
DSP Large Cap Fund,Finance,2026-02-28,5.37
DSP Large Cap Fund,Gas Distribution,2026-02-28,4.27
DSP Large Cap Fund,Healthcare,2026-02-28,1.1
DSP Large Cap Fund,IT - Software,2026-02-28,6.62
DSP Large Cap Fund,Insurance,2026-02-28,7.9
DSP Large Cap Fund,Pharmaceuticals,2026-02-28,7.19
DSP Large Cap Fund,Power Generation & Distribution,2026-02-28,5.26
DSP Large Cap Fund,Telecom Equipment & Infra Services,2026-02-28,1.23
DSP Large Cap Fund,Tobacco Products,2026-02-28,6.67
DSP Large Cap Fund,Auto Ancillaries,2026-03-31,3.04
DSP Large Cap Fund,Automobile,2026-03-31,7.43
DSP Large Cap Fund,Banks,2026-03-31,29.78
DSP Large Cap Fund,Chemicals,2026-03-31,0.94
DSP Large Cap Fund,Crude Oil & Natural Gas,2026-03-31,2.02
DSP Large Cap Fund,Debt Others,2026-03-31,9.72
DSP Large Cap Fund,Derivatives - Index,2026-03-31,0.16
DSP Large Cap Fund,Finance,2026-03-31,5.49
DSP Large Cap Fund,Gas Distribution,2026-03-31,3.58
DSP Large Cap Fund,Healthcare,2026-03-31,1.12
DSP Large Cap Fund,IT - Software,2026-03-31,6.41
DSP Large Cap Fund,Insurance,2026-03-31,7.74
DSP Large Cap Fund,Pharmaceuticals,2026-03-31,7.94
DSP Large Cap Fund,Power Generation & Distribution,2026-03-31,4.11
DSP Large Cap Fund,Telecom Equipment & Infra Services,2026-03-31,1.24
DSP Large Cap Fund,Telecom-Service,2026-03-31,2.15
DSP Large Cap Fund,Tobacco Products,2026-03-31,7.13
DSP Large Cap Fund,Auto Ancillaries,2026-04-30,3.15
DSP Large Cap Fund,Automobile,2026-04-30,8.06
DSP Large Cap Fund,Banks,2026-04-30,29.99
DSP Large Cap Fund,Chemicals,2026-04-30,1.14
DSP Large Cap Fund,Crude Oil & Natural Gas,2026-04-30,1.76
DSP Large Cap Fund,Debt Others,2026-04-30,9.12
DSP Large Cap Fund,Finance,2026-04-30,5.45
DSP Large Cap Fund,Gas Distribution,2026-04-30,2.88
DSP Large Cap Fund,Healthcare,2026-04-30,1.46
DSP Large Cap Fund,IT - Software,2026-04-30,5.67
DSP Large Cap Fund,Insurance,2026-04-30,7.32
DSP Large Cap Fund,Pharmaceuticals,2026-04-30,7.82
DSP Large Cap Fund,Power Generation & Distribution,2026-04-30,3.56
DSP Large Cap Fund,Telecom Equipment & Infra Services,2026-04-30,1.33
DSP Large Cap Fund,Telecom-Service,2026-04-30,4.11
DSP Large Cap Fund,Tobacco Products,2026-04-30,7.18
DSP Large Cap Fund,Aerospace & Defence,2026-05-31,0.75
DSP Large Cap Fund,Alcoholic Beverages,2026-05-31,1.01
DSP Large Cap Fund,Automobile,2026-05-31,11.47
DSP Large Cap Fund,Banks,2026-05-31,27.61
DSP Large Cap Fund,Cement,2026-05-31,2.65
DSP Large Cap Fund,Chemicals,2026-05-31,0.94
DSP Large Cap Fund,Crude Oil & Natural Gas,2026-05-31,1.1
DSP Large Cap Fund,Debt Others,2026-05-31,4.32
DSP Large Cap Fund,E-Commerce/App based Aggregator,2026-05-31,0.94
DSP Large Cap Fund,Finance,2026-05-31,1.66
DSP Large Cap Fund,Gas Distribution,2026-05-31,2.38
DSP Large Cap Fund,IT - Software,2026-05-31,5.61
DSP Large Cap Fund,Infrastructure Developers & Operators,2026-05-31,4.24
DSP Large Cap Fund,Insurance,2026-05-31,7.62
DSP Large Cap Fund,Paints/Varnish,2026-05-31,0.46
DSP Large Cap Fund,Pharmaceuticals,2026-05-31,4.43
DSP Large Cap Fund,Power Generation & Distribution,2026-05-31,3.41
DSP Large Cap Fund,Realty,2026-05-31,1.78
DSP Large Cap Fund,Refineries,2026-05-31,5.04
DSP Large Cap Fund,Retail,2026-05-31,0.53
DSP Large Cap Fund,Telecom Equipment & Infra Services,2026-05-31,1.43
DSP Large Cap Fund,Telecom-Service,2026-05-31,4.99
DSP Large Cap Fund,Tobacco Products,2026-05-31,5.63
Edelweiss Large Cap Fund,Aerospace & Defence,2025-08-31,2.67
Edelweiss Large Cap Fund,Air Transport Service,2025-08-31,0.83
Edelweiss Large Cap Fund,Alcoholic Beverages,2025-08-31,0.98
Edelweiss Large Cap Fund,Auto Ancillaries,2025-08-31,1.25
Edelweiss Large Cap Fund,Automobile,2025-08-31,6.22
Edelweiss Large Cap Fund,Banks,2025-08-31,21.78
Edelweiss Large Cap Fund,Bearings,2025-08-31,0.77
Edelweiss Large Cap Fund,Capital Goods - Electrical Equipment,2025-08-31,1.47
Edelweiss Large Cap Fund,Cement,2025-08-31,1.74
Edelweiss Large Cap Fund,Chemicals,2025-08-31,0.87
Edelweiss Large Cap Fund,Crude Oil & Natural Gas,2025-08-31,0.79
Edelweiss Large Cap Fund,Debt Others,2025-08-31,5.56
Edelweiss Large Cap Fund,E-Commerce/App based Aggregator,2025-08-31,1.23
Edelweiss Large Cap Fund,FMCG,2025-08-31,2.18
Edelweiss Large Cap Fund,Finance,2025-08-31,5.33
Edelweiss Large Cap Fund,Financial Services,2025-08-31,0.71
Edelweiss Large Cap Fund,Healthcare,2025-08-31,3.13
Edelweiss Large Cap Fund,Hotels & Restaurants,2025-08-31,1.02
Edelweiss Large Cap Fund,IT - Software,2025-08-31,6.95
Edelweiss Large Cap Fund,Infrastructure Developers & Operators,2025-08-31,3.8
Edelweiss Large Cap Fund,Insurance,2025-08-31,3.63
Edelweiss Large Cap Fund,Non Ferrous Metals,2025-08-31,0.81
Edelweiss Large Cap Fund,Paints/Varnish,2025-08-31,0.82
Edelweiss Large Cap Fund,Pharmaceuticals,2025-08-31,7.14
Edelweiss Large Cap Fund,Plantation & Plantation Products,2025-08-31,0.65
Edelweiss Large Cap Fund,Power Generation & Distribution,2025-08-31,2.89
Edelweiss Large Cap Fund,Preference n Warrants,2025-08-31,0.01
Edelweiss Large Cap Fund,Railways,2025-08-31,0.66
Edelweiss Large Cap Fund,Readymade Garments/ Apparells,2025-08-31,0.0
Edelweiss Large Cap Fund,Refineries,2025-08-31,6.91
Edelweiss Large Cap Fund,Retail,2025-08-31,0.38
Edelweiss Large Cap Fund,Steel,2025-08-31,0.48
Edelweiss Large Cap Fund,T Bills,2025-08-31,0.54
Edelweiss Large Cap Fund,Telecom-Service,2025-08-31,3.26
Edelweiss Large Cap Fund,Tobacco Products,2025-08-31,2.54
Edelweiss Large Cap Fund,Aerospace & Defence,2025-09-30,1.32
Edelweiss Large Cap Fund,Air Transport Service,2025-09-30,1.43
Edelweiss Large Cap Fund,Alcoholic Beverages,2025-09-30,0.49
Edelweiss Large Cap Fund,Auto Ancillaries,2025-09-30,1.22
Edelweiss Large Cap Fund,Automobile,2025-09-30,8.34
Edelweiss Large Cap Fund,Banks,2025-09-30,24.36
Edelweiss Large Cap Fund,Bearings,2025-09-30,0.81
Edelweiss Large Cap Fund,Cables,2025-09-30,0.49
Edelweiss Large Cap Fund,Capital Goods - Electrical Equipment,2025-09-30,1.02
Edelweiss Large Cap Fund,Capital Goods-Non Electrical Equipment,2025-09-30,0.68
Edelweiss Large Cap Fund,Cement,2025-09-30,1.93
Edelweiss Large Cap Fund,Chemicals,2025-09-30,0.8
Edelweiss Large Cap Fund,Crude Oil & Natural Gas,2025-09-30,0.78
Edelweiss Large Cap Fund,Debt Others,2025-09-30,2.5
Edelweiss Large Cap Fund,E-Commerce/App based Aggregator,2025-09-30,1.89
Edelweiss Large Cap Fund,FMCG,2025-09-30,2.06
Edelweiss Large Cap Fund,Finance,2025-09-30,5.79
Edelweiss Large Cap Fund,Healthcare,2025-09-30,2.88
Edelweiss Large Cap Fund,Hotels & Restaurants,2025-09-30,0.68
Edelweiss Large Cap Fund,IT - Software,2025-09-30,6.85
Edelweiss Large Cap Fund,Infrastructure Developers & Operators,2025-09-30,4.11
Edelweiss Large Cap Fund,Insurance,2025-09-30,2.32
Edelweiss Large Cap Fund,Non Ferrous Metals,2025-09-30,1.3
Edelweiss Large Cap Fund,Paints/Varnish,2025-09-30,1.16
Edelweiss Large Cap Fund,Pharmaceuticals,2025-09-30,6.35
Edelweiss Large Cap Fund,Plantation & Plantation Products,2025-09-30,0.41
Edelweiss Large Cap Fund,Power Generation & Distribution,2025-09-30,3.73
Edelweiss Large Cap Fund,Preference n Warrants,2025-09-30,0.01
Edelweiss Large Cap Fund,Railways,2025-09-30,0.65
Edelweiss Large Cap Fund,Readymade Garments/ Apparells,2025-09-30,0.12
Edelweiss Large Cap Fund,Refineries,2025-09-30,6.23
Edelweiss Large Cap Fund,Retail,2025-09-30,0.77
Edelweiss Large Cap Fund,Steel,2025-09-30,0.5
Edelweiss Large Cap Fund,T Bills,2025-09-30,0.52
Edelweiss Large Cap Fund,Telecom-Service,2025-09-30,3.1
Edelweiss Large Cap Fund,Tobacco Products,2025-09-30,2.4
Edelweiss Large Cap Fund,Aerospace & Defence,2025-10-31,1.31
Edelweiss Large Cap Fund,Air Transport Service,2025-10-31,1.37
Edelweiss Large Cap Fund,Alcoholic Beverages,2025-10-31,0.5
Edelweiss Large Cap Fund,Auto Ancillaries,2025-10-31,1.14
Edelweiss Large Cap Fund,Automobile,2025-10-31,8.83
Edelweiss Large Cap Fund,Banks,2025-10-31,24.15
Edelweiss Large Cap Fund,Bearings,2025-10-31,0.73
Edelweiss Large Cap Fund,Cables,2025-10-31,0.49
Edelweiss Large Cap Fund,Capital Goods - Electrical Equipment,2025-10-31,0.99
Edelweiss Large Cap Fund,Capital Goods-Non Electrical Equipment,2025-10-31,0.71
Edelweiss Large Cap Fund,Cement,2025-10-31,1.79
Edelweiss Large Cap Fund,Chemicals,2025-10-31,0.75
Edelweiss Large Cap Fund,Consumer Durables,2025-10-31,0.57
Edelweiss Large Cap Fund,Crude Oil & Natural Gas,2025-10-31,0.79
Edelweiss Large Cap Fund,Debt Others,2025-10-31,2.94
Edelweiss Large Cap Fund,E-Commerce/App based Aggregator,2025-10-31,1.73
Edelweiss Large Cap Fund,FMCG,2025-10-31,1.92
Edelweiss Large Cap Fund,Finance,2025-10-31,4.83
Edelweiss Large Cap Fund,Healthcare,2025-10-31,2.84
Edelweiss Large Cap Fund,Hotels & Restaurants,2025-10-31,0.67
Edelweiss Large Cap Fund,IT - Software,2025-10-31,6.88
Edelweiss Large Cap Fund,Infrastructure Developers & Operators,2025-10-31,4.3
Edelweiss Large Cap Fund,Insurance,2025-10-31,2.22
Edelweiss Large Cap Fund,Non Ferrous Metals,2025-10-31,1.2
Edelweiss Large Cap Fund,Paints/Varnish,2025-10-31,1.17
Edelweiss Large Cap Fund,Pharmaceuticals,2025-10-31,6.83
Edelweiss Large Cap Fund,Plantation & Plantation Products,2025-10-31,0.4
Edelweiss Large Cap Fund,Power Generation & Distribution,2025-10-31,3.57
Edelweiss Large Cap Fund,Preference n Warrants,2025-10-31,0.01
Edelweiss Large Cap Fund,Railways,2025-10-31,0.63
Edelweiss Large Cap Fund,Readymade Garments/ Apparells,2025-10-31,0.0
Edelweiss Large Cap Fund,Refineries,2025-10-31,6.44
Edelweiss Large Cap Fund,Retail,2025-10-31,0.68
Edelweiss Large Cap Fund,Steel,2025-10-31,0.51
Edelweiss Large Cap Fund,T Bills,2025-10-31,0.5
Edelweiss Large Cap Fund,Telecom-Service,2025-10-31,3.23
Edelweiss Large Cap Fund,Tobacco Products,2025-10-31,2.38
Edelweiss Large Cap Fund,Aerospace & Defence,2025-11-30,0.66
Edelweiss Large Cap Fund,Air Transport Service,2025-11-30,1.04
Edelweiss Large Cap Fund,Auto Ancillaries,2025-11-30,1.61
Edelweiss Large Cap Fund,Automobile,2025-11-30,9.15
Edelweiss Large Cap Fund,Banks,2025-11-30,26.48
Edelweiss Large Cap Fund,Bearings,2025-11-30,0.69
Edelweiss Large Cap Fund,Cables,2025-11-30,0.63
Edelweiss Large Cap Fund,Capital Goods - Electrical Equipment,2025-11-30,0.91
Edelweiss Large Cap Fund,Capital Goods-Non Electrical Equipment,2025-11-30,0.72
Edelweiss Large Cap Fund,Cement,2025-11-30,1.7
Edelweiss Large Cap Fund,Chemicals,2025-11-30,0.74
Edelweiss Large Cap Fund,Consumer Durables,2025-11-30,0.29
Edelweiss Large Cap Fund,Debt Others,2025-11-30,3.93
Edelweiss Large Cap Fund,Diamond Gems and Jewellery,2025-11-30,0.99
Edelweiss Large Cap Fund,E-Commerce/App based Aggregator,2025-11-30,0.95
Edelweiss Large Cap Fund,FMCG,2025-11-30,2.89
Edelweiss Large Cap Fund,Finance,2025-11-30,4.68
Edelweiss Large Cap Fund,Healthcare,2025-11-30,2.64
Edelweiss Large Cap Fund,IT - Software,2025-11-30,6.42
Edelweiss Large Cap Fund,Infrastructure Developers & Operators,2025-11-30,4.23
Edelweiss Large Cap Fund,Insurance,2025-11-30,2.45
Edelweiss Large Cap Fund,Non Ferrous Metals,2025-11-30,1.11
Edelweiss Large Cap Fund,Paints/Varnish,2025-11-30,1.31
Edelweiss Large Cap Fund,Pharmaceuticals,2025-11-30,5.96
Edelweiss Large Cap Fund,Plantation & Plantation Products,2025-11-30,0.74
Edelweiss Large Cap Fund,Power Generation & Distribution,2025-11-30,2.21
Edelweiss Large Cap Fund,Preference n Warrants,2025-11-30,0.01
Edelweiss Large Cap Fund,Railways,2025-11-30,0.59
Edelweiss Large Cap Fund,Readymade Garments/ Apparells,2025-11-30,0.0
Edelweiss Large Cap Fund,Refineries,2025-11-30,6.62
Edelweiss Large Cap Fund,Retail,2025-11-30,0.35
Edelweiss Large Cap Fund,Steel,2025-11-30,0.91
Edelweiss Large Cap Fund,T Bills,2025-11-30,0.48
Edelweiss Large Cap Fund,Telecom Equipment & Infra Services,2025-11-30,0.48
Edelweiss Large Cap Fund,Telecom-Service,2025-11-30,3.2
Edelweiss Large Cap Fund,Tobacco Products,2025-11-30,2.23
Edelweiss Large Cap Fund,Air Transport Service,2025-12-31,0.88
Edelweiss Large Cap Fund,Auto Ancillaries,2025-12-31,1.03
Edelweiss Large Cap Fund,Automobile,2025-12-31,9.17
Edelweiss Large Cap Fund,Banks,2025-12-31,26.44
Edelweiss Large Cap Fund,Bearings,2025-12-31,0.93
Edelweiss Large Cap Fund,Capital Goods - Electrical Equipment,2025-12-31,0.99
Edelweiss Large Cap Fund,Capital Goods-Non Electrical Equipment,2025-12-31,0.97
Edelweiss Large Cap Fund,Cement,2025-12-31,1.71
Edelweiss Large Cap Fund,Chemicals,2025-12-31,0.75
Edelweiss Large Cap Fund,Consumer Durables,2025-12-31,0.26
Edelweiss Large Cap Fund,Debt Others,2025-12-31,2.37
Edelweiss Large Cap Fund,Diamond Gems and Jewellery,2025-12-31,1.02
Edelweiss Large Cap Fund,E-Commerce/App based Aggregator,2025-12-31,1.03
Edelweiss Large Cap Fund,FMCG,2025-12-31,2.39
Edelweiss Large Cap Fund,Finance,2025-12-31,6.87
Edelweiss Large Cap Fund,Healthcare,2025-12-31,2.49
Edelweiss Large Cap Fund,IT - Software,2025-12-31,7.32
Edelweiss Large Cap Fund,Infrastructure Developers & Operators,2025-12-31,4.21
Edelweiss Large Cap Fund,Insurance,2025-12-31,2.45
Edelweiss Large Cap Fund,Non Ferrous Metals,2025-12-31,1.54
Edelweiss Large Cap Fund,Other,2025-12-31,0.02
Edelweiss Large Cap Fund,Paints/Varnish,2025-12-31,0.69
Edelweiss Large Cap Fund,Pharmaceuticals,2025-12-31,5.3
Edelweiss Large Cap Fund,Plantation & Plantation Products,2025-12-31,0.74
Edelweiss Large Cap Fund,Power Generation & Distribution,2025-12-31,2.19
Edelweiss Large Cap Fund,Preference n Warrants,2025-12-31,0.01
Edelweiss Large Cap Fund,Railways,2025-12-31,0.58
Edelweiss Large Cap Fund,Refineries,2025-12-31,7.66
Edelweiss Large Cap Fund,Retail,2025-12-31,0.47
Edelweiss Large Cap Fund,Steel,2025-12-31,0.98
Edelweiss Large Cap Fund,T Bills,2025-12-31,0.48
Edelweiss Large Cap Fund,Telecom Equipment & Infra Services,2025-12-31,0.5
Edelweiss Large Cap Fund,Telecom-Service,2025-12-31,3.35
Edelweiss Large Cap Fund,Tobacco Products,2025-12-31,2.21
Edelweiss Large Cap Fund,Air Transport Service,2026-01-31,0.81
Edelweiss Large Cap Fund,Auto Ancillaries,2026-01-31,0.96
Edelweiss Large Cap Fund,Automobile,2026-01-31,7.71
Edelweiss Large Cap Fund,Banks,2026-01-31,27.0
Edelweiss Large Cap Fund,Bearings,2026-01-31,0.88
Edelweiss Large Cap Fund,Capital Goods - Electrical Equipment,2026-01-31,1.03
Edelweiss Large Cap Fund,Capital Goods-Non Electrical Equipment,2026-01-31,0.05
Edelweiss Large Cap Fund,Cement,2026-01-31,1.86
Edelweiss Large Cap Fund,Chemicals,2026-01-31,0.73
Edelweiss Large Cap Fund,Consumer Durables,2026-01-31,0.26
Edelweiss Large Cap Fund,Debt Others,2026-01-31,5.61
Edelweiss Large Cap Fund,Diamond Gems and Jewellery,2026-01-31,1.01
Edelweiss Large Cap Fund,E-Commerce/App based Aggregator,2026-01-31,1.02
Edelweiss Large Cap Fund,FMCG,2026-01-31,2.45
Edelweiss Large Cap Fund,Finance,2026-01-31,6.78
Edelweiss Large Cap Fund,Healthcare,2026-01-31,2.44
Edelweiss Large Cap Fund,IT - Software,2026-01-31,7.5
Edelweiss Large Cap Fund,Infrastructure Developers & Operators,2026-01-31,4.09
Edelweiss Large Cap Fund,Insurance,2026-01-31,2.41
Edelweiss Large Cap Fund,Non Ferrous Metals,2026-01-31,1.69
Edelweiss Large Cap Fund,Paints/Varnish,2026-01-31,0.61
Edelweiss Large Cap Fund,Pharmaceuticals,2026-01-31,5.2
Edelweiss Large Cap Fund,Plantation & Plantation Products,2026-01-31,0.71
Edelweiss Large Cap Fund,Power Generation & Distribution,2026-01-31,2.34
Edelweiss Large Cap Fund,Preference n Warrants,2026-01-31,0.01
Edelweiss Large Cap Fund,Railways,2026-01-31,0.53
Edelweiss Large Cap Fund,Refineries,2026-01-31,6.88
Edelweiss Large Cap Fund,Retail,2026-01-31,0.46
Edelweiss Large Cap Fund,Steel,2026-01-31,1.04
Edelweiss Large Cap Fund,T Bills,2026-01-31,0.48
Edelweiss Large Cap Fund,Telecom Equipment & Infra Services,2026-01-31,0.54
Edelweiss Large Cap Fund,Telecom-Service,2026-01-31,3.13
Edelweiss Large Cap Fund,Tobacco Products,2026-01-31,1.78
Edelweiss Large Cap Fund,Air Transport Service,2026-02-28,0.83
Edelweiss Large Cap Fund,Auto Ancillaries,2026-02-28,0.78
Edelweiss Large Cap Fund,Automobile,2026-02-28,7.44
Edelweiss Large Cap Fund,Banks,2026-02-28,25.59
Edelweiss Large Cap Fund,Bearings,2026-02-28,1.03
Edelweiss Large Cap Fund,Capital Goods - Electrical Equipment,2026-02-28,1.2
Edelweiss Large Cap Fund,Capital Goods-Non Electrical Equipment,2026-02-28,0.06
Edelweiss Large Cap Fund,Cement,2026-02-28,1.81
Edelweiss Large Cap Fund,Chemicals,2026-02-28,1.03
Edelweiss Large Cap Fund,Crude Oil & Natural Gas,2026-02-28,0.65
Edelweiss Large Cap Fund,Debt Others,2026-02-28,4.85
Edelweiss Large Cap Fund,Diamond Gems and Jewellery,2026-02-28,2.09
Edelweiss Large Cap Fund,E-Commerce/App based Aggregator,2026-02-28,0.71
Edelweiss Large Cap Fund,FMCG,2026-02-28,3.98
Edelweiss Large Cap Fund,Finance,2026-02-28,6.65
Edelweiss Large Cap Fund,Healthcare,2026-02-28,2.28
Edelweiss Large Cap Fund,IT - Software,2026-02-28,6.02
Edelweiss Large Cap Fund,Infrastructure Developers & Operators,2026-02-28,4.35
Edelweiss Large Cap Fund,Insurance,2026-02-28,2.21
Edelweiss Large Cap Fund,Mining & Mineral products,2026-02-28,0.49
Edelweiss Large Cap Fund,Non Ferrous Metals,2026-02-28,0.75
Edelweiss Large Cap Fund,Paints/Varnish,2026-02-28,0.58
Edelweiss Large Cap Fund,Pharmaceuticals,2026-02-28,5.07
Edelweiss Large Cap Fund,Plantation & Plantation Products,2026-02-28,0.7
Edelweiss Large Cap Fund,Power Generation & Distribution,2026-02-28,2.74
Edelweiss Large Cap Fund,Preference n Warrants,2026-02-28,0.01
Edelweiss Large Cap Fund,Railways,2026-02-28,0.48
Edelweiss Large Cap Fund,Refineries,2026-02-28,6.52
Edelweiss Large Cap Fund,Retail,2026-02-28,0.94
Edelweiss Large Cap Fund,Steel,2026-02-28,1.12
Edelweiss Large Cap Fund,T Bills,2026-02-28,0.48
Edelweiss Large Cap Fund,Telecom Equipment & Infra Services,2026-02-28,0.83
Edelweiss Large Cap Fund,Telecom-Service,2026-02-28,3.61
Edelweiss Large Cap Fund,Tobacco Products,2026-02-28,2.12
Edelweiss Large Cap Fund,Aerospace & Defence,2026-03-31,0.47
Edelweiss Large Cap Fund,Air Transport Service,2026-03-31,0.76
Edelweiss Large Cap Fund,Auto Ancillaries,2026-03-31,0.55
Edelweiss Large Cap Fund,Automobile,2026-03-31,7.87
Edelweiss Large Cap Fund,Banks,2026-03-31,23.85
Edelweiss Large Cap Fund,Bearings,2026-03-31,1.02
Edelweiss Large Cap Fund,Capital Goods - Electrical Equipment,2026-03-31,1.26
Edelweiss Large Cap Fund,Cement,2026-03-31,1.72
Edelweiss Large Cap Fund,Chemicals,2026-03-31,0.99
Edelweiss Large Cap Fund,Crude Oil & Natural Gas,2026-03-31,0.73
Edelweiss Large Cap Fund,Debt Others,2026-03-31,7.63
Edelweiss Large Cap Fund,Diamond Gems and Jewellery,2026-03-31,2.52
Edelweiss Large Cap Fund,E-Commerce/App based Aggregator,2026-03-31,1.26
Edelweiss Large Cap Fund,FMCG,2026-03-31,3.96
Edelweiss Large Cap Fund,Finance,2026-03-31,3.9
Edelweiss Large Cap Fund,Healthcare,2026-03-31,2.36
Edelweiss Large Cap Fund,IT - Software,2026-03-31,-2.84
Edelweiss Large Cap Fund,Infrastructure Developers & Operators,2026-03-31,4.25
Edelweiss Large Cap Fund,Insurance,2026-03-31,2.08
Edelweiss Large Cap Fund,Mining & Mineral products,2026-03-31,0.51
Edelweiss Large Cap Fund,Non Ferrous Metals,2026-03-31,0.8
Edelweiss Large Cap Fund,Paints/Varnish,2026-03-31,0.59
Edelweiss Large Cap Fund,Pharmaceuticals,2026-03-31,6.16
Edelweiss Large Cap Fund,Plantation & Plantation Products,2026-03-31,0.7
Edelweiss Large Cap Fund,Power Generation & Distribution,2026-03-31,2.98
Edelweiss Large Cap Fund,Preference n Warrants,2026-03-31,0.01
Edelweiss Large Cap Fund,Railways,2026-03-31,0.46
Edelweiss Large Cap Fund,Refineries,2026-03-31,6.79
Edelweiss Large Cap Fund,Retail,2026-03-31,1.01
Edelweiss Large Cap Fund,Steel,2026-03-31,1.14
Edelweiss Large Cap Fund,T Bills,2026-03-31,1.49
Edelweiss Large Cap Fund,Telecom Equipment & Infra Services,2026-03-31,1.25
Edelweiss Large Cap Fund,Telecom-Service,2026-03-31,3.82
Edelweiss Large Cap Fund,Tobacco Products,2026-03-31,2.18
Edelweiss Large Cap Fund,Unspecified Sector,2026-03-31,1.11
Edelweiss Large Cap Fund,Aerospace & Defence,2026-04-30,0.46
Edelweiss Large Cap Fund,Air Transport Service,2026-04-30,0.76
Edelweiss Large Cap Fund,Auto Ancillaries,2026-04-30,1.21
Edelweiss Large Cap Fund,Automobile,2026-04-30,7.63
Edelweiss Large Cap Fund,Banks,2026-04-30,23.27
Edelweiss Large Cap Fund,Bearings,2026-04-30,1.0
Edelweiss Large Cap Fund,Capital Goods - Electrical Equipment,2026-04-30,1.42
Edelweiss Large Cap Fund,Cement,2026-04-30,1.7
Edelweiss Large Cap Fund,Chemicals,2026-04-30,0.98
Edelweiss Large Cap Fund,Crude Oil & Natural Gas,2026-04-30,0.71
Edelweiss Large Cap Fund,Debt Others,2026-04-30,3.98
Edelweiss Large Cap Fund,Diamond Gems and Jewellery,2026-04-30,2.57
Edelweiss Large Cap Fund,E-Commerce/App based Aggregator,2026-04-30,1.21
Edelweiss Large Cap Fund,FMCG,2026-04-30,4.02
Edelweiss Large Cap Fund,Finance,2026-04-30,6.98
Edelweiss Large Cap Fund,Healthcare,2026-04-30,2.28
Edelweiss Large Cap Fund,IT - Software,2026-04-30,2.97
Edelweiss Large Cap Fund,Infrastructure Developers & Operators,2026-04-30,4.47
Edelweiss Large Cap Fund,Insurance,2026-04-30,1.92
Edelweiss Large Cap Fund,Mining & Mineral products,2026-04-30,0.55
Edelweiss Large Cap Fund,Non Ferrous Metals,2026-04-30,0.87
Edelweiss Large Cap Fund,Paints/Varnish,2026-04-30,0.61
Edelweiss Large Cap Fund,Pharmaceuticals,2026-04-30,5.76
Edelweiss Large Cap Fund,Plantation & Plantation Products,2026-04-30,0.72
Edelweiss Large Cap Fund,Power Generation & Distribution,2026-04-30,2.94
Edelweiss Large Cap Fund,Preference n Warrants,2026-04-30,0.01
Edelweiss Large Cap Fund,Railways,2026-04-30,0.46
Edelweiss Large Cap Fund,Refineries,2026-04-30,6.65
Edelweiss Large Cap Fund,Retail,2026-04-30,1.09
Edelweiss Large Cap Fund,Steel,2026-04-30,1.21
Edelweiss Large Cap Fund,T Bills,2026-04-30,1.14
Edelweiss Large Cap Fund,Telecom Equipment & Infra Services,2026-04-30,1.12
Edelweiss Large Cap Fund,Telecom-Service,2026-04-30,3.72
Edelweiss Large Cap Fund,Tobacco Products,2026-04-30,2.19
Edelweiss Large Cap Fund,Unspecified Sector,2026-04-30,1.93
Edelweiss Large Cap Fund,Aerospace & Defence,2026-05-31,2.07
Edelweiss Large Cap Fund,Air Transport Service,2026-05-31,0.79
Edelweiss Large Cap Fund,Auto Ancillaries,2026-05-31,1.34
Edelweiss Large Cap Fund,Automobile,2026-05-31,6.81
Edelweiss Large Cap Fund,Banks,2026-05-31,23.72
Edelweiss Large Cap Fund,Bearings,2026-05-31,1.01
Edelweiss Large Cap Fund,Capital Goods - Electrical Equipment,2026-05-31,2.76
Edelweiss Large Cap Fund,Capital Goods-Non Electrical Equipment,2026-05-31,0.9
Edelweiss Large Cap Fund,Cement,2026-05-31,1.71
Edelweiss Large Cap Fund,Crude Oil & Natural Gas,2026-05-31,0.64
Edelweiss Large Cap Fund,Debt Others,2026-05-31,2.1
Edelweiss Large Cap Fund,Diamond Gems and Jewellery,2026-05-31,2.41
Edelweiss Large Cap Fund,E-Commerce/App based Aggregator,2026-05-31,1.25
Edelweiss Large Cap Fund,FMCG,2026-05-31,2.73
Edelweiss Large Cap Fund,Finance,2026-05-31,6.27
Edelweiss Large Cap Fund,Healthcare,2026-05-31,2.44
Edelweiss Large Cap Fund,IT - Software,2026-05-31,3.31
Edelweiss Large Cap Fund,Infrastructure Developers & Operators,2026-05-31,4.6
Edelweiss Large Cap Fund,Insurance,2026-05-31,0.54
Edelweiss Large Cap Fund,Mining & Mineral products,2026-05-31,1.04
Edelweiss Large Cap Fund,Non Ferrous Metals,2026-05-31,0.95
Edelweiss Large Cap Fund,Paints/Varnish,2026-05-31,0.68
Edelweiss Large Cap Fund,Pharmaceuticals,2026-05-31,7.54
Edelweiss Large Cap Fund,Power Generation & Distribution,2026-05-31,3.54
Edelweiss Large Cap Fund,Railways,2026-05-31,0.44
Edelweiss Large Cap Fund,Refineries,2026-05-31,6.57
Edelweiss Large Cap Fund,Retail,2026-05-31,1.21
Edelweiss Large Cap Fund,Steel,2026-05-31,1.28
Edelweiss Large Cap Fund,T Bills,2026-05-31,1.15
Edelweiss Large Cap Fund,Telecom Equipment & Infra Services,2026-05-31,1.23
Edelweiss Large Cap Fund,Telecom-Service,2026-05-31,3.65
Edelweiss Large Cap Fund,Tobacco Products,2026-05-31,2.02
Edelweiss Large Cap Fund,Unspecified Sector,2026-05-31,0.76
Franklin India Large Cap Fund,Air Transport Service,2025-08-31,2.73
Franklin India Large Cap Fund,Automobile,2025-08-31,7.98
Franklin India Large Cap Fund,Banks,2025-08-31,26.73
Franklin India Large Cap Fund,Bearings,2025-08-31,0.12
Franklin India Large Cap Fund,Capital Goods-Non Electrical Equipment,2025-08-31,2.18
Franklin India Large Cap Fund,Cement,2025-08-31,1.05
Franklin India Large Cap Fund,Debt Others,2025-08-31,1.32
Franklin India Large Cap Fund,Diamond Gems and Jewellery,2025-08-31,1.62
Franklin India Large Cap Fund,E-Commerce/App based Aggregator,2025-08-31,8.27
Franklin India Large Cap Fund,FMCG,2025-08-31,6.42
Franklin India Large Cap Fund,Finance,2025-08-31,2.88
Franklin India Large Cap Fund,Healthcare,2025-08-31,1.64
Franklin India Large Cap Fund,IT - Software,2025-08-31,14.21
Franklin India Large Cap Fund,Infrastructure Developers & Operators,2025-08-31,3.05
Franklin India Large Cap Fund,Insurance,2025-08-31,1.98
Franklin India Large Cap Fund,Pharmaceuticals,2025-08-31,7.98
Franklin India Large Cap Fund,Plantation & Plantation Products,2025-08-31,1.52
Franklin India Large Cap Fund,Power Generation & Distribution,2025-08-31,1.62
Franklin India Large Cap Fund,Realty,2025-08-31,1.27
Franklin India Large Cap Fund,Refineries,2025-08-31,3.91
Franklin India Large Cap Fund,Retail,2025-08-31,1.52
Franklin India Large Cap Fund,Air Transport Service,2025-09-30,2.71
Franklin India Large Cap Fund,Automobile,2025-09-30,7.06
Franklin India Large Cap Fund,Banks,2025-09-30,27.53
Franklin India Large Cap Fund,Capital Goods-Non Electrical Equipment,2025-09-30,1.81
Franklin India Large Cap Fund,Cement,2025-09-30,1.02
Franklin India Large Cap Fund,Debt Others,2025-09-30,3.87
Franklin India Large Cap Fund,Diamond Gems and Jewellery,2025-09-30,1.51
Franklin India Large Cap Fund,E-Commerce/App based Aggregator,2025-09-30,7.49
Franklin India Large Cap Fund,FMCG,2025-09-30,6.06
Franklin India Large Cap Fund,Finance,2025-09-30,3.14
Franklin India Large Cap Fund,Healthcare,2025-09-30,1.6
Franklin India Large Cap Fund,IT - Software,2025-09-30,13.64
Franklin India Large Cap Fund,Infrastructure Developers & Operators,2025-09-30,3.11
Franklin India Large Cap Fund,Insurance,2025-09-30,2.0
Franklin India Large Cap Fund,Pharmaceuticals,2025-09-30,8.04
Franklin India Large Cap Fund,Plantation & Plantation Products,2025-09-30,1.34
Franklin India Large Cap Fund,Power Generation & Distribution,2025-09-30,1.69
Franklin India Large Cap Fund,Realty,2025-09-30,1.1
Franklin India Large Cap Fund,Refineries,2025-09-30,3.94
Franklin India Large Cap Fund,Retail,2025-09-30,1.34
Franklin India Large Cap Fund,Air Transport Service,2025-10-31,1.96
Franklin India Large Cap Fund,Automobile,2025-10-31,6.76
Franklin India Large Cap Fund,Banks,2025-10-31,27.97
Franklin India Large Cap Fund,Capital Goods-Non Electrical Equipment,2025-10-31,1.62
Franklin India Large Cap Fund,Cement,2025-10-31,0.97
Franklin India Large Cap Fund,Debt Others,2025-10-31,4.62
Franklin India Large Cap Fund,Diamond Gems and Jewellery,2025-10-31,1.88
Franklin India Large Cap Fund,E-Commerce/App based Aggregator,2025-10-31,7.24
Franklin India Large Cap Fund,FMCG,2025-10-31,5.05
Franklin India Large Cap Fund,Finance,2025-10-31,2.62
Franklin India Large Cap Fund,Healthcare,2025-10-31,1.86
Franklin India Large Cap Fund,IT - Software,2025-10-31,14.13
Franklin India Large Cap Fund,Infrastructure Developers & Operators,2025-10-31,3.31
Franklin India Large Cap Fund,Insurance,2025-10-31,2.5
Franklin India Large Cap Fund,Pharmaceuticals,2025-10-31,7.89
Franklin India Large Cap Fund,Plantation & Plantation Products,2025-10-31,0.51
Franklin India Large Cap Fund,Power Generation & Distribution,2025-10-31,1.7
Franklin India Large Cap Fund,Realty,2025-10-31,1.33
Franklin India Large Cap Fund,Refineries,2025-10-31,4.79
Franklin India Large Cap Fund,Retail,2025-10-31,1.31
Franklin India Large Cap Fund,Air Transport Service,2025-11-30,2.02
Franklin India Large Cap Fund,Automobile,2025-11-30,6.79
Franklin India Large Cap Fund,Banks,2025-11-30,27.6
Franklin India Large Cap Fund,Capital Goods-Non Electrical Equipment,2025-11-30,1.34
Franklin India Large Cap Fund,Cement,2025-11-30,0.92
Franklin India Large Cap Fund,Debt Others,2025-11-30,4.71
Franklin India Large Cap Fund,Diamond Gems and Jewellery,2025-11-30,1.93
Franklin India Large Cap Fund,E-Commerce/App based Aggregator,2025-11-30,7.74
Franklin India Large Cap Fund,FMCG,2025-11-30,5.01
Franklin India Large Cap Fund,Finance,2025-11-30,0.98
Franklin India Large Cap Fund,Healthcare,2025-11-30,1.93
Franklin India Large Cap Fund,IT - Software,2025-11-30,14.5
Franklin India Large Cap Fund,Infrastructure Developers & Operators,2025-11-30,2.76
Franklin India Large Cap Fund,Insurance,2025-11-30,2.82
Franklin India Large Cap Fund,Paints/Varnish,2025-11-30,1.28
Franklin India Large Cap Fund,Pharmaceuticals,2025-11-30,8.23
Franklin India Large Cap Fund,Power Generation & Distribution,2025-11-30,1.61
Franklin India Large Cap Fund,Realty,2025-11-30,1.15
Franklin India Large Cap Fund,Refineries,2025-11-30,4.97
Franklin India Large Cap Fund,Retail,2025-11-30,1.73
Franklin India Large Cap Fund,Automobile,2025-12-31,7.25
Franklin India Large Cap Fund,Banks,2025-12-31,28.83
Franklin India Large Cap Fund,Capital Goods - Electrical Equipment,2025-12-31,1.0
Franklin India Large Cap Fund,Cement,2025-12-31,0.95
Franklin India Large Cap Fund,Consumer Durables,2025-12-31,0.99
Franklin India Large Cap Fund,Debt Others,2025-12-31,3.37
Franklin India Large Cap Fund,Diamond Gems and Jewellery,2025-12-31,2.02
Franklin India Large Cap Fund,E-Commerce/App based Aggregator,2025-12-31,8.56
Franklin India Large Cap Fund,FMCG,2025-12-31,5.02
Franklin India Large Cap Fund,Finance,2025-12-31,1.09
Franklin India Large Cap Fund,Healthcare,2025-12-31,2.56
Franklin India Large Cap Fund,IT - Software,2025-12-31,12.54
Franklin India Large Cap Fund,Infrastructure Developers & Operators,2025-12-31,2.27
Franklin India Large Cap Fund,Insurance,2025-12-31,2.82
Franklin India Large Cap Fund,Other,2025-12-31,0.15
Franklin India Large Cap Fund,Paints/Varnish,2025-12-31,1.25
Franklin India Large Cap Fund,Pharmaceuticals,2025-12-31,8.28
Franklin India Large Cap Fund,Power Generation & Distribution,2025-12-31,2.8
Franklin India Large Cap Fund,Realty,2025-12-31,1.47
Franklin India Large Cap Fund,Refineries,2025-12-31,5.03
Franklin India Large Cap Fund,Retail,2025-12-31,1.75
Franklin India Large Cap Fund,Automobile,2026-01-31,6.79
Franklin India Large Cap Fund,Banks,2026-01-31,29.4
Franklin India Large Cap Fund,Capital Goods - Electrical Equipment,2026-01-31,1.76
Franklin India Large Cap Fund,Cement,2026-01-31,1.06
Franklin India Large Cap Fund,Consumer Durables,2026-01-31,2.38
Franklin India Large Cap Fund,Debt Others,2026-01-31,3.17
Franklin India Large Cap Fund,Diamond Gems and Jewellery,2026-01-31,1.77
Franklin India Large Cap Fund,E-Commerce/App based Aggregator,2026-01-31,9.02
Franklin India Large Cap Fund,FMCG,2026-01-31,5.03
Franklin India Large Cap Fund,Finance,2026-01-31,0.57
Franklin India Large Cap Fund,Healthcare,2026-01-31,3.12
Franklin India Large Cap Fund,IT - Software,2026-01-31,11.13
Franklin India Large Cap Fund,Infrastructure Developers & Operators,2026-01-31,1.97
Franklin India Large Cap Fund,Insurance,2026-01-31,2.79
Franklin India Large Cap Fund,Paints/Varnish,2026-01-31,1.13
Franklin India Large Cap Fund,Pharmaceuticals,2026-01-31,8.14
Franklin India Large Cap Fund,Power Generation & Distribution,2026-01-31,3.11
Franklin India Large Cap Fund,Realty,2026-01-31,1.3
Franklin India Large Cap Fund,Refineries,2026-01-31,4.99
Franklin India Large Cap Fund,Retail,2026-01-31,1.23
Franklin India Large Cap Fund,T Bills,2026-01-31,0.13
Franklin India Large Cap Fund,Automobile,2026-02-28,6.34
Franklin India Large Cap Fund,Banks,2026-02-28,29.06
Franklin India Large Cap Fund,Capital Goods - Electrical Equipment,2026-02-28,1.95
Franklin India Large Cap Fund,Cement,2026-02-28,1.07
Franklin India Large Cap Fund,Consumer Durables,2026-02-28,2.58
Franklin India Large Cap Fund,Debt Others,2026-02-28,3.99
Franklin India Large Cap Fund,Diamond Gems and Jewellery,2026-02-28,1.96
Franklin India Large Cap Fund,E-Commerce/App based Aggregator,2026-02-28,7.95
Franklin India Large Cap Fund,FMCG,2026-02-28,4.61
Franklin India Large Cap Fund,Finance,2026-02-28,0.31
Franklin India Large Cap Fund,Healthcare,2026-02-28,3.58
Franklin India Large Cap Fund,IT - Software,2026-02-28,8.83
Franklin India Large Cap Fund,Infrastructure Developers & Operators,2026-02-28,2.18
Franklin India Large Cap Fund,Insurance,2026-02-28,2.6
Franklin India Large Cap Fund,Non Ferrous Metals,2026-02-28,1.01
Franklin India Large Cap Fund,Paints/Varnish,2026-02-28,1.88
Franklin India Large Cap Fund,Pharmaceuticals,2026-02-28,8.96
Franklin India Large Cap Fund,Power Generation & Distribution,2026-02-28,3.47
Franklin India Large Cap Fund,Realty,2026-02-28,1.3
Franklin India Large Cap Fund,Refineries,2026-02-28,5.07
Franklin India Large Cap Fund,Retail,2026-02-28,1.17
Franklin India Large Cap Fund,T Bills,2026-02-28,0.13
Franklin India Large Cap Fund,Alcoholic Beverages,2026-03-31,0.97
Franklin India Large Cap Fund,Automobile,2026-03-31,5.53
Franklin India Large Cap Fund,Banks,2026-03-31,25.99
Franklin India Large Cap Fund,Capital Goods - Electrical Equipment,2026-03-31,2.12
Franklin India Large Cap Fund,Cement,2026-03-31,1.46
Franklin India Large Cap Fund,Consumer Durables,2026-03-31,1.95
Franklin India Large Cap Fund,Crude Oil & Natural Gas,2026-03-31,0.52
Franklin India Large Cap Fund,Debt Others,2026-03-31,3.99
Franklin India Large Cap Fund,Diamond Gems and Jewellery,2026-03-31,0.5
Franklin India Large Cap Fund,E-Commerce/App based Aggregator,2026-03-31,7.36
Franklin India Large Cap Fund,FMCG,2026-03-31,3.39
Franklin India Large Cap Fund,Healthcare,2026-03-31,3.43
Franklin India Large Cap Fund,IT - Software,2026-03-31,9.93
Franklin India Large Cap Fund,Infrastructure Developers & Operators,2026-03-31,3.05
Franklin India Large Cap Fund,Insurance,2026-03-31,3.14
Franklin India Large Cap Fund,Marine Port & Services,2026-03-31,0.81
Franklin India Large Cap Fund,Non Ferrous Metals,2026-03-31,1.61
Franklin India Large Cap Fund,Paints/Varnish,2026-03-31,1.9
Franklin India Large Cap Fund,Pharmaceuticals,2026-03-31,8.1
Franklin India Large Cap Fund,Plantation & Plantation Products,2026-03-31,1.0
Franklin India Large Cap Fund,Power Generation & Distribution,2026-03-31,4.17
Franklin India Large Cap Fund,Realty,2026-03-31,1.58
Franklin India Large Cap Fund,Refineries,2026-03-31,6.18
Franklin India Large Cap Fund,Retail,2026-03-31,1.16
Franklin India Large Cap Fund,T Bills,2026-03-31,0.15
Franklin India Large Cap Fund,Alcoholic Beverages,2026-04-30,1.0
Franklin India Large Cap Fund,Automobile,2026-04-30,5.74
Franklin India Large Cap Fund,Banks,2026-04-30,26.92
Franklin India Large Cap Fund,Capital Goods - Electrical Equipment,2026-04-30,1.24
Franklin India Large Cap Fund,Cement,2026-04-30,1.74
Franklin India Large Cap Fund,Consumer Durables,2026-04-30,2.7
Franklin India Large Cap Fund,Crude Oil & Natural Gas,2026-04-30,0.51
Franklin India Large Cap Fund,Debt Others,2026-04-30,3.08
Franklin India Large Cap Fund,Diamond Gems and Jewellery,2026-04-30,0.52
Franklin India Large Cap Fund,E-Commerce/App based Aggregator,2026-04-30,6.38
Franklin India Large Cap Fund,FMCG,2026-04-30,2.23
Franklin India Large Cap Fund,Finance,2026-04-30,2.3
Franklin India Large Cap Fund,Healthcare,2026-04-30,2.86
Franklin India Large Cap Fund,IT - Software,2026-04-30,8.71
Franklin India Large Cap Fund,Infrastructure Developers & Operators,2026-04-30,3.82
Franklin India Large Cap Fund,Insurance,2026-04-30,4.54
Franklin India Large Cap Fund,Marine Port & Services,2026-04-30,0.86
Franklin India Large Cap Fund,Non Ferrous Metals,2026-04-30,1.78
Franklin India Large Cap Fund,Paints/Varnish,2026-04-30,2.02
Franklin India Large Cap Fund,Pharmaceuticals,2026-04-30,6.06
Franklin India Large Cap Fund,Plantation & Plantation Products,2026-04-30,1.38
Franklin India Large Cap Fund,Power Generation & Distribution,2026-04-30,3.97
Franklin India Large Cap Fund,Realty,2026-04-30,1.72
Franklin India Large Cap Fund,Refineries,2026-04-30,5.81
Franklin India Large Cap Fund,Retail,2026-04-30,1.97
Franklin India Large Cap Fund,T Bills,2026-04-30,0.14
Franklin India Large Cap Fund,Air Transport Service,2026-05-31,1.24
Franklin India Large Cap Fund,Alcoholic Beverages,2026-05-31,0.97
Franklin India Large Cap Fund,Automobile,2026-05-31,7.2
Franklin India Large Cap Fund,Banks,2026-05-31,27.68
Franklin India Large Cap Fund,Capital Goods - Electrical Equipment,2026-05-31,1.26
Franklin India Large Cap Fund,Cement,2026-05-31,1.74
Franklin India Large Cap Fund,Consumer Durables,2026-05-31,2.25
Franklin India Large Cap Fund,Crude Oil & Natural Gas,2026-05-31,0.66
Franklin India Large Cap Fund,Debt Others,2026-05-31,1.88
Franklin India Large Cap Fund,E-Commerce/App based Aggregator,2026-05-31,5.73
Franklin India Large Cap Fund,FMCG,2026-05-31,2.78
Franklin India Large Cap Fund,Finance,2026-05-31,3.12
Franklin India Large Cap Fund,Healthcare,2026-05-31,2.53
Franklin India Large Cap Fund,IT - Software,2026-05-31,8.35
Franklin India Large Cap Fund,Infrastructure Developers & Operators,2026-05-31,3.93
Franklin India Large Cap Fund,Insurance,2026-05-31,4.64
Franklin India Large Cap Fund,Marine Port & Services,2026-05-31,0.88
Franklin India Large Cap Fund,Non Ferrous Metals,2026-05-31,1.96
Franklin India Large Cap Fund,Paints/Varnish,2026-05-31,1.58
Franklin India Large Cap Fund,Pharmaceuticals,2026-05-31,4.83
Franklin India Large Cap Fund,Plantation & Plantation Products,2026-05-31,1.44
Franklin India Large Cap Fund,Power Generation & Distribution,2026-05-31,2.28
Franklin India Large Cap Fund,Realty,2026-05-31,1.16
Franklin India Large Cap Fund,Refineries,2026-05-31,5.43
Franklin India Large Cap Fund,Retail,2026-05-31,2.01
Franklin India Large Cap Fund,T Bills,2026-05-31,0.14
Franklin India Large Cap Fund,Telecom-Service,2026-05-31,2.32
Groww Large Cap Fund,Aerospace & Defence,2025-08-31,1.0
Groww Large Cap Fund,Automobile,2025-08-31,7.74
Groww Large Cap Fund,Banks,2025-08-31,25.99
Groww Large Cap Fund,Capital Goods - Electrical Equipment,2025-08-31,0.98
Groww Large Cap Fund,Capital Goods-Non Electrical Equipment,2025-08-31,2.44
Groww Large Cap Fund,Cement,2025-08-31,2.67
Groww Large Cap Fund,Debt Others,2025-08-31,5.2
Groww Large Cap Fund,Diamond Gems and Jewellery,2025-08-31,1.07
Groww Large Cap Fund,E-Commerce/App based Aggregator,2025-08-31,2.74
Groww Large Cap Fund,FMCG,2025-08-31,2.62
Groww Large Cap Fund,Finance,2025-08-31,8.02
Groww Large Cap Fund,Healthcare,2025-08-31,1.06
Groww Large Cap Fund,IT - Software,2025-08-31,10.71
Groww Large Cap Fund,Infrastructure Developers & Operators,2025-08-31,6.12
Groww Large Cap Fund,Insurance,2025-08-31,2.81
Groww Large Cap Fund,Pharmaceuticals,2025-08-31,3.94
Groww Large Cap Fund,Power Generation & Distribution,2025-08-31,1.73
Groww Large Cap Fund,Realty,2025-08-31,0.73
Groww Large Cap Fund,Refineries,2025-08-31,3.79
Groww Large Cap Fund,Retail,2025-08-31,3.27
Groww Large Cap Fund,Steel,2025-08-31,1.09
Groww Large Cap Fund,Telecom-Service,2025-08-31,4.27
Groww Large Cap Fund,Aerospace & Defence,2025-09-30,1.08
Groww Large Cap Fund,Automobile,2025-09-30,6.68
Groww Large Cap Fund,Banks,2025-09-30,27.5
Groww Large Cap Fund,Capital Goods - Electrical Equipment,2025-09-30,1.0
Groww Large Cap Fund,Capital Goods-Non Electrical Equipment,2025-09-30,1.72
Groww Large Cap Fund,Cement,2025-09-30,2.63
Groww Large Cap Fund,Debt Others,2025-09-30,14.56
Groww Large Cap Fund,Diamond Gems and Jewellery,2025-09-30,0.99
Groww Large Cap Fund,E-Commerce/App based Aggregator,2025-09-30,2.81
Groww Large Cap Fund,FMCG,2025-09-30,1.29
Groww Large Cap Fund,Finance,2025-09-30,8.68
Groww Large Cap Fund,Healthcare,2025-09-30,1.45
Groww Large Cap Fund,IT - Software,2025-09-30,2.55
Groww Large Cap Fund,Infrastructure Developers & Operators,2025-09-30,6.18
Groww Large Cap Fund,Insurance,2025-09-30,2.77
Groww Large Cap Fund,Pharmaceuticals,2025-09-30,2.54
Groww Large Cap Fund,Power Generation & Distribution,2025-09-30,1.79
Groww Large Cap Fund,Realty,2025-09-30,0.75
Groww Large Cap Fund,Refineries,2025-09-30,3.79
Groww Large Cap Fund,Retail,2025-09-30,3.06
Groww Large Cap Fund,Steel,2025-09-30,1.96
Groww Large Cap Fund,Telecom-Service,2025-09-30,4.22
Groww Large Cap Fund,Aerospace & Defence,2025-10-31,1.54
Groww Large Cap Fund,Automobile,2025-10-31,7.73
Groww Large Cap Fund,Banks,2025-10-31,28.49
Groww Large Cap Fund,Capital Goods - Electrical Equipment,2025-10-31,0.96
Groww Large Cap Fund,Capital Goods-Non Electrical Equipment,2025-10-31,2.0
Groww Large Cap Fund,Cement,2025-10-31,2.85
Groww Large Cap Fund,Debt Others,2025-10-31,7.25
Groww Large Cap Fund,Diamond Gems and Jewellery,2025-10-31,1.06
Groww Large Cap Fund,E-Commerce/App based Aggregator,2025-10-31,2.64
Groww Large Cap Fund,FMCG,2025-10-31,1.22
Groww Large Cap Fund,Finance,2025-10-31,7.89
Groww Large Cap Fund,Healthcare,2025-10-31,2.43
Groww Large Cap Fund,IT - Software,2025-10-31,3.18
Groww Large Cap Fund,Infrastructure Developers & Operators,2025-10-31,7.11
Groww Large Cap Fund,Insurance,2025-10-31,2.92
Groww Large Cap Fund,Pharmaceuticals,2025-10-31,2.83
Groww Large Cap Fund,Power Generation & Distribution,2025-10-31,0.95
Groww Large Cap Fund,Realty,2025-10-31,0.68
Groww Large Cap Fund,Refineries,2025-10-31,6.96
Groww Large Cap Fund,Retail,2025-10-31,1.88
Groww Large Cap Fund,Steel,2025-10-31,2.56
Groww Large Cap Fund,Telecom-Service,2025-10-31,4.88
Groww Large Cap Fund,Aerospace & Defence,2025-11-30,1.47
Groww Large Cap Fund,Auto Ancillaries,2025-11-30,1.03
Groww Large Cap Fund,Automobile,2025-11-30,6.65
Groww Large Cap Fund,Banks,2025-11-30,29.09
Groww Large Cap Fund,Capital Goods - Electrical Equipment,2025-11-30,0.98
Groww Large Cap Fund,Capital Goods-Non Electrical Equipment,2025-11-30,2.04
Groww Large Cap Fund,Cement,2025-11-30,2.75
Groww Large Cap Fund,Debt Others,2025-11-30,7.58
Groww Large Cap Fund,Diamond Gems and Jewellery,2025-11-30,1.1
Groww Large Cap Fund,E-Commerce/App based Aggregator,2025-11-30,2.45
Groww Large Cap Fund,FMCG,2025-11-30,1.21
Groww Large Cap Fund,Finance,2025-11-30,7.08
Groww Large Cap Fund,Healthcare,2025-11-30,2.36
Groww Large Cap Fund,IT - Software,2025-11-30,3.32
Groww Large Cap Fund,Infrastructure Developers & Operators,2025-11-30,7.12
Groww Large Cap Fund,Insurance,2025-11-30,2.91
Groww Large Cap Fund,Pharmaceuticals,2025-11-30,2.51
Groww Large Cap Fund,Power Generation & Distribution,2025-11-30,0.91
Groww Large Cap Fund,Realty,2025-11-30,0.71
Groww Large Cap Fund,Refineries,2025-11-30,7.28
Groww Large Cap Fund,Retail,2025-11-30,1.8
Groww Large Cap Fund,Steel,2025-11-30,0.99
Groww Large Cap Fund,Telecom-Service,2025-11-30,6.64
Groww Large Cap Fund,Aerospace & Defence,2025-12-31,1.44
Groww Large Cap Fund,Auto Ancillaries,2025-12-31,1.06
Groww Large Cap Fund,Automobile,2025-12-31,7.06
Groww Large Cap Fund,Banks,2025-12-31,28.91
Groww Large Cap Fund,Capital Goods - Electrical Equipment,2025-12-31,0.95
Groww Large Cap Fund,Capital Goods-Non Electrical Equipment,2025-12-31,2.03
Groww Large Cap Fund,Cement,2025-12-31,2.81
Groww Large Cap Fund,Debt Others,2025-12-31,7.31
Groww Large Cap Fund,Diamond Gems and Jewellery,2025-12-31,1.15
Groww Large Cap Fund,E-Commerce/App based Aggregator,2025-12-31,2.39
Groww Large Cap Fund,FMCG,2025-12-31,1.14
Groww Large Cap Fund,Finance,2025-12-31,6.88
Groww Large Cap Fund,Healthcare,2025-12-31,2.21
Groww Large Cap Fund,IT - Software,2025-12-31,3.4
Groww Large Cap Fund,Infrastructure Developers & Operators,2025-12-31,7.18
Groww Large Cap Fund,Insurance,2025-12-31,3.03
Groww Large Cap Fund,Other,2025-12-31,0.02
Groww Large Cap Fund,Pharmaceuticals,2025-12-31,2.61
Groww Large Cap Fund,Power Generation & Distribution,2025-12-31,0.92
Groww Large Cap Fund,Realty,2025-12-31,0.67
Groww Large Cap Fund,Refineries,2025-12-31,7.34
Groww Large Cap Fund,Retail,2025-12-31,1.71
Groww Large Cap Fund,Steel,2025-12-31,1.07
Groww Large Cap Fund,Telecom-Service,2025-12-31,6.69
Groww Large Cap Fund,Aerospace & Defence,2026-01-31,2.43
Groww Large Cap Fund,Auto Ancillaries,2026-01-31,1.03
Groww Large Cap Fund,Automobile,2026-01-31,7.84
Groww Large Cap Fund,Banks,2026-01-31,28.63
Groww Large Cap Fund,Capital Goods - Electrical Equipment,2026-01-31,0.5
Groww Large Cap Fund,Capital Goods-Non Electrical Equipment,2026-01-31,1.96
Groww Large Cap Fund,Cement,2026-01-31,4.79
Groww Large Cap Fund,Co-Working,2026-01-31,0.58
Groww Large Cap Fund,Debt Others,2026-01-31,9.26
Groww Large Cap Fund,E-Commerce/App based Aggregator,2026-01-31,2.78
Groww Large Cap Fund,FMCG,2026-01-31,1.22
Groww Large Cap Fund,Finance,2026-01-31,7.73
Groww Large Cap Fund,Healthcare,2026-01-31,2.18
Groww Large Cap Fund,IT - Software,2026-01-31,3.85
Groww Large Cap Fund,Infrastructure Developers & Operators,2026-01-31,7.1
Groww Large Cap Fund,Mining & Mineral products,2026-01-31,0.09
Groww Large Cap Fund,Mutual Fund Units,2026-01-31,0.0
Groww Large Cap Fund,Non Ferrous Metals,2026-01-31,0.13
Groww Large Cap Fund,Pharmaceuticals,2026-01-31,2.45
Groww Large Cap Fund,Power Generation & Distribution,2026-01-31,1.02
Groww Large Cap Fund,Realty,2026-01-31,2.03
Groww Large Cap Fund,Refineries,2026-01-31,4.42
Groww Large Cap Fund,Retail,2026-01-31,1.71
Groww Large Cap Fund,Steel,2026-01-31,1.39
Groww Large Cap Fund,Telecom-Service,2026-01-31,4.85
Groww Large Cap Fund,Trading,2026-01-31,0.03
Groww Large Cap Fund,Aerospace & Defence,2026-02-28,2.35
Groww Large Cap Fund,Auto Ancillaries,2026-02-28,1.18
Groww Large Cap Fund,Automobile,2026-02-28,9.49
Groww Large Cap Fund,Banks,2026-02-28,27.4
Groww Large Cap Fund,Capital Goods - Electrical Equipment,2026-02-28,0.53
Groww Large Cap Fund,Capital Goods-Non Electrical Equipment,2026-02-28,3.42
Groww Large Cap Fund,Cement,2026-02-28,4.68
Groww Large Cap Fund,Co-Working,2026-02-28,0.55
Groww Large Cap Fund,Debt Others,2026-02-28,9.45
Groww Large Cap Fund,Diamond Gems and Jewellery,2026-02-28,0.68
Groww Large Cap Fund,E-Commerce/App based Aggregator,2026-02-28,2.48
Groww Large Cap Fund,FMCG,2026-02-28,1.17
Groww Large Cap Fund,Finance,2026-02-28,7.41
Groww Large Cap Fund,Healthcare,2026-02-28,2.4
Groww Large Cap Fund,IT - Software,2026-02-28,2.92
Groww Large Cap Fund,Infrastructure Developers & Operators,2026-02-28,6.74
Groww Large Cap Fund,Mining & Mineral products,2026-02-28,0.09
Groww Large Cap Fund,Mutual Fund Units,2026-02-28,0.0
Groww Large Cap Fund,Non Ferrous Metals,2026-02-28,0.12
Groww Large Cap Fund,Pharmaceuticals,2026-02-28,4.15
Groww Large Cap Fund,Power Generation & Distribution,2026-02-28,1.07
Groww Large Cap Fund,Refineries,2026-02-28,4.31
Groww Large Cap Fund,Retail,2026-02-28,1.74
Groww Large Cap Fund,Steel,2026-02-28,1.48
Groww Large Cap Fund,Telecom-Service,2026-02-28,4.13
Groww Large Cap Fund,Trading,2026-02-28,0.03
Groww Large Cap Fund,Aerospace & Defence,2026-03-31,2.39
Groww Large Cap Fund,Auto Ancillaries,2026-03-31,1.05
Groww Large Cap Fund,Automobile,2026-03-31,10.31
Groww Large Cap Fund,Banks,2026-03-31,26.41
Groww Large Cap Fund,Capital Goods-Non Electrical Equipment,2026-03-31,3.54
Groww Large Cap Fund,Cement,2026-03-31,4.47
Groww Large Cap Fund,Co-Working,2026-03-31,0.42
Groww Large Cap Fund,Debt Others,2026-03-31,2.82
Groww Large Cap Fund,Diamond Gems and Jewellery,2026-03-31,0.66
Groww Large Cap Fund,E-Commerce/App based Aggregator,2026-03-31,2.57
Groww Large Cap Fund,FMCG,2026-03-31,1.16
Groww Large Cap Fund,Finance,2026-03-31,6.92
Groww Large Cap Fund,Healthcare,2026-03-31,0.92
Groww Large Cap Fund,IT - Software,2026-03-31,8.12
Groww Large Cap Fund,Infrastructure Developers & Operators,2026-03-31,7.06
Groww Large Cap Fund,Insurance,2026-03-31,1.98
Groww Large Cap Fund,Marine Port & Services,2026-03-31,1.22
Groww Large Cap Fund,Mining & Mineral products,2026-03-31,0.03
Groww Large Cap Fund,Mutual Fund Units,2026-03-31,0.0
Groww Large Cap Fund,Non Ferrous Metals,2026-03-31,0.19
Groww Large Cap Fund,Pharmaceuticals,2026-03-31,4.02
Groww Large Cap Fund,Power Generation & Distribution,2026-03-31,1.17
Groww Large Cap Fund,Realty,2026-03-31,1.2
Groww Large Cap Fund,Refineries,2026-03-31,3.38
Groww Large Cap Fund,Retail,2026-03-31,2.02
Groww Large Cap Fund,Steel,2026-03-31,1.51
Groww Large Cap Fund,Telecom-Service,2026-03-31,4.42
Groww Large Cap Fund,Trading,2026-03-31,0.03
Groww Large Cap Fund,Aerospace & Defence,2026-04-30,2.59
Groww Large Cap Fund,Auto Ancillaries,2026-04-30,1.12
Groww Large Cap Fund,Automobile,2026-04-30,9.18
Groww Large Cap Fund,Banks,2026-04-30,27.17
Groww Large Cap Fund,Capital Goods-Non Electrical Equipment,2026-04-30,3.81
Groww Large Cap Fund,Cement,2026-04-30,4.41
Groww Large Cap Fund,Co-Working,2026-04-30,0.5
Groww Large Cap Fund,Debt Others,2026-04-30,7.34
Groww Large Cap Fund,Diamond Gems and Jewellery,2026-04-30,0.77
Groww Large Cap Fund,E-Commerce/App based Aggregator,2026-04-30,2.12
Groww Large Cap Fund,FMCG,2026-04-30,2.17
Groww Large Cap Fund,Finance,2026-04-30,6.67
Groww Large Cap Fund,Healthcare,2026-04-30,0.42
Groww Large Cap Fund,IT - Software,2026-04-30,5.32
Groww Large Cap Fund,Infrastructure Developers & Operators,2026-04-30,8.17
Groww Large Cap Fund,Insurance,2026-04-30,1.86
Groww Large Cap Fund,Marine Port & Services,2026-04-30,1.7
Groww Large Cap Fund,Mining & Mineral products,2026-04-30,0.03
Groww Large Cap Fund,Mutual Fund Units,2026-04-30,0.0
Groww Large Cap Fund,Non Ferrous Metals,2026-04-30,0.16
Groww Large Cap Fund,Other,2026-04-30,0.05
Groww Large Cap Fund,Pharmaceuticals,2026-04-30,3.72
Groww Large Cap Fund,Power Generation & Distribution,2026-04-30,1.16
Groww Large Cap Fund,Realty,2026-04-30,1.56
Groww Large Cap Fund,Retail,2026-04-30,2.15
Groww Large Cap Fund,Steel,2026-04-30,1.53
Groww Large Cap Fund,Telecom-Service,2026-04-30,4.3
Groww Large Cap Fund,Trading,2026-04-30,0.04
Groww Large Cap Fund,Aerospace & Defence,2026-05-31,2.45
Groww Large Cap Fund,Auto Ancillaries,2026-05-31,2.49
Groww Large Cap Fund,Automobile,2026-05-31,8.7
Groww Large Cap Fund,Banks,2026-05-31,24.06
Groww Large Cap Fund,Capital Goods-Non Electrical Equipment,2026-05-31,4.21
Groww Large Cap Fund,Cement,2026-05-31,4.34
Groww Large Cap Fund,Co-Working,2026-05-31,0.45
Groww Large Cap Fund,Crude Oil & Natural Gas,2026-05-31,0.01
Groww Large Cap Fund,Debt Others,2026-05-31,6.44
Groww Large Cap Fund,Diamond Gems and Jewellery,2026-05-31,1.1
Groww Large Cap Fund,E-Commerce/App based Aggregator,2026-05-31,2.13
Groww Large Cap Fund,FMCG,2026-05-31,1.1
Groww Large Cap Fund,Finance,2026-05-31,7.43
Groww Large Cap Fund,Financial Services,2026-05-31,1.44
Groww Large Cap Fund,Healthcare,2026-05-31,0.4
Groww Large Cap Fund,IT - Software,2026-05-31,5.17
Groww Large Cap Fund,Infrastructure Developers & Operators,2026-05-31,8.22
Groww Large Cap Fund,Insurance,2026-05-31,1.85
Groww Large Cap Fund,Marine Port & Services,2026-05-31,1.83
Groww Large Cap Fund,Mining & Mineral products,2026-05-31,0.03
Groww Large Cap Fund,Mutual Fund Units,2026-05-31,0.0
Groww Large Cap Fund,Non Ferrous Metals,2026-05-31,1.18
Groww Large Cap Fund,Pharmaceuticals,2026-05-31,3.79
Groww Large Cap Fund,Power Generation & Distribution,2026-05-31,1.13
Groww Large Cap Fund,Realty,2026-05-31,1.56
Groww Large Cap Fund,Retail,2026-05-31,1.88
Groww Large Cap Fund,Steel,2026-05-31,1.51
Groww Large Cap Fund,Telecom-Service,2026-05-31,5.06
Groww Large Cap Fund,Trading,2026-05-31,0.05
HDFC Large Cap Fund,Air Transport Service,2025-08-31,1.55
HDFC Large Cap Fund,Alcoholic Beverages,2025-08-31,1.3
HDFC Large Cap Fund,Automobile,2025-08-31,10.0
HDFC Large Cap Fund,Banks,2025-08-31,28.68
HDFC Large Cap Fund,Capital Goods - Electrical Equipment,2025-08-31,0.64
HDFC Large Cap Fund,Capital Goods-Non Electrical Equipment,2025-08-31,0.23
HDFC Large Cap Fund,Cement,2025-08-31,4.17
HDFC Large Cap Fund,Chemicals,2025-08-31,1.05
HDFC Large Cap Fund,Consumer Durables,2025-08-31,1.06
HDFC Large Cap Fund,Debt Others,2025-08-31,2.82
HDFC Large Cap Fund,Diamond Gems and Jewellery,2025-08-31,3.13
HDFC Large Cap Fund,E-Commerce/App based Aggregator,2025-08-31,2.51
HDFC Large Cap Fund,FMCG,2025-08-31,0.95
HDFC Large Cap Fund,Finance,2025-08-31,3.84
HDFC Large Cap Fund,Hotels & Restaurants,2025-08-31,0.2
HDFC Large Cap Fund,IT - Software,2025-08-31,4.72
HDFC Large Cap Fund,Infrastructure Developers & Operators,2025-08-31,1.63
HDFC Large Cap Fund,Insurance,2025-08-31,0.19
HDFC Large Cap Fund,Marine Port & Services,2025-08-31,1.33
HDFC Large Cap Fund,Mining & Mineral products,2025-08-31,0.59
HDFC Large Cap Fund,Non Ferrous Metals,2025-08-31,1.07
HDFC Large Cap Fund,Pharmaceuticals,2025-08-31,8.57
HDFC Large Cap Fund,Plantation & Plantation Products,2025-08-31,1.43
HDFC Large Cap Fund,Power Generation & Distribution,2025-08-31,4.05
HDFC Large Cap Fund,Realty,2025-08-31,0.42
HDFC Large Cap Fund,Refineries,2025-08-31,4.85
HDFC Large Cap Fund,Retail,2025-08-31,1.5
HDFC Large Cap Fund,Telecom-Service,2025-08-31,5.98
HDFC Large Cap Fund,Tobacco Products,2025-08-31,1.54
HDFC Large Cap Fund,Air Transport Service,2025-09-30,1.51
HDFC Large Cap Fund,Alcoholic Beverages,2025-09-30,1.62
HDFC Large Cap Fund,Automobile,2025-09-30,11.0
HDFC Large Cap Fund,Banks,2025-09-30,28.31
HDFC Large Cap Fund,Capital Goods - Electrical Equipment,2025-09-30,0.67
HDFC Large Cap Fund,Capital Goods-Non Electrical Equipment,2025-09-30,0.24
HDFC Large Cap Fund,Cement,2025-09-30,4.36
HDFC Large Cap Fund,Chemicals,2025-09-30,1.02
HDFC Large Cap Fund,Consumer Durables,2025-09-30,1.03
HDFC Large Cap Fund,Debt Others,2025-09-30,1.98
HDFC Large Cap Fund,Diamond Gems and Jewellery,2025-09-30,3.38
HDFC Large Cap Fund,E-Commerce/App based Aggregator,2025-09-30,2.56
HDFC Large Cap Fund,FMCG,2025-09-30,0.88
HDFC Large Cap Fund,Finance,2025-09-30,4.42
HDFC Large Cap Fund,Hotels & Restaurants,2025-09-30,0.19
HDFC Large Cap Fund,IT - Software,2025-09-30,4.51
HDFC Large Cap Fund,Infrastructure Developers & Operators,2025-09-30,1.25
HDFC Large Cap Fund,Insurance,2025-09-30,0.19
HDFC Large Cap Fund,Marine Port & Services,2025-09-30,1.4
HDFC Large Cap Fund,Mining & Mineral products,2025-09-30,0.29
HDFC Large Cap Fund,Non Ferrous Metals,2025-09-30,1.14
HDFC Large Cap Fund,Pharmaceuticals,2025-09-30,9.17
HDFC Large Cap Fund,Plantation & Plantation Products,2025-09-30,1.49
HDFC Large Cap Fund,Power Generation & Distribution,2025-09-30,4.09
HDFC Large Cap Fund,Realty,2025-09-30,0.39
HDFC Large Cap Fund,Refineries,2025-09-30,4.8
HDFC Large Cap Fund,Retail,2025-09-30,1.48
HDFC Large Cap Fund,Telecom-Service,2025-09-30,5.85
HDFC Large Cap Fund,Tobacco Products,2025-09-30,0.78
HDFC Large Cap Fund,Air Transport Service,2025-10-31,1.46
HDFC Large Cap Fund,Alcoholic Beverages,2025-10-31,1.72
HDFC Large Cap Fund,Automobile,2025-10-31,10.39
HDFC Large Cap Fund,Banks,2025-10-31,28.22
HDFC Large Cap Fund,Capital Goods - Electrical Equipment,2025-10-31,0.63
HDFC Large Cap Fund,Capital Goods-Non Electrical Equipment,2025-10-31,0.25
HDFC Large Cap Fund,Cement,2025-10-31,4.15
HDFC Large Cap Fund,Chemicals,2025-10-31,1.02
HDFC Large Cap Fund,Consumer Durables,2025-10-31,1.35
HDFC Large Cap Fund,Debt Others,2025-10-31,2.87
HDFC Large Cap Fund,Diamond Gems and Jewellery,2025-10-31,3.88
HDFC Large Cap Fund,E-Commerce/App based Aggregator,2025-10-31,2.41
HDFC Large Cap Fund,FMCG,2025-10-31,0.84
HDFC Large Cap Fund,Finance,2025-10-31,4.67
HDFC Large Cap Fund,Healthcare,2025-10-31,0.76
HDFC Large Cap Fund,Hotels & Restaurants,2025-10-31,0.17
HDFC Large Cap Fund,IT - Software,2025-10-31,3.21
HDFC Large Cap Fund,Infrastructure Developers & Operators,2025-10-31,1.33
HDFC Large Cap Fund,Insurance,2025-10-31,0.19
HDFC Large Cap Fund,Marine Port & Services,2025-10-31,1.4
HDFC Large Cap Fund,Non Ferrous Metals,2025-10-31,1.22
HDFC Large Cap Fund,Pharmaceuticals,2025-10-31,9.24
HDFC Large Cap Fund,Plantation & Plantation Products,2025-10-31,1.48
HDFC Large Cap Fund,Power Generation & Distribution,2025-10-31,2.82
HDFC Large Cap Fund,Realty,2025-10-31,0.4
HDFC Large Cap Fund,Refineries,2025-10-31,5.77
HDFC Large Cap Fund,Retail,2025-10-31,1.38
HDFC Large Cap Fund,Telecom-Service,2025-10-31,6.16
HDFC Large Cap Fund,Tobacco Products,2025-10-31,0.61
HDFC Large Cap Fund,Air Transport Service,2025-11-30,1.5
HDFC Large Cap Fund,Alcoholic Beverages,2025-11-30,1.71
HDFC Large Cap Fund,Automobile,2025-11-30,9.85
HDFC Large Cap Fund,Banks,2025-11-30,29.27
HDFC Large Cap Fund,Capital Goods - Electrical Equipment,2025-11-30,0.61
HDFC Large Cap Fund,Capital Goods-Non Electrical Equipment,2025-11-30,0.25
HDFC Large Cap Fund,Cement,2025-11-30,3.95
HDFC Large Cap Fund,Chemicals,2025-11-30,1.0
HDFC Large Cap Fund,Consumer Durables,2025-11-30,1.58
HDFC Large Cap Fund,Debt Others,2025-11-30,1.64
HDFC Large Cap Fund,Diamond Gems and Jewellery,2025-11-30,3.97
HDFC Large Cap Fund,E-Commerce/App based Aggregator,2025-11-30,2.23
HDFC Large Cap Fund,FMCG,2025-11-30,0.88
HDFC Large Cap Fund,Finance,2025-11-30,4.64
HDFC Large Cap Fund,Healthcare,2025-11-30,1.09
HDFC Large Cap Fund,Hotels & Restaurants,2025-11-30,0.16
HDFC Large Cap Fund,IT - Software,2025-11-30,3.31
HDFC Large Cap Fund,Infrastructure Developers & Operators,2025-11-30,1.31
HDFC Large Cap Fund,Insurance,2025-11-30,0.19
HDFC Large Cap Fund,Marine Port & Services,2025-11-30,1.43
HDFC Large Cap Fund,Non Ferrous Metals,2025-11-30,1.14
HDFC Large Cap Fund,Pharmaceuticals,2025-11-30,9.49
HDFC Large Cap Fund,Plantation & Plantation Products,2025-11-30,1.46
HDFC Large Cap Fund,Power Generation & Distribution,2025-11-30,2.68
HDFC Large Cap Fund,Realty,2025-11-30,0.38
HDFC Large Cap Fund,Refineries,2025-11-30,6.08
HDFC Large Cap Fund,Retail,2025-11-30,1.27
HDFC Large Cap Fund,Stock/ Commodity Brokers,2025-11-30,0.23
HDFC Large Cap Fund,Telecom-Service,2025-11-30,6.17
HDFC Large Cap Fund,Tobacco Products,2025-11-30,0.53
HDFC Large Cap Fund,Air Transport Service,2025-12-31,1.51
HDFC Large Cap Fund,Alcoholic Beverages,2025-12-31,1.7
HDFC Large Cap Fund,Automobile,2025-12-31,10.1
HDFC Large Cap Fund,Banks,2025-12-31,28.96
HDFC Large Cap Fund,Capital Goods - Electrical Equipment,2025-12-31,0.58
HDFC Large Cap Fund,Capital Goods-Non Electrical Equipment,2025-12-31,0.25
HDFC Large Cap Fund,Cement,2025-12-31,3.99
HDFC Large Cap Fund,Chemicals,2025-12-31,1.05
HDFC Large Cap Fund,Consumer Durables,2025-12-31,1.56
HDFC Large Cap Fund,Debt Others,2025-12-31,1.16
HDFC Large Cap Fund,Diamond Gems and Jewellery,2025-12-31,4.11
HDFC Large Cap Fund,E-Commerce/App based Aggregator,2025-12-31,2.7
HDFC Large Cap Fund,FMCG,2025-12-31,0.85
HDFC Large Cap Fund,Finance,2025-12-31,5.2
HDFC Large Cap Fund,Healthcare,2025-12-31,0.98
HDFC Large Cap Fund,IT - Software,2025-12-31,3.15
HDFC Large Cap Fund,Infrastructure Developers & Operators,2025-12-31,1.32
HDFC Large Cap Fund,Insurance,2025-12-31,0.2
HDFC Large Cap Fund,Marine Port & Services,2025-12-31,1.38
HDFC Large Cap Fund,Non Ferrous Metals,2025-12-31,1.25
HDFC Large Cap Fund,Pharmaceuticals,2025-12-31,9.46
HDFC Large Cap Fund,Plantation & Plantation Products,2025-12-31,1.48
HDFC Large Cap Fund,Power Generation & Distribution,2025-12-31,2.41
HDFC Large Cap Fund,Realty,2025-12-31,0.36
HDFC Large Cap Fund,Refineries,2025-12-31,6.09
HDFC Large Cap Fund,Retail,2025-12-31,1.27
HDFC Large Cap Fund,Stock/ Commodity Brokers,2025-12-31,0.22
HDFC Large Cap Fund,Telecom-Service,2025-12-31,6.18
HDFC Large Cap Fund,Tobacco Products,2025-12-31,0.53
HDFC Large Cap Fund,Air Transport Service,2026-01-31,1.52
HDFC Large Cap Fund,Alcoholic Beverages,2026-01-31,1.64
HDFC Large Cap Fund,Automobile,2026-01-31,10.11
HDFC Large Cap Fund,Banks,2026-01-31,30.37
HDFC Large Cap Fund,Capital Goods - Electrical Equipment,2026-01-31,0.27
HDFC Large Cap Fund,Capital Goods-Non Electrical Equipment,2026-01-31,0.24
HDFC Large Cap Fund,Cement,2026-01-31,3.91
HDFC Large Cap Fund,Chemicals,2026-01-31,0.99
HDFC Large Cap Fund,Consumer Durables,2026-01-31,1.4
HDFC Large Cap Fund,Debt Others,2026-01-31,2.49
HDFC Large Cap Fund,Diamond Gems and Jewellery,2026-01-31,4.14
HDFC Large Cap Fund,E-Commerce/App based Aggregator,2026-01-31,2.61
HDFC Large Cap Fund,FMCG,2026-01-31,0.88
HDFC Large Cap Fund,Finance,2026-01-31,6.19
HDFC Large Cap Fund,Healthcare,2026-01-31,1.21
HDFC Large Cap Fund,IT - Software,2026-01-31,3.57
HDFC Large Cap Fund,Infrastructure Developers & Operators,2026-01-31,1.3
HDFC Large Cap Fund,Insurance,2026-01-31,0.2
HDFC Large Cap Fund,Marine Port & Services,2026-01-31,1.37
HDFC Large Cap Fund,Non Ferrous Metals,2026-01-31,0.63
HDFC Large Cap Fund,Pharmaceuticals,2026-01-31,8.04
HDFC Large Cap Fund,Plantation & Plantation Products,2026-01-31,1.45
HDFC Large Cap Fund,Power Generation & Distribution,2026-01-31,2.2
HDFC Large Cap Fund,Realty,2026-01-31,0.34
HDFC Large Cap Fund,Refineries,2026-01-31,5.55
HDFC Large Cap Fund,Retail,2026-01-31,1.2
HDFC Large Cap Fund,Stock/ Commodity Brokers,2026-01-31,0.26
HDFC Large Cap Fund,Telecom-Service,2026-01-31,5.92
HDFC Large Cap Fund,Air Transport Service,2026-02-28,1.81
HDFC Large Cap Fund,Alcoholic Beverages,2026-02-28,1.65
HDFC Large Cap Fund,Automobile,2026-02-28,10.61
HDFC Large Cap Fund,Banks,2026-02-28,30.5
HDFC Large Cap Fund,Capital Goods - Electrical Equipment,2026-02-28,0.49
HDFC Large Cap Fund,Capital Goods-Non Electrical Equipment,2026-02-28,0.28
HDFC Large Cap Fund,Cement,2026-02-28,3.81
HDFC Large Cap Fund,Chemicals,2026-02-28,0.89
HDFC Large Cap Fund,Consumer Durables,2026-02-28,1.51
HDFC Large Cap Fund,Debt Others,2026-02-28,0.97
HDFC Large Cap Fund,Diamond Gems and Jewellery,2026-02-28,4.45
HDFC Large Cap Fund,E-Commerce/App based Aggregator,2026-02-28,2.59
HDFC Large Cap Fund,FMCG,2026-02-28,0.89
HDFC Large Cap Fund,Finance,2026-02-28,6.5
HDFC Large Cap Fund,Govt. Securities,2026-02-28,0.48
HDFC Large Cap Fund,Healthcare,2026-02-28,1.37
HDFC Large Cap Fund,IT - Software,2026-02-28,3.67
HDFC Large Cap Fund,Infrastructure Developers & Operators,2026-02-28,1.4
HDFC Large Cap Fund,Insurance,2026-02-28,0.2
HDFC Large Cap Fund,Marine Port & Services,2026-02-28,1.45
HDFC Large Cap Fund,Non Ferrous Metals,2026-02-28,0.21
HDFC Large Cap Fund,Pharmaceuticals,2026-02-28,8.14
HDFC Large Cap Fund,Plantation & Plantation Products,2026-02-28,1.44
HDFC Large Cap Fund,Power Generation & Distribution,2026-02-28,2.13
HDFC Large Cap Fund,Realty,2026-02-28,0.32
HDFC Large Cap Fund,Refineries,2026-02-28,4.96
HDFC Large Cap Fund,Retail,2026-02-28,1.45
HDFC Large Cap Fund,Stock/ Commodity Brokers,2026-02-28,0.24
HDFC Large Cap Fund,Telecom-Service,2026-02-28,5.59
HDFC Large Cap Fund,Air Transport Service,2026-03-31,1.67
HDFC Large Cap Fund,Alcoholic Beverages,2026-03-31,1.64
HDFC Large Cap Fund,Automobile,2026-03-31,9.95
HDFC Large Cap Fund,Banks,2026-03-31,29.1
HDFC Large Cap Fund,Capital Goods - Electrical Equipment,2026-03-31,0.5
HDFC Large Cap Fund,Capital Goods-Non Electrical Equipment,2026-03-31,0.29
HDFC Large Cap Fund,Cement,2026-03-31,2.52
HDFC Large Cap Fund,Chemicals,2026-03-31,0.95
HDFC Large Cap Fund,Consumer Durables,2026-03-31,1.45
HDFC Large Cap Fund,Debt Others,2026-03-31,3.0
HDFC Large Cap Fund,Diamond Gems and Jewellery,2026-03-31,4.59
HDFC Large Cap Fund,E-Commerce/App based Aggregator,2026-03-31,2.79
HDFC Large Cap Fund,FMCG,2026-03-31,0.8
HDFC Large Cap Fund,Finance,2026-03-31,6.24
HDFC Large Cap Fund,Govt. Securities,2026-03-31,0.53
HDFC Large Cap Fund,Healthcare,2026-03-31,1.36
HDFC Large Cap Fund,IT - Software,2026-03-31,3.99
HDFC Large Cap Fund,Infrastructure Developers & Operators,2026-03-31,1.29
HDFC Large Cap Fund,Insurance,2026-03-31,0.2
HDFC Large Cap Fund,Marine Port & Services,2026-03-31,0.81
HDFC Large Cap Fund,Non Ferrous Metals,2026-03-31,0.22
HDFC Large Cap Fund,Pharmaceuticals,2026-03-31,8.94
HDFC Large Cap Fund,Plantation & Plantation Products,2026-03-31,1.45
HDFC Large Cap Fund,Power Generation & Distribution,2026-03-31,2.33
HDFC Large Cap Fund,Realty,2026-03-31,0.3
HDFC Large Cap Fund,Refineries,2026-03-31,5.4
HDFC Large Cap Fund,Retail,2026-03-31,1.46
HDFC Large Cap Fund,Stock/ Commodity Brokers,2026-03-31,0.24
HDFC Large Cap Fund,Telecom-Service,2026-03-31,5.99
HDFC Large Cap Fund,Air Transport Service,2026-04-30,1.69
HDFC Large Cap Fund,Alcoholic Beverages,2026-04-30,1.66
HDFC Large Cap Fund,Automobile,2026-04-30,9.16
HDFC Large Cap Fund,Banks,2026-04-30,29.93
HDFC Large Cap Fund,Capital Goods - Electrical Equipment,2026-04-30,0.58
HDFC Large Cap Fund,Capital Goods-Non Electrical Equipment,2026-04-30,0.32
HDFC Large Cap Fund,Cement,2026-04-30,2.6
HDFC Large Cap Fund,Chemicals,2026-04-30,0.92
HDFC Large Cap Fund,Consumer Durables,2026-04-30,1.41
HDFC Large Cap Fund,Debt Others,2026-04-30,3.1
HDFC Large Cap Fund,Diamond Gems and Jewellery,2026-04-30,4.74
HDFC Large Cap Fund,E-Commerce/App based Aggregator,2026-04-30,3.01
HDFC Large Cap Fund,FMCG,2026-04-30,0.8
HDFC Large Cap Fund,Finance,2026-04-30,6.6
HDFC Large Cap Fund,Govt. Securities,2026-04-30,0.49
HDFC Large Cap Fund,Healthcare,2026-04-30,1.72
HDFC Large Cap Fund,IT - Software,2026-04-30,3.01
HDFC Large Cap Fund,Infrastructure Developers & Operators,2026-04-30,1.38
HDFC Large Cap Fund,Insurance,2026-04-30,0.19
HDFC Large Cap Fund,Marine Port & Services,2026-04-30,0.95
HDFC Large Cap Fund,Non Ferrous Metals,2026-04-30,0.24
HDFC Large Cap Fund,Pharmaceuticals,2026-04-30,7.89
HDFC Large Cap Fund,Plantation & Plantation Products,2026-04-30,1.52
HDFC Large Cap Fund,Power Generation & Distribution,2026-04-30,2.34
HDFC Large Cap Fund,Realty,2026-04-30,0.33
HDFC Large Cap Fund,Refineries,2026-04-30,5.61
HDFC Large Cap Fund,Retail,2026-04-30,1.58
HDFC Large Cap Fund,Stock/ Commodity Brokers,2026-04-30,0.33
HDFC Large Cap Fund,Telecom-Service,2026-04-30,5.9
HDFC Large Cap Fund,Air Transport Service,2026-05-31,1.75
HDFC Large Cap Fund,Alcoholic Beverages,2026-05-31,1.6
HDFC Large Cap Fund,Automobile,2026-05-31,9.12
HDFC Large Cap Fund,Banks,2026-05-31,29.69
HDFC Large Cap Fund,Capital Goods - Electrical Equipment,2026-05-31,0.66
HDFC Large Cap Fund,Capital Goods-Non Electrical Equipment,2026-05-31,0.36
HDFC Large Cap Fund,Cement,2026-05-31,2.64
HDFC Large Cap Fund,Chemicals,2026-05-31,1.0
HDFC Large Cap Fund,Consumer Durables,2026-05-31,1.35
HDFC Large Cap Fund,Debt Others,2026-05-31,2.17
HDFC Large Cap Fund,Diamond Gems and Jewellery,2026-05-31,4.44
HDFC Large Cap Fund,E-Commerce/App based Aggregator,2026-05-31,3.2
HDFC Large Cap Fund,FMCG,2026-05-31,0.81
HDFC Large Cap Fund,Finance,2026-05-31,7.17
HDFC Large Cap Fund,Govt. Securities,2026-05-31,0.5
HDFC Large Cap Fund,Healthcare,2026-05-31,1.69
HDFC Large Cap Fund,IT - Software,2026-05-31,2.98
HDFC Large Cap Fund,Infrastructure Developers & Operators,2026-05-31,2.12
HDFC Large Cap Fund,Insurance,2026-05-31,0.19
HDFC Large Cap Fund,Marine Port & Services,2026-05-31,1.04
HDFC Large Cap Fund,Non Ferrous Metals,2026-05-31,0.27
HDFC Large Cap Fund,Pharmaceuticals,2026-05-31,8.2
HDFC Large Cap Fund,Plantation & Plantation Products,2026-05-31,1.58
HDFC Large Cap Fund,Power Generation & Distribution,2026-05-31,2.28
HDFC Large Cap Fund,Realty,2026-05-31,0.33
HDFC Large Cap Fund,Refineries,2026-05-31,5.22
HDFC Large Cap Fund,Retail,2026-05-31,1.59
HDFC Large Cap Fund,Stock/ Commodity Brokers,2026-05-31,0.28
HDFC Large Cap Fund,Telecom-Service,2026-05-31,5.77
HSBC Large Cap Fund,Aerospace & Defence,2025-08-31,0.59
HSBC Large Cap Fund,Automobile,2025-08-31,6.2
HSBC Large Cap Fund,Banks,2025-08-31,28.08
HSBC Large Cap Fund,Cables,2025-08-31,3.1
HSBC Large Cap Fund,Capital Goods - Electrical Equipment,2025-08-31,2.51
HSBC Large Cap Fund,Cement,2025-08-31,2.42
HSBC Large Cap Fund,Debt Others,2025-08-31,2.3
HSBC Large Cap Fund,Diamond Gems and Jewellery,2025-08-31,1.69
HSBC Large Cap Fund,E-Commerce/App based Aggregator,2025-08-31,6.53
HSBC Large Cap Fund,FMCG,2025-08-31,3.19
HSBC Large Cap Fund,Finance,2025-08-31,5.45
HSBC Large Cap Fund,Healthcare,2025-08-31,2.08
HSBC Large Cap Fund,IT - Software,2025-08-31,9.84
HSBC Large Cap Fund,Infrastructure Developers & Operators,2025-08-31,3.15
HSBC Large Cap Fund,Logistics,2025-08-31,2.56
HSBC Large Cap Fund,Pharmaceuticals,2025-08-31,4.98
HSBC Large Cap Fund,Power Generation & Distribution,2025-08-31,2.24
HSBC Large Cap Fund,Preference n Warrants,2025-08-31,0.04
HSBC Large Cap Fund,Quick Service Restaurant,2025-08-31,1.37
HSBC Large Cap Fund,Refineries,2025-08-31,5.94
HSBC Large Cap Fund,Retail,2025-08-31,1.01
HSBC Large Cap Fund,Telecom-Service,2025-08-31,3.61
HSBC Large Cap Fund,Tobacco Products,2025-08-31,1.12
HSBC Large Cap Fund,Aerospace & Defence,2025-09-30,0.65
HSBC Large Cap Fund,Automobile,2025-09-30,6.65
HSBC Large Cap Fund,Banks,2025-09-30,28.3
HSBC Large Cap Fund,Cables,2025-09-30,2.98
HSBC Large Cap Fund,Capital Goods - Electrical Equipment,2025-09-30,1.28
HSBC Large Cap Fund,Cement,2025-09-30,2.0
HSBC Large Cap Fund,Debt Others,2025-09-30,1.69
HSBC Large Cap Fund,Diamond Gems and Jewellery,2025-09-30,1.56
HSBC Large Cap Fund,E-Commerce/App based Aggregator,2025-09-30,6.75
HSBC Large Cap Fund,FMCG,2025-09-30,6.28
HSBC Large Cap Fund,Finance,2025-09-30,5.82
HSBC Large Cap Fund,Healthcare,2025-09-30,2.02
HSBC Large Cap Fund,IT - Software,2025-09-30,9.5
HSBC Large Cap Fund,Infrastructure Developers & Operators,2025-09-30,3.2
HSBC Large Cap Fund,Logistics,2025-09-30,2.46
HSBC Large Cap Fund,Pharmaceuticals,2025-09-30,4.96
HSBC Large Cap Fund,Power Generation & Distribution,2025-09-30,1.86
HSBC Large Cap Fund,Preference n Warrants,2025-09-30,0.04
HSBC Large Cap Fund,Quick Service Restaurant,2025-09-30,1.35
HSBC Large Cap Fund,Refineries,2025-09-30,5.96
HSBC Large Cap Fund,Telecom-Service,2025-09-30,3.59
HSBC Large Cap Fund,Tobacco Products,2025-09-30,1.1
HSBC Large Cap Fund,Aerospace & Defence,2025-10-31,0.62
HSBC Large Cap Fund,Automobile,2025-10-31,7.28
HSBC Large Cap Fund,Banks,2025-10-31,28.25
HSBC Large Cap Fund,Cables,2025-10-31,3.05
HSBC Large Cap Fund,Capital Goods - Electrical Equipment,2025-10-31,0.82
HSBC Large Cap Fund,Cement,2025-10-31,1.89
HSBC Large Cap Fund,Debt Others,2025-10-31,1.0
HSBC Large Cap Fund,Diamond Gems and Jewellery,2025-10-31,1.68
HSBC Large Cap Fund,E-Commerce/App based Aggregator,2025-10-31,6.37
HSBC Large Cap Fund,FMCG,2025-10-31,6.06
HSBC Large Cap Fund,Finance,2025-10-31,6.3
HSBC Large Cap Fund,Healthcare,2025-10-31,2.03
HSBC Large Cap Fund,IT - Software,2025-10-31,9.59
HSBC Large Cap Fund,Infrastructure Developers & Operators,2025-10-31,3.41
HSBC Large Cap Fund,Logistics,2025-10-31,2.46
HSBC Large Cap Fund,Pharmaceuticals,2025-10-31,4.92
HSBC Large Cap Fund,Power Generation & Distribution,2025-10-31,1.78
HSBC Large Cap Fund,Preference n Warrants,2025-10-31,0.04
HSBC Large Cap Fund,Quick Service Restaurant,2025-10-31,1.26
HSBC Large Cap Fund,Refineries,2025-10-31,6.28
HSBC Large Cap Fund,Telecom-Service,2025-10-31,3.8
HSBC Large Cap Fund,Tobacco Products,2025-10-31,1.11
HSBC Large Cap Fund,Aerospace & Defence,2025-11-30,0.59
HSBC Large Cap Fund,Automobile,2025-11-30,9.04
HSBC Large Cap Fund,Banks,2025-11-30,29.04
HSBC Large Cap Fund,Cables,2025-11-30,2.92
HSBC Large Cap Fund,Cement,2025-11-30,1.81
HSBC Large Cap Fund,Debt Others,2025-11-30,3.42
HSBC Large Cap Fund,Diamond Gems and Jewellery,2025-11-30,1.73
HSBC Large Cap Fund,E-Commerce/App based Aggregator,2025-11-30,5.88
HSBC Large Cap Fund,FMCG,2025-11-30,6.05
HSBC Large Cap Fund,Finance,2025-11-30,4.93
HSBC Large Cap Fund,Healthcare,2025-11-30,1.91
HSBC Large Cap Fund,IT - Software,2025-11-30,9.98
HSBC Large Cap Fund,Infrastructure Developers & Operators,2025-11-30,3.39
HSBC Large Cap Fund,Logistics,2025-11-30,2.22
HSBC Large Cap Fund,Pharmaceuticals,2025-11-30,4.53
HSBC Large Cap Fund,Power Generation & Distribution,2025-11-30,1.11
HSBC Large Cap Fund,Preference n Warrants,2025-11-30,0.04
HSBC Large Cap Fund,Refineries,2025-11-30,6.53
HSBC Large Cap Fund,Telecom-Service,2025-11-30,3.83
HSBC Large Cap Fund,Tobacco Products,2025-11-30,1.05
HSBC Large Cap Fund,Aerospace & Defence,2025-12-31,0.57
HSBC Large Cap Fund,Automobile,2025-12-31,8.74
HSBC Large Cap Fund,Banks,2025-12-31,28.79
HSBC Large Cap Fund,Cables,2025-12-31,2.99
HSBC Large Cap Fund,Cement,2025-12-31,1.85
HSBC Large Cap Fund,Debt Others,2025-12-31,4.54
HSBC Large Cap Fund,Diamond Gems and Jewellery,2025-12-31,1.8
HSBC Large Cap Fund,E-Commerce/App based Aggregator,2025-12-31,5.66
HSBC Large Cap Fund,FMCG,2025-12-31,4.62
HSBC Large Cap Fund,Finance,2025-12-31,6.08
HSBC Large Cap Fund,Healthcare,2025-12-31,2.21
HSBC Large Cap Fund,IT - Software,2025-12-31,10.32
HSBC Large Cap Fund,Infrastructure Developers & Operators,2025-12-31,3.42
HSBC Large Cap Fund,Logistics,2025-12-31,2.11
HSBC Large Cap Fund,Pharmaceuticals,2025-12-31,4.72
HSBC Large Cap Fund,Power Generation & Distribution,2025-12-31,1.12
HSBC Large Cap Fund,Preference n Warrants,2025-12-31,0.04
HSBC Large Cap Fund,Refineries,2025-12-31,6.57
HSBC Large Cap Fund,Telecom-Service,2025-12-31,3.85
HSBC Large Cap Fund,Aerospace & Defence,2026-01-31,0.61
HSBC Large Cap Fund,Automobile,2026-01-31,9.31
HSBC Large Cap Fund,Banks,2026-01-31,30.27
HSBC Large Cap Fund,Cables,2026-01-31,2.79
HSBC Large Cap Fund,Cement,2026-01-31,2.02
HSBC Large Cap Fund,Debt Others,2026-01-31,1.16
HSBC Large Cap Fund,Diamond Gems and Jewellery,2026-01-31,1.79
HSBC Large Cap Fund,E-Commerce/App based Aggregator,2026-01-31,5.27
HSBC Large Cap Fund,FMCG,2026-01-31,4.51
HSBC Large Cap Fund,Finance,2026-01-31,7.24
HSBC Large Cap Fund,Healthcare,2026-01-31,2.22
HSBC Large Cap Fund,IT - Software,2026-01-31,10.22
HSBC Large Cap Fund,Infrastructure Developers & Operators,2026-01-31,3.34
HSBC Large Cap Fund,Logistics,2026-01-31,2.24
HSBC Large Cap Fund,Pharmaceuticals,2026-01-31,5.15
HSBC Large Cap Fund,Power Generation & Distribution,2026-01-31,1.23
HSBC Large Cap Fund,Preference n Warrants,2026-01-31,0.04
HSBC Large Cap Fund,Refineries,2026-01-31,5.92
HSBC Large Cap Fund,Steel,2026-01-31,1.02
HSBC Large Cap Fund,Telecom-Service,2026-01-31,3.65
HSBC Large Cap Fund,Automobile,2026-02-28,8.8
HSBC Large Cap Fund,Banks,2026-02-28,30.18
HSBC Large Cap Fund,Cables,2026-02-28,3.41
HSBC Large Cap Fund,Cement,2026-02-28,2.01
HSBC Large Cap Fund,Debt Others,2026-02-28,3.33
HSBC Large Cap Fund,Diamond Gems and Jewellery,2026-02-28,1.94
HSBC Large Cap Fund,E-Commerce/App based Aggregator,2026-02-28,4.84
HSBC Large Cap Fund,FMCG,2026-02-28,4.5
HSBC Large Cap Fund,Finance,2026-02-28,7.59
HSBC Large Cap Fund,Healthcare,2026-02-28,2.48
HSBC Large Cap Fund,IT - Software,2026-02-28,7.38
HSBC Large Cap Fund,Infrastructure Developers & Operators,2026-02-28,4.52
HSBC Large Cap Fund,Logistics,2026-02-28,1.14
HSBC Large Cap Fund,Pharmaceuticals,2026-02-28,5.49
HSBC Large Cap Fund,Power Generation & Distribution,2026-02-28,1.31
HSBC Large Cap Fund,Preference n Warrants,2026-02-28,0.04
HSBC Large Cap Fund,Refineries,2026-02-28,5.89
HSBC Large Cap Fund,Steel,2026-02-28,1.68
HSBC Large Cap Fund,Telecom-Service,2026-02-28,3.47
HSBC Large Cap Fund,Air Transport Service,2026-03-31,0.71
HSBC Large Cap Fund,Automobile,2026-03-31,6.74
HSBC Large Cap Fund,Banks,2026-03-31,28.85
HSBC Large Cap Fund,Cables,2026-03-31,2.87
HSBC Large Cap Fund,Cement,2026-03-31,1.93
HSBC Large Cap Fund,Consumer Durables,2026-03-31,0.78
HSBC Large Cap Fund,Debt Others,2026-03-31,1.25
HSBC Large Cap Fund,Diamond Gems and Jewellery,2026-03-31,2.01
HSBC Large Cap Fund,E-Commerce/App based Aggregator,2026-03-31,4.99
HSBC Large Cap Fund,FMCG,2026-03-31,4.39
HSBC Large Cap Fund,Finance,2026-03-31,7.23
HSBC Large Cap Fund,Healthcare,2026-03-31,3.37
HSBC Large Cap Fund,IT - Software,2026-03-31,8.17
HSBC Large Cap Fund,Infrastructure Developers & Operators,2026-03-31,4.73
HSBC Large Cap Fund,Logistics,2026-03-31,1.25
HSBC Large Cap Fund,Pharmaceuticals,2026-03-31,6.0
HSBC Large Cap Fund,Power Generation & Distribution,2026-03-31,1.44
HSBC Large Cap Fund,Refineries,2026-03-31,7.25
HSBC Large Cap Fund,Steel,2026-03-31,2.3
HSBC Large Cap Fund,Telecom-Service,2026-03-31,3.74
HSBC Large Cap Fund,Air Transport Service,2026-04-30,1.81
HSBC Large Cap Fund,Alcoholic Beverages,2026-04-30,0.37
HSBC Large Cap Fund,Automobile,2026-04-30,5.47
HSBC Large Cap Fund,Banks,2026-04-30,28.09
HSBC Large Cap Fund,Cables,2026-04-30,2.27
HSBC Large Cap Fund,Cement,2026-04-30,1.95
HSBC Large Cap Fund,Consumer Durables,2026-04-30,1.12
HSBC Large Cap Fund,Debt Others,2026-04-30,2.37
HSBC Large Cap Fund,Diamond Gems and Jewellery,2026-04-30,2.09
HSBC Large Cap Fund,E-Commerce/App based Aggregator,2026-04-30,5.72
HSBC Large Cap Fund,FMCG,2026-04-30,4.82
HSBC Large Cap Fund,Finance,2026-04-30,8.09
HSBC Large Cap Fund,Healthcare,2026-04-30,3.25
HSBC Large Cap Fund,IT - Software,2026-04-30,7.31
HSBC Large Cap Fund,Infrastructure Developers & Operators,2026-04-30,5.06
HSBC Large Cap Fund,Logistics,2026-04-30,1.31
HSBC Large Cap Fund,Pharmaceuticals,2026-04-30,3.2
HSBC Large Cap Fund,Power Generation & Distribution,2026-04-30,1.45
HSBC Large Cap Fund,Refineries,2026-04-30,6.54
HSBC Large Cap Fund,Retail,2026-04-30,1.05
HSBC Large Cap Fund,Steel,2026-04-30,2.96
HSBC Large Cap Fund,Telecom-Service,2026-04-30,3.7
HSBC Large Cap Fund,Air Transport Service,2026-05-31,1.88
HSBC Large Cap Fund,Alcoholic Beverages,2026-05-31,0.72
HSBC Large Cap Fund,Automobile,2026-05-31,4.94
HSBC Large Cap Fund,Banks,2026-05-31,24.76
HSBC Large Cap Fund,Cables,2026-05-31,2.7
HSBC Large Cap Fund,Cement,2026-05-31,1.96
HSBC Large Cap Fund,Consumer Durables,2026-05-31,1.08
HSBC Large Cap Fund,Debt Others,2026-05-31,7.47
HSBC Large Cap Fund,Diamond Gems and Jewellery,2026-05-31,1.74
HSBC Large Cap Fund,E-Commerce/App based Aggregator,2026-05-31,6.8
HSBC Large Cap Fund,FMCG,2026-05-31,2.25
HSBC Large Cap Fund,Finance,2026-05-31,8.11
HSBC Large Cap Fund,Healthcare,2026-05-31,3.43
HSBC Large Cap Fund,IT - Software,2026-05-31,5.37
HSBC Large Cap Fund,Infrastructure Developers & Operators,2026-05-31,5.22
HSBC Large Cap Fund,Insurance,2026-05-31,1.04
HSBC Large Cap Fund,Logistics,2026-05-31,1.29
HSBC Large Cap Fund,Pharmaceuticals,2026-05-31,3.37
HSBC Large Cap Fund,Power Generation & Distribution,2026-05-31,1.43
HSBC Large Cap Fund,Refineries,2026-05-31,6.76
HSBC Large Cap Fund,Retail,2026-05-31,1.08
HSBC Large Cap Fund,Steel,2026-05-31,2.96
HSBC Large Cap Fund,Telecom-Service,2026-05-31,3.64
ICICI Pru Large Cap Fund,Aerospace & Defence,2025-08-31,0.36
ICICI Pru Large Cap Fund,Air Transport Service,2025-08-31,1.74
ICICI Pru Large Cap Fund,Alcoholic Beverages,2025-08-31,1.17
ICICI Pru Large Cap Fund,Automobile,2025-08-31,10.83
ICICI Pru Large Cap Fund,Banks,2025-08-31,22.75
ICICI Pru Large Cap Fund,Capital Goods - Electrical Equipment,2025-08-31,0.86
ICICI Pru Large Cap Fund,Capital Goods-Non Electrical Equipment,2025-08-31,0.96
ICICI Pru Large Cap Fund,Cement,2025-08-31,4.31
ICICI Pru Large Cap Fund,Crude Oil & Natural Gas,2025-08-31,1.41
ICICI Pru Large Cap Fund,Debt Others,2025-08-31,9.01
ICICI Pru Large Cap Fund,Derivatives - Index,2025-08-31,0.1
ICICI Pru Large Cap Fund,E-Commerce/App based Aggregator,2025-08-31,0.42
ICICI Pru Large Cap Fund,FMCG,2025-08-31,0.96
ICICI Pru Large Cap Fund,Finance,2025-08-31,1.16
ICICI Pru Large Cap Fund,IT - Software,2025-08-31,5.65
ICICI Pru Large Cap Fund,Infrastructure Developers & Operators,2025-08-31,6.27
ICICI Pru Large Cap Fund,Insurance,2025-08-31,3.91
ICICI Pru Large Cap Fund,Marine Port & Services,2025-08-31,0.05
ICICI Pru Large Cap Fund,Mining & Mineral products,2025-08-31,0.28
ICICI Pru Large Cap Fund,Non Ferrous Metals,2025-08-31,0.44
ICICI Pru Large Cap Fund,Paints/Varnish,2025-08-31,1.84
ICICI Pru Large Cap Fund,Pharmaceuticals,2025-08-31,4.94
ICICI Pru Large Cap Fund,Power Generation & Distribution,2025-08-31,3.8
ICICI Pru Large Cap Fund,Preference n Warrants,2025-08-31,0.0
ICICI Pru Large Cap Fund,Readymade Garments/ Apparells,2025-08-31,0.4
ICICI Pru Large Cap Fund,Realty,2025-08-31,1.12
ICICI Pru Large Cap Fund,Refineries,2025-08-31,7.6
ICICI Pru Large Cap Fund,Retail,2025-08-31,0.62
ICICI Pru Large Cap Fund,Steel,2025-08-31,0.41
ICICI Pru Large Cap Fund,T Bills,2025-08-31,0.73
ICICI Pru Large Cap Fund,Telecom-Service,2025-08-31,4.57
ICICI Pru Large Cap Fund,Tobacco Products,2025-08-31,1.32
ICICI Pru Large Cap Fund,Aerospace & Defence,2025-09-30,0.39
ICICI Pru Large Cap Fund,Air Transport Service,2025-09-30,1.7
ICICI Pru Large Cap Fund,Alcoholic Beverages,2025-09-30,1.14
ICICI Pru Large Cap Fund,Automobile,2025-09-30,10.88
ICICI Pru Large Cap Fund,Banks,2025-09-30,22.9
ICICI Pru Large Cap Fund,Capital Goods - Electrical Equipment,2025-09-30,0.89
ICICI Pru Large Cap Fund,Capital Goods-Non Electrical Equipment,2025-09-30,0.96
ICICI Pru Large Cap Fund,Cement,2025-09-30,3.93
ICICI Pru Large Cap Fund,Crude Oil & Natural Gas,2025-09-30,1.67
ICICI Pru Large Cap Fund,Debt Others,2025-09-30,8.81
ICICI Pru Large Cap Fund,Derivatives - Index,2025-09-30,0.1
ICICI Pru Large Cap Fund,E-Commerce/App based Aggregator,2025-09-30,0.42
ICICI Pru Large Cap Fund,FMCG,2025-09-30,1.11
ICICI Pru Large Cap Fund,Finance,2025-09-30,0.89
ICICI Pru Large Cap Fund,IT - Software,2025-09-30,5.64
ICICI Pru Large Cap Fund,Infrastructure Developers & Operators,2025-09-30,6.36
ICICI Pru Large Cap Fund,Insurance,2025-09-30,4.09
ICICI Pru Large Cap Fund,Marine Port & Services,2025-09-30,0.06
ICICI Pru Large Cap Fund,Mining & Mineral products,2025-09-30,0.31
ICICI Pru Large Cap Fund,Non Ferrous Metals,2025-09-30,0.43
ICICI Pru Large Cap Fund,Paints/Varnish,2025-09-30,2.0
ICICI Pru Large Cap Fund,Pharmaceuticals,2025-09-30,4.82
ICICI Pru Large Cap Fund,Power Generation & Distribution,2025-09-30,3.88
ICICI Pru Large Cap Fund,Preference n Warrants,2025-09-30,0.0
ICICI Pru Large Cap Fund,Readymade Garments/ Apparells,2025-09-30,0.49
ICICI Pru Large Cap Fund,Realty,2025-09-30,1.06
ICICI Pru Large Cap Fund,Refineries,2025-09-30,7.62
ICICI Pru Large Cap Fund,Retail,2025-09-30,0.57
ICICI Pru Large Cap Fund,Steel,2025-09-30,0.39
ICICI Pru Large Cap Fund,T Bills,2025-09-30,0.75
ICICI Pru Large Cap Fund,Telecom-Service,2025-09-30,4.47
ICICI Pru Large Cap Fund,Tobacco Products,2025-09-30,1.28
ICICI Pru Large Cap Fund,Aerospace & Defence,2025-10-31,0.37
ICICI Pru Large Cap Fund,Air Transport Service,2025-10-31,1.65
ICICI Pru Large Cap Fund,Alcoholic Beverages,2025-10-31,1.14
ICICI Pru Large Cap Fund,Automobile,2025-10-31,10.45
ICICI Pru Large Cap Fund,Banks,2025-10-31,23.01
ICICI Pru Large Cap Fund,Capital Goods - Electrical Equipment,2025-10-31,1.03
ICICI Pru Large Cap Fund,Capital Goods-Non Electrical Equipment,2025-10-31,1.0
ICICI Pru Large Cap Fund,Cement,2025-10-31,3.69
ICICI Pru Large Cap Fund,Crude Oil & Natural Gas,2025-10-31,1.76
ICICI Pru Large Cap Fund,Debt Others,2025-10-31,8.78
ICICI Pru Large Cap Fund,Derivatives - Index,2025-10-31,0.07
ICICI Pru Large Cap Fund,E-Commerce/App based Aggregator,2025-10-31,0.46
ICICI Pru Large Cap Fund,FMCG,2025-10-31,1.01
ICICI Pru Large Cap Fund,Finance,2025-10-31,0.69
ICICI Pru Large Cap Fund,IT - Software,2025-10-31,5.58
ICICI Pru Large Cap Fund,Infrastructure Developers & Operators,2025-10-31,6.75
ICICI Pru Large Cap Fund,Insurance,2025-10-31,4.02
ICICI Pru Large Cap Fund,Marine Port & Services,2025-10-31,0.06
ICICI Pru Large Cap Fund,Mining & Mineral products,2025-10-31,0.31
ICICI Pru Large Cap Fund,Non Ferrous Metals,2025-10-31,0.19
ICICI Pru Large Cap Fund,Paints/Varnish,2025-10-31,2.11
ICICI Pru Large Cap Fund,Pharmaceuticals,2025-10-31,4.63
ICICI Pru Large Cap Fund,Power Generation & Distribution,2025-10-31,3.93
ICICI Pru Large Cap Fund,Preference n Warrants,2025-10-31,0.0
ICICI Pru Large Cap Fund,Readymade Garments/ Apparells,2025-10-31,0.54
ICICI Pru Large Cap Fund,Realty,2025-10-31,1.08
ICICI Pru Large Cap Fund,Refineries,2025-10-31,7.96
ICICI Pru Large Cap Fund,Retail,2025-10-31,0.51
ICICI Pru Large Cap Fund,Steel,2025-10-31,0.31
ICICI Pru Large Cap Fund,T Bills,2025-10-31,0.86
ICICI Pru Large Cap Fund,Telecom-Service,2025-10-31,4.68
ICICI Pru Large Cap Fund,Tobacco Products,2025-10-31,1.38
ICICI Pru Large Cap Fund,Aerospace & Defence,2025-11-30,0.35
ICICI Pru Large Cap Fund,Air Transport Service,2025-11-30,1.68
ICICI Pru Large Cap Fund,Alcoholic Beverages,2025-11-30,1.08
ICICI Pru Large Cap Fund,Automobile,2025-11-30,10.77
ICICI Pru Large Cap Fund,Banks,2025-11-30,23.24
ICICI Pru Large Cap Fund,Capital Goods - Electrical Equipment,2025-11-30,1.06
ICICI Pru Large Cap Fund,Capital Goods-Non Electrical Equipment,2025-11-30,0.89
ICICI Pru Large Cap Fund,Cement,2025-11-30,3.42
ICICI Pru Large Cap Fund,Crude Oil & Natural Gas,2025-11-30,1.63
ICICI Pru Large Cap Fund,Debt Others,2025-11-30,8.57
ICICI Pru Large Cap Fund,Derivatives - Index,2025-11-30,0.07
ICICI Pru Large Cap Fund,E-Commerce/App based Aggregator,2025-11-30,0.45
ICICI Pru Large Cap Fund,FMCG,2025-11-30,0.93
ICICI Pru Large Cap Fund,Finance,2025-11-30,0.66
ICICI Pru Large Cap Fund,Gas Distribution,2025-11-30,0.07
ICICI Pru Large Cap Fund,IT - Software,2025-11-30,5.71
ICICI Pru Large Cap Fund,Infrastructure Developers & Operators,2025-11-30,6.61
ICICI Pru Large Cap Fund,Insurance,2025-11-30,4.19
ICICI Pru Large Cap Fund,Marine Port & Services,2025-11-30,0.06
ICICI Pru Large Cap Fund,Mining & Mineral products,2025-11-30,0.32
ICICI Pru Large Cap Fund,Non Ferrous Metals,2025-11-30,0.18
ICICI Pru Large Cap Fund,Paints/Varnish,2025-11-30,2.34
ICICI Pru Large Cap Fund,Pharmaceuticals,2025-11-30,4.59
ICICI Pru Large Cap Fund,Power Generation & Distribution,2025-11-30,3.96
ICICI Pru Large Cap Fund,Preference n Warrants,2025-11-30,0.0
ICICI Pru Large Cap Fund,Readymade Garments/ Apparells,2025-11-30,0.5
ICICI Pru Large Cap Fund,Realty,2025-11-30,1.01
ICICI Pru Large Cap Fund,Refineries,2025-11-30,7.98
ICICI Pru Large Cap Fund,Retail,2025-11-30,0.59
ICICI Pru Large Cap Fund,Steel,2025-11-30,0.27
ICICI Pru Large Cap Fund,T Bills,2025-11-30,0.88
ICICI Pru Large Cap Fund,Telecom-Service,2025-11-30,4.65
ICICI Pru Large Cap Fund,Tobacco Products,2025-11-30,1.29
ICICI Pru Large Cap Fund,Aerospace & Defence,2025-12-31,0.88
ICICI Pru Large Cap Fund,Air Transport Service,2025-12-31,1.69
ICICI Pru Large Cap Fund,Alcoholic Beverages,2025-12-31,1.05
ICICI Pru Large Cap Fund,Automobile,2025-12-31,10.87
ICICI Pru Large Cap Fund,Banks,2025-12-31,22.88
ICICI Pru Large Cap Fund,Capital Goods - Electrical Equipment,2025-12-31,1.06
ICICI Pru Large Cap Fund,Capital Goods-Non Electrical Equipment,2025-12-31,0.81
ICICI Pru Large Cap Fund,Cement,2025-12-31,3.92
ICICI Pru Large Cap Fund,Crude Oil & Natural Gas,2025-12-31,1.7
ICICI Pru Large Cap Fund,Debt Others,2025-12-31,7.37
ICICI Pru Large Cap Fund,Derivatives - Index,2025-12-31,0.2
ICICI Pru Large Cap Fund,E-Commerce/App based Aggregator,2025-12-31,0.68
ICICI Pru Large Cap Fund,FMCG,2025-12-31,0.96
ICICI Pru Large Cap Fund,Finance,2025-12-31,0.66
ICICI Pru Large Cap Fund,Gas Distribution,2025-12-31,0.07
ICICI Pru Large Cap Fund,IT - Software,2025-12-31,5.32
ICICI Pru Large Cap Fund,Infrastructure Developers & Operators,2025-12-31,6.47
ICICI Pru Large Cap Fund,Insurance,2025-12-31,4.3
ICICI Pru Large Cap Fund,Marine Port & Services,2025-12-31,0.06
ICICI Pru Large Cap Fund,Mining & Mineral products,2025-12-31,0.37
ICICI Pru Large Cap Fund,Paints/Varnish,2025-12-31,2.14
ICICI Pru Large Cap Fund,Pharmaceuticals,2025-12-31,4.4
ICICI Pru Large Cap Fund,Plastic products,2025-12-31,0.19
ICICI Pru Large Cap Fund,Power Generation & Distribution,2025-12-31,4.43
ICICI Pru Large Cap Fund,Preference n Warrants,2025-12-31,0.0
ICICI Pru Large Cap Fund,Readymade Garments/ Apparells,2025-12-31,0.52
ICICI Pru Large Cap Fund,Realty,2025-12-31,1.06
ICICI Pru Large Cap Fund,Refineries,2025-12-31,7.87
ICICI Pru Large Cap Fund,Retail,2025-12-31,1.0
ICICI Pru Large Cap Fund,Steel,2025-12-31,0.19
ICICI Pru Large Cap Fund,T Bills,2025-12-31,0.93
ICICI Pru Large Cap Fund,Telecom-Service,2025-12-31,4.64
ICICI Pru Large Cap Fund,Tobacco Products,2025-12-31,1.28
ICICI Pru Large Cap Fund,Aerospace & Defence,2026-01-31,0.98
ICICI Pru Large Cap Fund,Air Transport Service,2026-01-31,1.81
ICICI Pru Large Cap Fund,Alcoholic Beverages,2026-01-31,1.05
ICICI Pru Large Cap Fund,Automobile,2026-01-31,10.83
ICICI Pru Large Cap Fund,Banks,2026-01-31,23.28
ICICI Pru Large Cap Fund,Capital Goods - Electrical Equipment,2026-01-31,1.28
ICICI Pru Large Cap Fund,Capital Goods-Non Electrical Equipment,2026-01-31,0.77
ICICI Pru Large Cap Fund,Cement,2026-01-31,4.31
ICICI Pru Large Cap Fund,Crude Oil & Natural Gas,2026-01-31,1.59
ICICI Pru Large Cap Fund,Debt Others,2026-01-31,6.65
ICICI Pru Large Cap Fund,Derivatives - Index,2026-01-31,0.37
ICICI Pru Large Cap Fund,E-Commerce/App based Aggregator,2026-01-31,0.73
ICICI Pru Large Cap Fund,FMCG,2026-01-31,0.9
ICICI Pru Large Cap Fund,Finance,2026-01-31,0.64
ICICI Pru Large Cap Fund,Gas Distribution,2026-01-31,0.07
ICICI Pru Large Cap Fund,Healthcare,2026-01-31,0.07
ICICI Pru Large Cap Fund,IT - Software,2026-01-31,5.22
ICICI Pru Large Cap Fund,Infrastructure Developers & Operators,2026-01-31,6.45
ICICI Pru Large Cap Fund,Insurance,2026-01-31,4.41
ICICI Pru Large Cap Fund,Marine Port & Services,2026-01-31,0.06
ICICI Pru Large Cap Fund,Mining & Mineral products,2026-01-31,0.43
ICICI Pru Large Cap Fund,Paints/Varnish,2026-01-31,1.99
ICICI Pru Large Cap Fund,Pharmaceuticals,2026-01-31,4.43
ICICI Pru Large Cap Fund,Plastic products,2026-01-31,0.21
ICICI Pru Large Cap Fund,Power Generation & Distribution,2026-01-31,4.92
ICICI Pru Large Cap Fund,Preference n Warrants,2026-01-31,0.0
ICICI Pru Large Cap Fund,Readymade Garments/ Apparells,2026-01-31,0.53
ICICI Pru Large Cap Fund,Realty,2026-01-31,1.22
ICICI Pru Large Cap Fund,Refineries,2026-01-31,7.31
ICICI Pru Large Cap Fund,Retail,2026-01-31,0.95
ICICI Pru Large Cap Fund,Steel,2026-01-31,0.19
ICICI Pru Large Cap Fund,T Bills,2026-01-31,0.88
ICICI Pru Large Cap Fund,Telecom-Service,2026-01-31,4.45
ICICI Pru Large Cap Fund,Tobacco Products,2026-01-31,1.05
ICICI Pru Large Cap Fund,Aerospace & Defence,2026-02-28,0.99
ICICI Pru Large Cap Fund,Air Transport Service,2026-02-28,1.88
ICICI Pru Large Cap Fund,Alcoholic Beverages,2026-02-28,1.09
ICICI Pru Large Cap Fund,Automobile,2026-02-28,10.78
ICICI Pru Large Cap Fund,Banks,2026-02-28,23.78
ICICI Pru Large Cap Fund,Capital Goods - Electrical Equipment,2026-02-28,1.29
ICICI Pru Large Cap Fund,Capital Goods-Non Electrical Equipment,2026-02-28,0.74
ICICI Pru Large Cap Fund,Cement,2026-02-28,4.2
ICICI Pru Large Cap Fund,Crude Oil & Natural Gas,2026-02-28,1.21
ICICI Pru Large Cap Fund,Debt Others,2026-02-28,6.22
ICICI Pru Large Cap Fund,Derivatives - Index,2026-02-28,0.12
ICICI Pru Large Cap Fund,E-Commerce/App based Aggregator,2026-02-28,1.37
ICICI Pru Large Cap Fund,FMCG,2026-02-28,1.04
ICICI Pru Large Cap Fund,Finance,2026-02-28,0.66
ICICI Pru Large Cap Fund,Gas Distribution,2026-02-28,0.07
ICICI Pru Large Cap Fund,Healthcare,2026-02-28,0.07
ICICI Pru Large Cap Fund,IT - Software,2026-02-28,5.59
ICICI Pru Large Cap Fund,Infrastructure Developers & Operators,2026-02-28,6.34
ICICI Pru Large Cap Fund,Insurance,2026-02-28,4.44
ICICI Pru Large Cap Fund,Marine Port & Services,2026-02-28,0.06
ICICI Pru Large Cap Fund,Mining & Mineral products,2026-02-28,0.54
ICICI Pru Large Cap Fund,Paints/Varnish,2026-02-28,1.93
ICICI Pru Large Cap Fund,Pharmaceuticals,2026-02-28,4.3
ICICI Pru Large Cap Fund,Plastic products,2026-02-28,0.23
ICICI Pru Large Cap Fund,Power Generation & Distribution,2026-02-28,4.82
ICICI Pru Large Cap Fund,Preference n Warrants,2026-02-28,0.0
ICICI Pru Large Cap Fund,Readymade Garments/ Apparells,2026-02-28,0.51
ICICI Pru Large Cap Fund,Realty,2026-02-28,1.16
ICICI Pru Large Cap Fund,Refineries,2026-02-28,6.89
ICICI Pru Large Cap Fund,Retail,2026-02-28,0.97
ICICI Pru Large Cap Fund,Steel,2026-02-28,0.07
ICICI Pru Large Cap Fund,T Bills,2026-02-28,1.41
ICICI Pru Large Cap Fund,Telecom-Service,2026-02-28,4.21
ICICI Pru Large Cap Fund,Tobacco Products,2026-02-28,1.01
ICICI Pru Large Cap Fund,Aerospace & Defence,2026-03-31,0.98
ICICI Pru Large Cap Fund,Air Transport Service,2026-03-31,1.7
ICICI Pru Large Cap Fund,Alcoholic Beverages,2026-03-31,1.11
ICICI Pru Large Cap Fund,Automobile,2026-03-31,10.72
ICICI Pru Large Cap Fund,Banks,2026-03-31,22.7
ICICI Pru Large Cap Fund,Capital Goods - Electrical Equipment,2026-03-31,1.23
ICICI Pru Large Cap Fund,Capital Goods-Non Electrical Equipment,2026-03-31,0.76
ICICI Pru Large Cap Fund,Cement,2026-03-31,3.97
ICICI Pru Large Cap Fund,Crude Oil & Natural Gas,2026-03-31,1.49
ICICI Pru Large Cap Fund,Debt Others,2026-03-31,4.11
ICICI Pru Large Cap Fund,Derivatives - Index,2026-03-31,0.2
ICICI Pru Large Cap Fund,E-Commerce/App based Aggregator,2026-03-31,1.39
ICICI Pru Large Cap Fund,FMCG,2026-03-31,1.45
ICICI Pru Large Cap Fund,Finance,2026-03-31,0.66
ICICI Pru Large Cap Fund,Gas Distribution,2026-03-31,0.06
ICICI Pru Large Cap Fund,Healthcare,2026-03-31,0.28
ICICI Pru Large Cap Fund,Hotels & Restaurants,2026-03-31,0.04
ICICI Pru Large Cap Fund,IT - Software,2026-03-31,6.36
ICICI Pru Large Cap Fund,Infrastructure Developers & Operators,2026-03-31,5.51
ICICI Pru Large Cap Fund,Insurance,2026-03-31,4.28
ICICI Pru Large Cap Fund,Marine Port & Services,2026-03-31,0.05
ICICI Pru Large Cap Fund,Non Ferrous Metals,2026-03-31,0.62
ICICI Pru Large Cap Fund,Paints/Varnish,2026-03-31,2.22
ICICI Pru Large Cap Fund,Pharmaceuticals,2026-03-31,4.84
ICICI Pru Large Cap Fund,Plastic products,2026-03-31,0.24
ICICI Pru Large Cap Fund,Power Generation & Distribution,2026-03-31,5.33
ICICI Pru Large Cap Fund,Preference n Warrants,2026-03-31,0.0
ICICI Pru Large Cap Fund,Readymade Garments/ Apparells,2026-03-31,0.56
ICICI Pru Large Cap Fund,Realty,2026-03-31,1.23
ICICI Pru Large Cap Fund,Refineries,2026-03-31,7.48
ICICI Pru Large Cap Fund,Retail,2026-03-31,1.39
ICICI Pru Large Cap Fund,Steel,2026-03-31,0.13
ICICI Pru Large Cap Fund,T Bills,2026-03-31,1.31
ICICI Pru Large Cap Fund,Telecom-Service,2026-03-31,4.52
ICICI Pru Large Cap Fund,Tobacco Products,2026-03-31,1.03
ICICI Pru Large Cap Fund,Unspecified Sector,2026-03-31,1.99
ICICI Pru Large Cap Fund,Aerospace & Defence,2026-04-30,1.13
ICICI Pru Large Cap Fund,Air Transport Service,2026-04-30,1.8
ICICI Pru Large Cap Fund,Alcoholic Beverages,2026-04-30,0.9
ICICI Pru Large Cap Fund,Automobile,2026-04-30,10.82
ICICI Pru Large Cap Fund,Banks,2026-04-30,22.9
ICICI Pru Large Cap Fund,Capital Goods - Electrical Equipment,2026-04-30,1.13
ICICI Pru Large Cap Fund,Capital Goods-Non Electrical Equipment,2026-04-30,0.82
ICICI Pru Large Cap Fund,Cement,2026-04-30,3.55
ICICI Pru Large Cap Fund,Consumer Durables,2026-04-30,-0.09
ICICI Pru Large Cap Fund,Crude Oil & Natural Gas,2026-04-30,1.5
ICICI Pru Large Cap Fund,Debt Others,2026-04-30,5.05
ICICI Pru Large Cap Fund,Derivatives - Index,2026-04-30,0.11
ICICI Pru Large Cap Fund,Diamond Gems and Jewellery,2026-04-30,0.16
ICICI Pru Large Cap Fund,E-Commerce/App based Aggregator,2026-04-30,1.46
ICICI Pru Large Cap Fund,FMCG,2026-04-30,1.86
ICICI Pru Large Cap Fund,Finance,2026-04-30,0.88
ICICI Pru Large Cap Fund,Gas Distribution,2026-04-30,0.07
ICICI Pru Large Cap Fund,Healthcare,2026-04-30,0.46
ICICI Pru Large Cap Fund,Hotels & Restaurants,2026-04-30,0.43
ICICI Pru Large Cap Fund,IT - Software,2026-04-30,6.11
ICICI Pru Large Cap Fund,Infrastructure Developers & Operators,2026-04-30,5.66
ICICI Pru Large Cap Fund,Insurance,2026-04-30,3.91
ICICI Pru Large Cap Fund,Logistics,2026-04-30,0.02
ICICI Pru Large Cap Fund,Marine Port & Services,2026-04-30,0.05
ICICI Pru Large Cap Fund,Non Ferrous Metals,2026-04-30,0.3
ICICI Pru Large Cap Fund,Other,2026-04-30,0.53
ICICI Pru Large Cap Fund,Paints/Varnish,2026-04-30,2.31
ICICI Pru Large Cap Fund,Pharmaceuticals,2026-04-30,4.53
ICICI Pru Large Cap Fund,Plastic products,2026-04-30,0.22
ICICI Pru Large Cap Fund,Power Generation & Distribution,2026-04-30,4.94
ICICI Pru Large Cap Fund,Preference n Warrants,2026-04-30,0.0
ICICI Pru Large Cap Fund,Readymade Garments/ Apparells,2026-04-30,0.6
ICICI Pru Large Cap Fund,Realty,2026-04-30,1.32
ICICI Pru Large Cap Fund,Refineries,2026-04-30,6.32
ICICI Pru Large Cap Fund,Retail,2026-04-30,1.54
ICICI Pru Large Cap Fund,Steel,2026-04-30,-0.02
ICICI Pru Large Cap Fund,T Bills,2026-04-30,0.86
ICICI Pru Large Cap Fund,Telecom-Service,2026-04-30,4.43
ICICI Pru Large Cap Fund,Tobacco Products,2026-04-30,1.04
ICICI Pru Large Cap Fund,Aerospace & Defence,2026-05-31,1.11
ICICI Pru Large Cap Fund,Air Transport Service,2026-05-31,1.83
ICICI Pru Large Cap Fund,Alcoholic Beverages,2026-05-31,1.27
ICICI Pru Large Cap Fund,Automobile,2026-05-31,10.56
ICICI Pru Large Cap Fund,Banks,2026-05-31,24.08
ICICI Pru Large Cap Fund,Capital Goods - Electrical Equipment,2026-05-31,1.13
ICICI Pru Large Cap Fund,Capital Goods-Non Electrical Equipment,2026-05-31,0.91
ICICI Pru Large Cap Fund,Cement,2026-05-31,3.46
ICICI Pru Large Cap Fund,Consumer Durables,2026-05-31,0.28
ICICI Pru Large Cap Fund,Crude Oil & Natural Gas,2026-05-31,1.53
ICICI Pru Large Cap Fund,Debt Others,2026-05-31,4.09
ICICI Pru Large Cap Fund,Derivatives - Index,2026-05-31,0.37
ICICI Pru Large Cap Fund,Diamond Gems and Jewellery,2026-05-31,0.43
ICICI Pru Large Cap Fund,E-Commerce/App based Aggregator,2026-05-31,1.46
ICICI Pru Large Cap Fund,FMCG,2026-05-31,2.71
ICICI Pru Large Cap Fund,Finance,2026-05-31,0.89
ICICI Pru Large Cap Fund,Gas Distribution,2026-05-31,0.07
ICICI Pru Large Cap Fund,Healthcare,2026-05-31,0.67
ICICI Pru Large Cap Fund,Hotels & Restaurants,2026-05-31,0.41
ICICI Pru Large Cap Fund,IT - Software,2026-05-31,4.81
ICICI Pru Large Cap Fund,Infrastructure Developers & Operators,2026-05-31,5.38
ICICI Pru Large Cap Fund,Insurance,2026-05-31,4.01
ICICI Pru Large Cap Fund,Logistics,2026-05-31,0.24
ICICI Pru Large Cap Fund,Marine Port & Services,2026-05-31,0.02
ICICI Pru Large Cap Fund,Non Ferrous Metals,2026-05-31,0.42
ICICI Pru Large Cap Fund,Paints/Varnish,2026-05-31,2.02
ICICI Pru Large Cap Fund,Pharmaceuticals,2026-05-31,4.44
ICICI Pru Large Cap Fund,Plastic products,2026-05-31,0.21
ICICI Pru Large Cap Fund,Power Generation & Distribution,2026-05-31,4.17
ICICI Pru Large Cap Fund,Readymade Garments/ Apparells,2026-05-31,0.62
ICICI Pru Large Cap Fund,Realty,2026-05-31,1.32
ICICI Pru Large Cap Fund,Refineries,2026-05-31,6.03
ICICI Pru Large Cap Fund,Retail,2026-05-31,1.6
ICICI Pru Large Cap Fund,Steel,2026-05-31,0.43
ICICI Pru Large Cap Fund,T Bills,2026-05-31,0.79
ICICI Pru Large Cap Fund,Telecom-Service,2026-05-31,4.34
ICICI Pru Large Cap Fund,Textiles,2026-05-31,0.35
ICICI Pru Large Cap Fund,Tobacco Products,2026-05-31,0.94
ITI Large Cap Fund,Aerospace & Defence,2025-08-31,2.34
ITI Large Cap Fund,Air Transport Service,2025-08-31,1.44
ITI Large Cap Fund,Automobile,2025-08-31,4.01
ITI Large Cap Fund,Banks,2025-08-31,24.42
ITI Large Cap Fund,Cables,2025-08-31,0.64
ITI Large Cap Fund,Capital Goods-Non Electrical Equipment,2025-08-31,2.92
ITI Large Cap Fund,Cement,2025-08-31,2.36
ITI Large Cap Fund,Debt Others,2025-08-31,1.49
ITI Large Cap Fund,Diamond Gems and Jewellery,2025-08-31,2.09
ITI Large Cap Fund,E-Commerce/App based Aggregator,2025-08-31,1.64
ITI Large Cap Fund,FMCG,2025-08-31,4.34
ITI Large Cap Fund,Finance,2025-08-31,10.3
ITI Large Cap Fund,Financial Services,2025-08-31,1.25
ITI Large Cap Fund,Healthcare,2025-08-31,0.99
ITI Large Cap Fund,Hotels & Restaurants,2025-08-31,0.61
ITI Large Cap Fund,IT - Software,2025-08-31,8.12
ITI Large Cap Fund,Infrastructure Developers & Operators,2025-08-31,2.28
ITI Large Cap Fund,Insurance,2025-08-31,0.6
ITI Large Cap Fund,Mining & Mineral products,2025-08-31,0.91
ITI Large Cap Fund,Miscellaneous,2025-08-31,1.62
ITI Large Cap Fund,Non Ferrous Metals,2025-08-31,1.26
ITI Large Cap Fund,Paints/Varnish,2025-08-31,0.66
ITI Large Cap Fund,Pharmaceuticals,2025-08-31,3.38
ITI Large Cap Fund,Power Generation & Distribution,2025-08-31,4.81
ITI Large Cap Fund,Preference n Warrants,2025-08-31,0.01
ITI Large Cap Fund,Realty,2025-08-31,0.62
ITI Large Cap Fund,Refineries,2025-08-31,6.49
ITI Large Cap Fund,Retail,2025-08-31,1.72
ITI Large Cap Fund,Steel,2025-08-31,0.78
ITI Large Cap Fund,Telecom-Service,2025-08-31,3.6
ITI Large Cap Fund,Tobacco Products,2025-08-31,2.3
ITI Large Cap Fund,Aerospace & Defence,2025-09-30,2.53
ITI Large Cap Fund,Air Transport Service,2025-09-30,2.01
ITI Large Cap Fund,Automobile,2025-09-30,5.21
ITI Large Cap Fund,Banks,2025-09-30,23.59
ITI Large Cap Fund,Capital Goods-Non Electrical Equipment,2025-09-30,2.9
ITI Large Cap Fund,Cement,2025-09-30,2.3
ITI Large Cap Fund,Debt Others,2025-09-30,1.22
ITI Large Cap Fund,Diamond Gems and Jewellery,2025-09-30,2.02
ITI Large Cap Fund,E-Commerce/App based Aggregator,2025-09-30,2.09
ITI Large Cap Fund,Engineering,2025-09-30,0.46
ITI Large Cap Fund,FMCG,2025-09-30,3.53
ITI Large Cap Fund,Finance,2025-09-30,9.98
ITI Large Cap Fund,Financial Services,2025-09-30,1.27
ITI Large Cap Fund,Healthcare,2025-09-30,0.95
ITI Large Cap Fund,Hotels & Restaurants,2025-09-30,0.57
ITI Large Cap Fund,IT - Software,2025-09-30,7.25
ITI Large Cap Fund,Infrastructure Developers & Operators,2025-09-30,2.27
ITI Large Cap Fund,Insurance,2025-09-30,0.59
ITI Large Cap Fund,Mining & Mineral products,2025-09-30,0.94
ITI Large Cap Fund,Miscellaneous,2025-09-30,0.81
ITI Large Cap Fund,Non Ferrous Metals,2025-09-30,1.34
ITI Large Cap Fund,Paints/Varnish,2025-09-30,0.61
ITI Large Cap Fund,Pharmaceuticals,2025-09-30,3.4
ITI Large Cap Fund,Power Generation & Distribution,2025-09-30,6.43
ITI Large Cap Fund,Preference n Warrants,2025-09-30,0.01
ITI Large Cap Fund,Realty,2025-09-30,0.59
ITI Large Cap Fund,Refineries,2025-09-30,6.44
ITI Large Cap Fund,Retail,2025-09-30,2.07
ITI Large Cap Fund,Steel,2025-09-30,0.85
ITI Large Cap Fund,Telecom-Service,2025-09-30,3.54
ITI Large Cap Fund,Tobacco Products,2025-09-30,2.23
ITI Large Cap Fund,Aerospace & Defence,2025-10-31,2.5
ITI Large Cap Fund,Air Transport Service,2025-10-31,1.95
ITI Large Cap Fund,Automobile,2025-10-31,5.42
ITI Large Cap Fund,Banks,2025-10-31,23.93
ITI Large Cap Fund,Capital Goods-Non Electrical Equipment,2025-10-31,3.15
ITI Large Cap Fund,Cement,2025-10-31,2.18
ITI Large Cap Fund,Debt Others,2025-10-31,3.54
ITI Large Cap Fund,Diamond Gems and Jewellery,2025-10-31,2.14
ITI Large Cap Fund,E-Commerce/App based Aggregator,2025-10-31,2.04
ITI Large Cap Fund,Engineering,2025-10-31,0.46
ITI Large Cap Fund,FMCG,2025-10-31,2.18
ITI Large Cap Fund,Finance,2025-10-31,9.9
ITI Large Cap Fund,Financial Services,2025-10-31,1.28
ITI Large Cap Fund,Healthcare,2025-10-31,0.95
ITI Large Cap Fund,Hotels & Restaurants,2025-10-31,0.57
ITI Large Cap Fund,IT - Software,2025-10-31,5.23
ITI Large Cap Fund,Infrastructure Developers & Operators,2025-10-31,3.83
ITI Large Cap Fund,Insurance,2025-10-31,0.62
ITI Large Cap Fund,Marine Port & Services,2025-10-31,0.99
ITI Large Cap Fund,Mining & Mineral products,2025-10-31,0.9
ITI Large Cap Fund,Miscellaneous,2025-10-31,0.85
ITI Large Cap Fund,Non Ferrous Metals,2025-10-31,1.88
ITI Large Cap Fund,Paints/Varnish,2025-10-31,0.63
ITI Large Cap Fund,Pharmaceuticals,2025-10-31,1.98
ITI Large Cap Fund,Power Generation & Distribution,2025-10-31,6.08
ITI Large Cap Fund,Preference n Warrants,2025-10-31,0.01
ITI Large Cap Fund,Realty,2025-10-31,0.6
ITI Large Cap Fund,Refineries,2025-10-31,6.78
ITI Large Cap Fund,Retail,2025-10-31,0.92
ITI Large Cap Fund,Steel,2025-10-31,0.87
ITI Large Cap Fund,Telecom-Service,2025-10-31,3.73
ITI Large Cap Fund,Textiles,2025-10-31,0.7
ITI Large Cap Fund,Tobacco Products,2025-10-31,1.21
ITI Large Cap Fund,Aerospace & Defence,2025-11-30,2.41
ITI Large Cap Fund,Air Transport Service,2025-11-30,2.04
ITI Large Cap Fund,Automobile,2025-11-30,5.15
ITI Large Cap Fund,Banks,2025-11-30,24.93
ITI Large Cap Fund,Capital Goods-Non Electrical Equipment,2025-11-30,2.85
ITI Large Cap Fund,Cement,2025-11-30,2.11
ITI Large Cap Fund,Debt Others,2025-11-30,2.22
ITI Large Cap Fund,Diamond Gems and Jewellery,2025-11-30,2.15
ITI Large Cap Fund,E-Commerce/App based Aggregator,2025-11-30,2.94
ITI Large Cap Fund,Engineering,2025-11-30,0.46
ITI Large Cap Fund,FMCG,2025-11-30,2.21
ITI Large Cap Fund,Finance,2025-11-30,9.94
ITI Large Cap Fund,Financial Services,2025-11-30,1.23
ITI Large Cap Fund,Healthcare,2025-11-30,0.9
ITI Large Cap Fund,Hotels & Restaurants,2025-11-30,0.87
ITI Large Cap Fund,IT - Software,2025-11-30,5.5
ITI Large Cap Fund,Infrastructure Developers & Operators,2025-11-30,3.83
ITI Large Cap Fund,Insurance,2025-11-30,0.62
ITI Large Cap Fund,Marine Port & Services,2025-11-30,1.44
ITI Large Cap Fund,Mining & Mineral products,2025-11-30,0.87
ITI Large Cap Fund,Miscellaneous,2025-11-30,0.72
ITI Large Cap Fund,Non Ferrous Metals,2025-11-30,1.79
ITI Large Cap Fund,Pharmaceuticals,2025-11-30,2.07
ITI Large Cap Fund,Power Generation & Distribution,2025-11-30,5.26
ITI Large Cap Fund,Preference n Warrants,2025-11-30,0.01
ITI Large Cap Fund,Realty,2025-11-30,0.57
ITI Large Cap Fund,Refineries,2025-11-30,7.13
ITI Large Cap Fund,Retail,2025-11-30,0.83
ITI Large Cap Fund,Steel,2025-11-30,0.83
ITI Large Cap Fund,Telecom-Service,2025-11-30,4.3
ITI Large Cap Fund,Textiles,2025-11-30,0.66
ITI Large Cap Fund,Tobacco Products,2025-11-30,1.16
ITI Large Cap Fund,Aerospace & Defence,2025-12-31,2.36
ITI Large Cap Fund,Air Transport Service,2025-12-31,1.78
ITI Large Cap Fund,Automobile,2025-12-31,5.33
ITI Large Cap Fund,Banks,2025-12-31,24.98
ITI Large Cap Fund,Capital Goods-Non Electrical Equipment,2025-12-31,2.91
ITI Large Cap Fund,Cement,2025-12-31,2.18
ITI Large Cap Fund,Debt Others,2025-12-31,1.68
ITI Large Cap Fund,Diamond Gems and Jewellery,2025-12-31,2.2
ITI Large Cap Fund,E-Commerce/App based Aggregator,2025-12-31,3.4
ITI Large Cap Fund,FMCG,2025-12-31,2.29
ITI Large Cap Fund,Finance,2025-12-31,9.87
ITI Large Cap Fund,Financial Services,2025-12-31,1.28
ITI Large Cap Fund,Healthcare,2025-12-31,0.88
ITI Large Cap Fund,Hotels & Restaurants,2025-12-31,0.87
ITI Large Cap Fund,IT - Software,2025-12-31,4.69
ITI Large Cap Fund,Infrastructure Developers & Operators,2025-12-31,3.92
ITI Large Cap Fund,Insurance,2025-12-31,0.65
ITI Large Cap Fund,Marine Port & Services,2025-12-31,1.42
ITI Large Cap Fund,Mining & Mineral products,2025-12-31,0.8
ITI Large Cap Fund,Miscellaneous,2025-12-31,0.76
ITI Large Cap Fund,Non Ferrous Metals,2025-12-31,1.99
ITI Large Cap Fund,Pharmaceuticals,2025-12-31,2.0
ITI Large Cap Fund,Power Generation & Distribution,2025-12-31,4.35
ITI Large Cap Fund,Preference n Warrants,2025-12-31,0.01
ITI Large Cap Fund,Realty,2025-12-31,0.55
ITI Large Cap Fund,Refineries,2025-12-31,7.26
ITI Large Cap Fund,Retail,2025-12-31,0.85
ITI Large Cap Fund,Steel,2025-12-31,1.48
ITI Large Cap Fund,Telecom-Service,2025-12-31,4.38
ITI Large Cap Fund,Textiles,2025-12-31,0.69
ITI Large Cap Fund,Tobacco Products,2025-12-31,1.18
ITI Large Cap Fund,Trading,2025-12-31,1.01
ITI Large Cap Fund,Aerospace & Defence,2026-01-31,2.67
ITI Large Cap Fund,Air Transport Service,2026-01-31,1.19
ITI Large Cap Fund,Automobile,2026-01-31,5.06
ITI Large Cap Fund,Banks,2026-01-31,27.09
ITI Large Cap Fund,Capital Goods-Non Electrical Equipment,2026-01-31,2.21
ITI Large Cap Fund,Cement,2026-01-31,2.27
ITI Large Cap Fund,Debt Others,2026-01-31,2.94
ITI Large Cap Fund,Diamond Gems and Jewellery,2026-01-31,2.18
ITI Large Cap Fund,E-Commerce/App based Aggregator,2026-01-31,3.22
ITI Large Cap Fund,FMCG,2026-01-31,2.3
ITI Large Cap Fund,Finance,2026-01-31,9.57
ITI Large Cap Fund,Healthcare,2026-01-31,0.9
ITI Large Cap Fund,Hotels & Restaurants,2026-01-31,0.83
ITI Large Cap Fund,IT - Software,2026-01-31,4.81
ITI Large Cap Fund,Infrastructure Developers & Operators,2026-01-31,4.16
ITI Large Cap Fund,Insurance,2026-01-31,0.67
ITI Large Cap Fund,Marine Port & Services,2026-01-31,1.42
ITI Large Cap Fund,Mining & Mineral products,2026-01-31,0.93
ITI Large Cap Fund,Miscellaneous,2026-01-31,0.68
ITI Large Cap Fund,Non Ferrous Metals,2026-01-31,1.68
ITI Large Cap Fund,Pharmaceuticals,2026-01-31,1.93
ITI Large Cap Fund,Power Generation & Distribution,2026-01-31,4.51
ITI Large Cap Fund,Preference n Warrants,2026-01-31,0.01
ITI Large Cap Fund,Realty,2026-01-31,0.53
ITI Large Cap Fund,Refineries,2026-01-31,6.68
ITI Large Cap Fund,Retail,2026-01-31,1.08
ITI Large Cap Fund,Steel,2026-01-31,1.62
ITI Large Cap Fund,Telecom-Service,2026-01-31,4.24
ITI Large Cap Fund,Textiles,2026-01-31,0.71
ITI Large Cap Fund,Tobacco Products,2026-01-31,0.97
ITI Large Cap Fund,Trading,2026-01-31,0.94
ITI Large Cap Fund,Aerospace & Defence,2026-02-28,2.48
ITI Large Cap Fund,Air Transport Service,2026-02-28,1.26
ITI Large Cap Fund,Automobile,2026-02-28,5.15
ITI Large Cap Fund,Banks,2026-02-28,27.25
ITI Large Cap Fund,Capital Goods-Non Electrical Equipment,2026-02-28,2.22
ITI Large Cap Fund,Cement,2026-02-28,2.26
ITI Large Cap Fund,Debt Others,2026-02-28,2.28
ITI Large Cap Fund,Diamond Gems and Jewellery,2026-02-28,2.32
ITI Large Cap Fund,E-Commerce/App based Aggregator,2026-02-28,2.96
ITI Large Cap Fund,FMCG,2026-02-28,2.26
ITI Large Cap Fund,Finance,2026-02-28,9.97
ITI Large Cap Fund,Financial Services,2026-02-28,1.18
ITI Large Cap Fund,Healthcare,2026-02-28,1.02
ITI Large Cap Fund,Hotels & Restaurants,2026-02-28,0.82
ITI Large Cap Fund,IT - Software,2026-02-28,3.79
ITI Large Cap Fund,Infrastructure Developers & Operators,2026-02-28,4.05
ITI Large Cap Fund,Insurance,2026-02-28,0.68
ITI Large Cap Fund,Marine Port & Services,2026-02-28,1.53
ITI Large Cap Fund,Mining & Mineral products,2026-02-28,0.99
ITI Large Cap Fund,Miscellaneous,2026-02-28,0.6
ITI Large Cap Fund,Non Ferrous Metals,2026-02-28,1.62
ITI Large Cap Fund,Pharmaceuticals,2026-02-28,2.09
ITI Large Cap Fund,Power Generation & Distribution,2026-02-28,4.39
ITI Large Cap Fund,Preference n Warrants,2026-02-28,0.01
ITI Large Cap Fund,Realty,2026-02-28,0.51
ITI Large Cap Fund,Refineries,2026-02-28,6.71
ITI Large Cap Fund,Retail,2026-02-28,1.11
ITI Large Cap Fund,Steel,2026-02-28,1.74
ITI Large Cap Fund,Telecom-Service,2026-02-28,4.08
ITI Large Cap Fund,Textiles,2026-02-28,0.71
ITI Large Cap Fund,Tobacco Products,2026-02-28,0.95
ITI Large Cap Fund,Trading,2026-02-28,1.01
ITI Large Cap Fund,Aerospace & Defence,2026-03-31,2.53
ITI Large Cap Fund,Air Transport Service,2026-03-31,1.17
ITI Large Cap Fund,Automobile,2026-03-31,5.02
ITI Large Cap Fund,Banks,2026-03-31,25.15
ITI Large Cap Fund,Capital Goods-Non Electrical Equipment,2026-03-31,2.36
ITI Large Cap Fund,Cement,2026-03-31,2.14
ITI Large Cap Fund,Debt Others,2026-03-31,1.81
ITI Large Cap Fund,Diamond Gems and Jewellery,2026-03-31,2.46
ITI Large Cap Fund,E-Commerce/App based Aggregator,2026-03-31,3.17
ITI Large Cap Fund,FMCG,2026-03-31,2.25
ITI Large Cap Fund,Finance,2026-03-31,9.4
ITI Large Cap Fund,Financial Services,2026-03-31,1.23
ITI Large Cap Fund,Healthcare,2026-03-31,1.1
ITI Large Cap Fund,Hotels & Restaurants,2026-03-31,0.8
ITI Large Cap Fund,IT - Software,2026-03-31,4.07
ITI Large Cap Fund,Infrastructure Developers & Operators,2026-03-31,3.78
ITI Large Cap Fund,Insurance,2026-03-31,0.68
ITI Large Cap Fund,Marine Port & Services,2026-03-31,1.51
ITI Large Cap Fund,Miscellaneous,2026-03-31,0.61
ITI Large Cap Fund,Non Ferrous Metals,2026-03-31,2.8
ITI Large Cap Fund,Pharmaceuticals,2026-03-31,2.36
ITI Large Cap Fund,Power Generation & Distribution,2026-03-31,4.89
ITI Large Cap Fund,Preference n Warrants,2026-03-31,0.01
ITI Large Cap Fund,Realty,2026-03-31,0.48
ITI Large Cap Fund,Refineries,2026-03-31,7.39
ITI Large Cap Fund,Retail,2026-03-31,1.07
ITI Large Cap Fund,Steel,2026-03-31,1.78
ITI Large Cap Fund,Telecom-Service,2026-03-31,4.41
ITI Large Cap Fund,Textiles,2026-03-31,0.74
ITI Large Cap Fund,Tobacco Products,2026-03-31,1.0
ITI Large Cap Fund,Trading,2026-03-31,0.94
ITI Large Cap Fund,Aerospace & Defence,2026-04-30,2.94
ITI Large Cap Fund,Air Transport Service,2026-04-30,0.58
ITI Large Cap Fund,Automobile,2026-04-30,5.17
ITI Large Cap Fund,Banks,2026-04-30,27.8
ITI Large Cap Fund,Capital Goods-Non Electrical Equipment,2026-04-30,2.4
ITI Large Cap Fund,Cement,2026-04-30,2.8
ITI Large Cap Fund,Debt Others,2026-04-30,1.54
ITI Large Cap Fund,Diamond Gems and Jewellery,2026-04-30,2.08
ITI Large Cap Fund,E-Commerce/App based Aggregator,2026-04-30,3.34
ITI Large Cap Fund,FMCG,2026-04-30,2.62
ITI Large Cap Fund,Finance,2026-04-30,9.51
ITI Large Cap Fund,Financial Services,2026-04-30,0.19
ITI Large Cap Fund,Healthcare,2026-04-30,1.37
ITI Large Cap Fund,Hotels & Restaurants,2026-04-30,1.07
ITI Large Cap Fund,Infrastructure Developers & Operators,2026-04-30,4.53
ITI Large Cap Fund,Insurance,2026-04-30,0.84
ITI Large Cap Fund,Marine Port & Services,2026-04-30,1.93
ITI Large Cap Fund,Miscellaneous,2026-04-30,1.0
ITI Large Cap Fund,Non Ferrous Metals,2026-04-30,1.72
ITI Large Cap Fund,Pharmaceuticals,2026-04-30,2.98
ITI Large Cap Fund,Power Generation & Distribution,2026-04-30,6.7
ITI Large Cap Fund,Preference n Warrants,2026-04-30,0.01
ITI Large Cap Fund,Realty,2026-04-30,0.68
ITI Large Cap Fund,Refineries,2026-04-30,6.18
ITI Large Cap Fund,Steel,2026-04-30,1.32
ITI Large Cap Fund,Telecom-Service,2026-04-30,5.61
ITI Large Cap Fund,Tobacco Products,2026-04-30,2.38
ITI Large Cap Fund,Aerospace & Defence,2026-05-31,2.9
ITI Large Cap Fund,Air Transport Service,2026-05-31,0.61
ITI Large Cap Fund,Automobile,2026-05-31,5.19
ITI Large Cap Fund,Banks,2026-05-31,25.99
ITI Large Cap Fund,Capital Goods - Electrical Equipment,2026-05-31,0.57
ITI Large Cap Fund,Capital Goods-Non Electrical Equipment,2026-05-31,2.49
ITI Large Cap Fund,Cement,2026-05-31,2.86
ITI Large Cap Fund,Debt Others,2026-05-31,2.61
ITI Large Cap Fund,Diamond Gems and Jewellery,2026-05-31,1.98
ITI Large Cap Fund,E-Commerce/App based Aggregator,2026-05-31,3.4
ITI Large Cap Fund,FMCG,2026-05-31,2.42
ITI Large Cap Fund,Finance,2026-05-31,9.46
ITI Large Cap Fund,Financial Services,2026-05-31,0.16
ITI Large Cap Fund,Healthcare,2026-05-31,1.5
ITI Large Cap Fund,Hotels & Restaurants,2026-05-31,1.13
ITI Large Cap Fund,Infrastructure Developers & Operators,2026-05-31,4.71
ITI Large Cap Fund,Insurance,2026-05-31,0.86
ITI Large Cap Fund,Marine Port & Services,2026-05-31,2.15
ITI Large Cap Fund,Miscellaneous,2026-05-31,1.28
ITI Large Cap Fund,Non Ferrous Metals,2026-05-31,1.91
ITI Large Cap Fund,Pharmaceuticals,2026-05-31,3.06
ITI Large Cap Fund,Power Generation & Distribution,2026-05-31,7.46
ITI Large Cap Fund,Realty,2026-05-31,0.7
ITI Large Cap Fund,Refineries,2026-05-31,5.83
ITI Large Cap Fund,Steel,2026-05-31,1.37
ITI Large Cap Fund,Telecom-Service,2026-05-31,5.57
ITI Large Cap Fund,Tobacco Products,2026-05-31,1.11
"Invesco India Largecap Fund (G),,,,,,,,,,,",Aerospace & Defence,2025-08-31,1.92
"Invesco India Largecap Fund (G),,,,,,,,,,,",Air Transport Service,2025-08-31,3.16
"Invesco India Largecap Fund (G),,,,,,,,,,,",Auto Ancillaries,2025-08-31,3.08
"Invesco India Largecap Fund (G),,,,,,,,,,,",Automobile,2025-08-31,7.68
"Invesco India Largecap Fund (G),,,,,,,,,,,",Banks,2025-08-31,18.54
"Invesco India Largecap Fund (G),,,,,,,,,,,",Capital Goods - Electrical Equipment,2025-08-31,3.02
"Invesco India Largecap Fund (G),,,,,,,,,,,",Capital Goods-Non Electrical Equipment,2025-08-31,0.45
"Invesco India Largecap Fund (G),,,,,,,,,,,",Castings Forgings & Fastners,2025-08-31,1.18
"Invesco India Largecap Fund (G),,,,,,,,,,,",Chemicals,2025-08-31,1.33
"Invesco India Largecap Fund (G),,,,,,,,,,,",Consumer Durables,2025-08-31,1.16
"Invesco India Largecap Fund (G),,,,,,,,,,,",Debt Others,2025-08-31,1.31
"Invesco India Largecap Fund (G),,,,,,,,,,,",Diamond Gems and Jewellery,2025-08-31,2.34
"Invesco India Largecap Fund (G),,,,,,,,,,,",E-Commerce/App based Aggregator,2025-08-31,2.77
"Invesco India Largecap Fund (G),,,,,,,,,,,",FMCG,2025-08-31,4.71
"Invesco India Largecap Fund (G),,,,,,,,,,,",Finance,2025-08-31,7.07
"Invesco India Largecap Fund (G),,,,,,,,,,,",Financial Services,2025-08-31,1.67
"Invesco India Largecap Fund (G),,,,,,,,,,,",Healthcare,2025-08-31,4.07
"Invesco India Largecap Fund (G),,,,,,,,,,,",IT - Software,2025-08-31,10.61
"Invesco India Largecap Fund (G),,,,,,,,,,,",Logistics,2025-08-31,0.79
"Invesco India Largecap Fund (G),,,,,,,,,,,",Non Ferrous Metals,2025-08-31,1.24
"Invesco India Largecap Fund (G),,,,,,,,,,,",Paints/Varnish,2025-08-31,2.37
"Invesco India Largecap Fund (G),,,,,,,,,,,",Pharmaceuticals,2025-08-31,3.43
"Invesco India Largecap Fund (G),,,,,,,,,,,",Power Generation & Distribution,2025-08-31,0.99
"Invesco India Largecap Fund (G),,,,,,,,,,,",Realty,2025-08-31,2.82
"Invesco India Largecap Fund (G),,,,,,,,,,,",Refineries,2025-08-31,4.11
"Invesco India Largecap Fund (G),,,,,,,,,,,",Retail,2025-08-31,2.3
"Invesco India Largecap Fund (G),,,,,,,,,,,",Steel,2025-08-31,1.99
"Invesco India Largecap Fund (G),,,,,,,,,,,",Telecom-Service,2025-08-31,3.89
"Invesco India Largecap Fund (G),,,,,,,,,,,",Aerospace & Defence,2025-09-30,2.04
"Invesco India Largecap Fund (G),,,,,,,,,,,",Air Transport Service,2025-09-30,3.03
"Invesco India Largecap Fund (G),,,,,,,,,,,",Auto Ancillaries,2025-09-30,2.53
"Invesco India Largecap Fund (G),,,,,,,,,,,",Automobile,2025-09-30,8.04
"Invesco India Largecap Fund (G),,,,,,,,,,,",Banks,2025-09-30,17.81
"Invesco India Largecap Fund (G),,,,,,,,,,,",Capital Goods - Electrical Equipment,2025-09-30,3.09
"Invesco India Largecap Fund (G),,,,,,,,,,,",Capital Goods-Non Electrical Equipment,2025-09-30,1.28
"Invesco India Largecap Fund (G),,,,,,,,,,,",Castings Forgings & Fastners,2025-09-30,1.23
"Invesco India Largecap Fund (G),,,,,,,,,,,",Chemicals,2025-09-30,1.28
"Invesco India Largecap Fund (G),,,,,,,,,,,",Consumer Durables,2025-09-30,1.1
"Invesco India Largecap Fund (G),,,,,,,,,,,",Debt Others,2025-09-30,0.52
"Invesco India Largecap Fund (G),,,,,,,,,,,",Diamond Gems and Jewellery,2025-09-30,2.11
"Invesco India Largecap Fund (G),,,,,,,,,,,",E-Commerce/App based Aggregator,2025-09-30,2.78
"Invesco India Largecap Fund (G),,,,,,,,,,,",FMCG,2025-09-30,4.95
"Invesco India Largecap Fund (G),,,,,,,,,,,",Finance,2025-09-30,6.89
"Invesco India Largecap Fund (G),,,,,,,,,,,",Financial Services,2025-09-30,2.28
"Invesco India Largecap Fund (G),,,,,,,,,,,",Healthcare,2025-09-30,4.6
"Invesco India Largecap Fund (G),,,,,,,,,,,",IT - Software,2025-09-30,10.75
"Invesco India Largecap Fund (G),,,,,,,,,,,",Logistics,2025-09-30,0.56
"Invesco India Largecap Fund (G),,,,,,,,,,,",Non Ferrous Metals,2025-09-30,1.14
"Invesco India Largecap Fund (G),,,,,,,,,,,",Paints/Varnish,2025-09-30,2.63
"Invesco India Largecap Fund (G),,,,,,,,,,,",Pharmaceuticals,2025-09-30,3.26
"Invesco India Largecap Fund (G),,,,,,,,,,,",Power Generation & Distribution,2025-09-30,0.91
"Invesco India Largecap Fund (G),,,,,,,,,,,",Realty,2025-09-30,2.97
"Invesco India Largecap Fund (G),,,,,,,,,,,",Refineries,2025-09-30,3.81
"Invesco India Largecap Fund (G),,,,,,,,,,,",Retail,2025-09-30,2.14
"Invesco India Largecap Fund (G),,,,,,,,,,,",Steel,2025-09-30,2.52
"Invesco India Largecap Fund (G),,,,,,,,,,,",Telecom-Service,2025-09-30,3.75
"Invesco India Largecap Fund (G),,,,,,,,,,,",Aerospace & Defence,2025-10-31,2.0
"Invesco India Largecap Fund (G),,,,,,,,,,,",Air Transport Service,2025-10-31,2.9
"Invesco India Largecap Fund (G),,,,,,,,,,,",Auto Ancillaries,2025-10-31,2.34
"Invesco India Largecap Fund (G),,,,,,,,,,,",Automobile,2025-10-31,7.18
"Invesco India Largecap Fund (G),,,,,,,,,,,",Banks,2025-10-31,17.44
"Invesco India Largecap Fund (G),,,,,,,,,,,",Capital Goods - Electrical Equipment,2025-10-31,3.37
"Invesco India Largecap Fund (G),,,,,,,,,,,",Capital Goods-Non Electrical Equipment,2025-10-31,1.31
"Invesco India Largecap Fund (G),,,,,,,,,,,",Castings Forgings & Fastners,2025-10-31,1.12
"Invesco India Largecap Fund (G),,,,,,,,,,,",Chemicals,2025-10-31,1.26
"Invesco India Largecap Fund (G),,,,,,,,,,,",Consumer Durables,2025-10-31,0.81
"Invesco India Largecap Fund (G),,,,,,,,,,,",Debt Others,2025-10-31,1.1
"Invesco India Largecap Fund (G),,,,,,,,,,,",Diamond Gems and Jewellery,2025-10-31,2.23
"Invesco India Largecap Fund (G),,,,,,,,,,,",E-Commerce/App based Aggregator,2025-10-31,2.59
"Invesco India Largecap Fund (G),,,,,,,,,,,",FMCG,2025-10-31,5.3
"Invesco India Largecap Fund (G),,,,,,,,,,,",Finance,2025-10-31,6.81
"Invesco India Largecap Fund (G),,,,,,,,,,,",Financial Services,2025-10-31,2.48
"Invesco India Largecap Fund (G),,,,,,,,,,,",Healthcare,2025-10-31,4.69
"Invesco India Largecap Fund (G),,,,,,,,,,,",IT - Software,2025-10-31,10.17
"Invesco India Largecap Fund (G),,,,,,,,,,,",Infrastructure Developers & Operators,2025-10-31,3.3
"Invesco India Largecap Fund (G),,,,,,,,,,,",Logistics,2025-10-31,0.55
"Invesco India Largecap Fund (G),,,,,,,,,,,",Non Ferrous Metals,2025-10-31,0.91
"Invesco India Largecap Fund (G),,,,,,,,,,,",Paints/Varnish,2025-10-31,2.9
"Invesco India Largecap Fund (G),,,,,,,,,,,",Pharmaceuticals,2025-10-31,3.66
"Invesco India Largecap Fund (G),,,,,,,,,,,",Power Generation & Distribution,2025-10-31,0.73
"Invesco India Largecap Fund (G),,,,,,,,,,,",Realty,2025-10-31,3.14
"Invesco India Largecap Fund (G),,,,,,,,,,,",Refineries,2025-10-31,1.31
"Invesco India Largecap Fund (G),,,,,,,,,,,",Retail,2025-10-31,1.89
"Invesco India Largecap Fund (G),,,,,,,,,,,",Steel,2025-10-31,2.6
"Invesco India Largecap Fund (G),,,,,,,,,,,",Telecom-Service,2025-10-31,3.9
"Invesco India Largecap Fund (G),,,,,,,,,,,",Aerospace & Defence,2025-11-30,1.9
"Invesco India Largecap Fund (G),,,,,,,,,,,",Air Transport Service,2025-11-30,2.98
"Invesco India Largecap Fund (G),,,,,,,,,,,",Auto Ancillaries,2025-11-30,2.35
"Invesco India Largecap Fund (G),,,,,,,,,,,",Automobile,2025-11-30,7.18
"Invesco India Largecap Fund (G),,,,,,,,,,,",Banks,2025-11-30,18.96
"Invesco India Largecap Fund (G),,,,,,,,,,,",Capital Goods - Electrical Equipment,2025-11-30,3.13
"Invesco India Largecap Fund (G),,,,,,,,,,,",Capital Goods-Non Electrical Equipment,2025-11-30,1.38
"Invesco India Largecap Fund (G),,,,,,,,,,,",Castings Forgings & Fastners,2025-11-30,1.15
"Invesco India Largecap Fund (G),,,,,,,,,,,",Chemicals,2025-11-30,1.02
"Invesco India Largecap Fund (G),,,,,,,,,,,",Consumer Durables,2025-11-30,0.74
"Invesco India Largecap Fund (G),,,,,,,,,,,",Debt Others,2025-11-30,0.81
"Invesco India Largecap Fund (G),,,,,,,,,,,",Diamond Gems and Jewellery,2025-11-30,2.28
"Invesco India Largecap Fund (G),,,,,,,,,,,",E-Commerce/App based Aggregator,2025-11-30,3.09
"Invesco India Largecap Fund (G),,,,,,,,,,,",FMCG,2025-11-30,2.58
"Invesco India Largecap Fund (G),,,,,,,,,,,",Finance,2025-11-30,7.06
"Invesco India Largecap Fund (G),,,,,,,,,,,",Financial Services,2025-11-30,2.41
"Invesco India Largecap Fund (G),,,,,,,,,,,",Healthcare,2025-11-30,6.39
"Invesco India Largecap Fund (G),,,,,,,,,,,",IT - Software,2025-11-30,11.07
"Invesco India Largecap Fund (G),,,,,,,,,,,",Infrastructure Developers & Operators,2025-11-30,4.1
"Invesco India Largecap Fund (G),,,,,,,,,,,",Logistics,2025-11-30,0.74
"Invesco India Largecap Fund (G),,,,,,,,,,,",Non Ferrous Metals,2025-11-30,0.84
"Invesco India Largecap Fund (G),,,,,,,,,,,",Paints/Varnish,2025-11-30,2.75
"Invesco India Largecap Fund (G),,,,,,,,,,,",Pharmaceuticals,2025-11-30,3.64
"Invesco India Largecap Fund (G),,,,,,,,,,,",Power Generation & Distribution,2025-11-30,0.55
"Invesco India Largecap Fund (G),,,,,,,,,,,",Realty,2025-11-30,2.94
"Invesco India Largecap Fund (G),,,,,,,,,,,",Retail,2025-11-30,1.71
"Invesco India Largecap Fund (G),,,,,,,,,,,",Steel,2025-11-30,2.34
"Invesco India Largecap Fund (G),,,,,,,,,,,",Telecom-Service,2025-11-30,3.91
"Invesco India Largecap Fund (G),,,,,,,,,,,",Aerospace & Defence,2025-12-31,1.84
"Invesco India Largecap Fund (G),,,,,,,,,,,",Air Transport Service,2025-12-31,3.34
"Invesco India Largecap Fund (G),,,,,,,,,,,",Auto Ancillaries,2025-12-31,2.31
"Invesco India Largecap Fund (G),,,,,,,,,,,",Automobile,2025-12-31,6.22
"Invesco India Largecap Fund (G),,,,,,,,,,,",Banks,2025-12-31,18.81
"Invesco India Largecap Fund (G),,,,,,,,,,,",Capital Goods - Electrical Equipment,2025-12-31,3.08
"Invesco India Largecap Fund (G),,,,,,,,,,,",Capital Goods-Non Electrical Equipment,2025-12-31,1.31
"Invesco India Largecap Fund (G),,,,,,,,,,,",Castings Forgings & Fastners,2025-12-31,1.18
"Invesco India Largecap Fund (G),,,,,,,,,,,",Cement,2025-12-31,1.5
"Invesco India Largecap Fund (G),,,,,,,,,,,",Chemicals,2025-12-31,1.07
"Invesco India Largecap Fund (G),,,,,,,,,,,",Consumer Durables,2025-12-31,0.62
"Invesco India Largecap Fund (G),,,,,,,,,,,",Debt Others,2025-12-31,0.52
"Invesco India Largecap Fund (G),,,,,,,,,,,",Diamond Gems and Jewellery,2025-12-31,2.37
"Invesco India Largecap Fund (G),,,,,,,,,,,",E-Commerce/App based Aggregator,2025-12-31,2.87
"Invesco India Largecap Fund (G),,,,,,,,,,,",FMCG,2025-12-31,1.0
"Invesco India Largecap Fund (G),,,,,,,,,,,",Finance,2025-12-31,12.81
"Invesco India Largecap Fund (G),,,,,,,,,,,",Financial Services,2025-12-31,3.07
"Invesco India Largecap Fund (G),,,,,,,,,,,",Healthcare,2025-12-31,5.59
"Invesco India Largecap Fund (G),,,,,,,,,,,",IT - Software,2025-12-31,10.78
"Invesco India Largecap Fund (G),,,,,,,,,,,",Infrastructure Developers & Operators,2025-12-31,4.12
"Invesco India Largecap Fund (G),,,,,,,,,,,",Logistics,2025-12-31,0.7
"Invesco India Largecap Fund (G),,,,,,,,,,,",Non Ferrous Metals,2025-12-31,0.93
"Invesco India Largecap Fund (G),,,,,,,,,,,",Other,2025-12-31,0.04
"Invesco India Largecap Fund (G),,,,,,,,,,,",Paints/Varnish,2025-12-31,2.66
"Invesco India Largecap Fund (G),,,,,,,,,,,",Pharmaceuticals,2025-12-31,3.72
"Invesco India Largecap Fund (G),,,,,,,,,,,",Power Generation & Distribution,2025-12-31,0.55
"Invesco India Largecap Fund (G),,,,,,,,,,,",Realty,2025-12-31,1.34
"Invesco India Largecap Fund (G),,,,,,,,,,,",Retail,2025-12-31,1.72
"Invesco India Largecap Fund (G),,,,,,,,,,,",Telecom-Service,2025-12-31,3.93
"Invesco India Largecap Fund (G),,,,,,,,,,,",Aerospace & Defence,2026-01-31,2.09
"Invesco India Largecap Fund (G),,,,,,,,,,,",Air Transport Service,2026-01-31,3.13
"Invesco India Largecap Fund (G),,,,,,,,,,,",Auto Ancillaries,2026-01-31,1.02
"Invesco India Largecap Fund (G),,,,,,,,,,,",Automobile,2026-01-31,5.86
"Invesco India Largecap Fund (G),,,,,,,,,,,",Banks,2026-01-31,18.94
"Invesco India Largecap Fund (G),,,,,,,,,,,",Capital Goods - Electrical Equipment,2026-01-31,3.15
"Invesco India Largecap Fund (G),,,,,,,,,,,",Capital Goods-Non Electrical Equipment,2026-01-31,1.17
"Invesco India Largecap Fund (G),,,,,,,,,,,",Castings Forgings & Fastners,2026-01-31,1.18
"Invesco India Largecap Fund (G),,,,,,,,,,,",Cement,2026-01-31,2.34
"Invesco India Largecap Fund (G),,,,,,,,,,,",Chemicals,2026-01-31,1.01
"Invesco India Largecap Fund (G),,,,,,,,,,,",Consumer Durables,2026-01-31,0.55
"Invesco India Largecap Fund (G),,,,,,,,,,,",Debt Others,2026-01-31,-0.11
"Invesco India Largecap Fund (G),,,,,,,,,,,",Diamond Gems and Jewellery,2026-01-31,2.4
"Invesco India Largecap Fund (G),,,,,,,,,,,",E-Commerce/App based Aggregator,2026-01-31,2.91
"Invesco India Largecap Fund (G),,,,,,,,,,,",FMCG,2026-01-31,1.1
"Invesco India Largecap Fund (G),,,,,,,,,,,",Finance,2026-01-31,13.58
"Invesco India Largecap Fund (G),,,,,,,,,,,",Financial Services,2026-01-31,3.43
"Invesco India Largecap Fund (G),,,,,,,,,,,",Healthcare,2026-01-31,5.22
"Invesco India Largecap Fund (G),,,,,,,,,,,",IT - Software,2026-01-31,11.69
"Invesco India Largecap Fund (G),,,,,,,,,,,",Infrastructure Developers & Operators,2026-01-31,4.09
"Invesco India Largecap Fund (G),,,,,,,,,,,",Logistics,2026-01-31,0.76
"Invesco India Largecap Fund (G),,,,,,,,,,,",Non Ferrous Metals,2026-01-31,1.04
"Invesco India Largecap Fund (G),,,,,,,,,,,",Paints/Varnish,2026-01-31,2.4
"Invesco India Largecap Fund (G),,,,,,,,,,,",Pharmaceuticals,2026-01-31,3.85
"Invesco India Largecap Fund (G),,,,,,,,,,,",Power Generation & Distribution,2026-01-31,0.52
"Invesco India Largecap Fund (G),,,,,,,,,,,",Realty,2026-01-31,1.27
"Invesco India Largecap Fund (G),,,,,,,,,,,",Retail,2026-01-31,1.62
"Invesco India Largecap Fund (G),,,,,,,,,,,",Telecom-Service,2026-01-31,3.79
"Invesco India Largecap Fund (G),,,,,,,,,,,",Aerospace & Defence,2026-02-28,1.91
"Invesco India Largecap Fund (G),,,,,,,,,,,",Air Transport Service,2026-02-28,3.22
"Invesco India Largecap Fund (G),,,,,,,,,,,",Auto Ancillaries,2026-02-28,1.18
"Invesco India Largecap Fund (G),,,,,,,,,,,",Automobile,2026-02-28,6.26
"Invesco India Largecap Fund (G),,,,,,,,,,,",Banks,2026-02-28,18.99
"Invesco India Largecap Fund (G),,,,,,,,,,,",Capital Goods - Electrical Equipment,2026-02-28,3.57
"Invesco India Largecap Fund (G),,,,,,,,,,,",Capital Goods-Non Electrical Equipment,2026-02-28,1.3
"Invesco India Largecap Fund (G),,,,,,,,,,,",Castings Forgings & Fastners,2026-02-28,1.15
"Invesco India Largecap Fund (G),,,,,,,,,,,",Cement,2026-02-28,2.28
"Invesco India Largecap Fund (G),,,,,,,,,,,",Chemicals,2026-02-28,0.9
"Invesco India Largecap Fund (G),,,,,,,,,,,",Consumer Durables,2026-02-28,0.54
"Invesco India Largecap Fund (G),,,,,,,,,,,",Debt Others,2026-02-28,2.28
"Invesco India Largecap Fund (G),,,,,,,,,,,",Diamond Gems and Jewellery,2026-02-28,2.55
"Invesco India Largecap Fund (G),,,,,,,,,,,",E-Commerce/App based Aggregator,2026-02-28,3.07
"Invesco India Largecap Fund (G),,,,,,,,,,,",FMCG,2026-02-28,0.03
"Invesco India Largecap Fund (G),,,,,,,,,,,",Finance,2026-02-28,13.93
"Invesco India Largecap Fund (G),,,,,,,,,,,",Financial Services,2026-02-28,3.24
"Invesco India Largecap Fund (G),,,,,,,,,,,",Healthcare,2026-02-28,5.28
"Invesco India Largecap Fund (G),,,,,,,,,,,",IT - Software,2026-02-28,9.02
"Invesco India Largecap Fund (G),,,,,,,,,,,",Infrastructure Developers & Operators,2026-02-28,4.36
"Invesco India Largecap Fund (G),,,,,,,,,,,",Logistics,2026-02-28,0.76
"Invesco India Largecap Fund (G),,,,,,,,,,,",Non Ferrous Metals,2026-02-28,0.98
"Invesco India Largecap Fund (G),,,,,,,,,,,",Paints/Varnish,2026-02-28,2.3
"Invesco India Largecap Fund (G),,,,,,,,,,,",Pharmaceuticals,2026-02-28,4.08
"Invesco India Largecap Fund (G),,,,,,,,,,,",Power Generation & Distribution,2026-02-28,0.53
"Invesco India Largecap Fund (G),,,,,,,,,,,",Realty,2026-02-28,1.22
"Invesco India Largecap Fund (G),,,,,,,,,,,",Retail,2026-02-28,1.53
"Invesco India Largecap Fund (G),,,,,,,,,,,",Telecom-Service,2026-02-28,3.54
"Invesco India Largecap Fund (G),,,,,,,,,,,",Aerospace & Defence,2026-03-31,1.88
"Invesco India Largecap Fund (G),,,,,,,,,,,",Air Transport Service,2026-03-31,2.91
"Invesco India Largecap Fund (G),,,,,,,,,,,",Auto Ancillaries,2026-03-31,1.03
"Invesco India Largecap Fund (G),,,,,,,,,,,",Automobile,2026-03-31,6.28
"Invesco India Largecap Fund (G),,,,,,,,,,,",Banks,2026-03-31,18.43
"Invesco India Largecap Fund (G),,,,,,,,,,,",Cables,2026-03-31,1.28
"Invesco India Largecap Fund (G),,,,,,,,,,,",Capital Goods - Electrical Equipment,2026-03-31,3.97
"Invesco India Largecap Fund (G),,,,,,,,,,,",Capital Goods-Non Electrical Equipment,2026-03-31,1.55
"Invesco India Largecap Fund (G),,,,,,,,,,,",Castings Forgings & Fastners,2026-03-31,0.99
"Invesco India Largecap Fund (G),,,,,,,,,,,",Cement,2026-03-31,2.41
"Invesco India Largecap Fund (G),,,,,,,,,,,",Chemicals,2026-03-31,0.95
"Invesco India Largecap Fund (G),,,,,,,,,,,",Consumer Durables,2026-03-31,0.55
"Invesco India Largecap Fund (G),,,,,,,,,,,",Debt Others,2026-03-31,1.1
"Invesco India Largecap Fund (G),,,,,,,,,,,",Diamond Gems and Jewellery,2026-03-31,2.58
"Invesco India Largecap Fund (G),,,,,,,,,,,",E-Commerce/App based Aggregator,2026-03-31,3.16
"Invesco India Largecap Fund (G),,,,,,,,,,,",FMCG,2026-03-31,0.03
"Invesco India Largecap Fund (G),,,,,,,,,,,",Finance,2026-03-31,13.22
"Invesco India Largecap Fund (G),,,,,,,,,,,",Financial Services,2026-03-31,3.04
"Invesco India Largecap Fund (G),,,,,,,,,,,",Healthcare,2026-03-31,4.48
"Invesco India Largecap Fund (G),,,,,,,,,,,",IT - Software,2026-03-31,11.38
"Invesco India Largecap Fund (G),,,,,,,,,,,",Infrastructure Developers & Operators,2026-03-31,3.95
"Invesco India Largecap Fund (G),,,,,,,,,,,",Logistics,2026-03-31,0.81
"Invesco India Largecap Fund (G),,,,,,,,,,,",Non Ferrous Metals,2026-03-31,1.04
"Invesco India Largecap Fund (G),,,,,,,,,,,",Paints/Varnish,2026-03-31,2.21
"Invesco India Largecap Fund (G),,,,,,,,,,,",Pharmaceuticals,2026-03-31,3.91
"Invesco India Largecap Fund (G),,,,,,,,,,,",Power Generation & Distribution,2026-03-31,0.6
"Invesco India Largecap Fund (G),,,,,,,,,,,",Realty,2026-03-31,1.05
"Invesco India Largecap Fund (G),,,,,,,,,,,",Retail,2026-03-31,1.49
"Invesco India Largecap Fund (G),,,,,,,,,,,",Telecom-Service,2026-03-31,3.72
"Invesco India Largecap Fund (G),,,,,,,,,,,",Aerospace & Defence,2026-04-30,1.96
"Invesco India Largecap Fund (G),,,,,,,,,,,",Air Transport Service,2026-04-30,2.83
"Invesco India Largecap Fund (G),,,,,,,,,,,",Auto Ancillaries,2026-04-30,0.95
"Invesco India Largecap Fund (G),,,,,,,,,,,",Automobile,2026-04-30,6.57
"Invesco India Largecap Fund (G),,,,,,,,,,,",Banks,2026-04-30,17.88
"Invesco India Largecap Fund (G),,,,,,,,,,,",Cables,2026-04-30,1.61
"Invesco India Largecap Fund (G),,,,,,,,,,,",Capital Goods - Electrical Equipment,2026-04-30,4.1
"Invesco India Largecap Fund (G),,,,,,,,,,,",Capital Goods-Non Electrical Equipment,2026-04-30,1.54
"Invesco India Largecap Fund (G),,,,,,,,,,,",Castings Forgings & Fastners,2026-04-30,0.94
"Invesco India Largecap Fund (G),,,,,,,,,,,",Cement,2026-04-30,2.32
"Invesco India Largecap Fund (G),,,,,,,,,,,",Chemicals,2026-04-30,0.88
"Invesco India Largecap Fund (G),,,,,,,,,,,",Consumer Durables,2026-04-30,0.57
"Invesco India Largecap Fund (G),,,,,,,,,,,",Debt Others,2026-04-30,1.32
"Invesco India Largecap Fund (G),,,,,,,,,,,",Diamond Gems and Jewellery,2026-04-30,2.56
"Invesco India Largecap Fund (G),,,,,,,,,,,",E-Commerce/App based Aggregator,2026-04-30,3.3
"Invesco India Largecap Fund (G),,,,,,,,,,,",Finance,2026-04-30,13.45
"Invesco India Largecap Fund (G),,,,,,,,,,,",Financial Services,2026-04-30,1.55
"Invesco India Largecap Fund (G),,,,,,,,,,,",Healthcare,2026-04-30,4.49
"Invesco India Largecap Fund (G),,,,,,,,,,,",IT - Software,2026-04-30,10.49
"Invesco India Largecap Fund (G),,,,,,,,,,,",Infrastructure Developers & Operators,2026-04-30,4.04
"Invesco India Largecap Fund (G),,,,,,,,,,,",Logistics,2026-04-30,1.04
"Invesco India Largecap Fund (G),,,,,,,,,,,",Non Ferrous Metals,2026-04-30,1.09
"Invesco India Largecap Fund (G),,,,,,,,,,,",Paints/Varnish,2026-04-30,1.52
"Invesco India Largecap Fund (G),,,,,,,,,,,",Pharmaceuticals,2026-04-30,3.56
"Invesco India Largecap Fund (G),,,,,,,,,,,",Power Generation & Distribution,2026-04-30,0.64
"Invesco India Largecap Fund (G),,,,,,,,,,,",Realty,2026-04-30,2.17
"Invesco India Largecap Fund (G),,,,,,,,,,,",Retail,2026-04-30,3.12
"Invesco India Largecap Fund (G),,,,,,,,,,,",Telecom-Service,2026-04-30,3.51
"Invesco India Largecap Fund (G),,,,,,,,,,,",Aerospace & Defence,2026-05-31,1.88
"Invesco India Largecap Fund (G),,,,,,,,,,,",Air Transport Service,2026-05-31,2.86
"Invesco India Largecap Fund (G),,,,,,,,,,,",Auto Ancillaries,2026-05-31,1.13
"Invesco India Largecap Fund (G),,,,,,,,,,,",Automobile,2026-05-31,6.28
"Invesco India Largecap Fund (G),,,,,,,,,,,",Banks,2026-05-31,17.42
"Invesco India Largecap Fund (G),,,,,,,,,,,",Cables,2026-05-31,1.85
"Invesco India Largecap Fund (G),,,,,,,,,,,",Capital Goods - Electrical Equipment,2026-05-31,4.28
"Invesco India Largecap Fund (G),,,,,,,,,,,",Capital Goods-Non Electrical Equipment,2026-05-31,1.47
"Invesco India Largecap Fund (G),,,,,,,,,,,",Castings Forgings & Fastners,2026-05-31,0.94
"Invesco India Largecap Fund (G),,,,,,,,,,,",Cement,2026-05-31,1.99
"Invesco India Largecap Fund (G),,,,,,,,,,,",Chemicals,2026-05-31,0.93
"Invesco India Largecap Fund (G),,,,,,,,,,,",Consumer Durables,2026-05-31,0.58
"Invesco India Largecap Fund (G),,,,,,,,,,,",Debt Others,2026-05-31,0.25
"Invesco India Largecap Fund (G),,,,,,,,,,,",Diamond Gems and Jewellery,2026-05-31,2.34
"Invesco India Largecap Fund (G),,,,,,,,,,,",E-Commerce/App based Aggregator,2026-05-31,3.3
"Invesco India Largecap Fund (G),,,,,,,,,,,",Electronics,2026-05-31,1.11
"Invesco India Largecap Fund (G),,,,,,,,,,,",Finance,2026-05-31,13.47
"Invesco India Largecap Fund (G),,,,,,,,,,,",Financial Services,2026-05-31,1.11
"Invesco India Largecap Fund (G),,,,,,,,,,,",Healthcare,2026-05-31,4.46
"Invesco India Largecap Fund (G),,,,,,,,,,,",IT - Software,2026-05-31,10.63
"Invesco India Largecap Fund (G),,,,,,,,,,,",Infrastructure Developers & Operators,2026-05-31,4.04
"Invesco India Largecap Fund (G),,,,,,,,,,,",Logistics,2026-05-31,1.0
"Invesco India Largecap Fund (G),,,,,,,,,,,",Non Ferrous Metals,2026-05-31,1.16
"Invesco India Largecap Fund (G),,,,,,,,,,,",Paints/Varnish,2026-05-31,1.42
"Invesco India Largecap Fund (G),,,,,,,,,,,",Pharmaceuticals,2026-05-31,3.67
"Invesco India Largecap Fund (G),,,,,,,,,,,",Power Generation & Distribution,2026-05-31,0.59
"Invesco India Largecap Fund (G),,,,,,,,,,,",Realty,2026-05-31,2.12
"Invesco India Largecap Fund (G),,,,,,,,,,,",Retail,2026-05-31,2.92
"Invesco India Largecap Fund (G),,,,,,,,,,,",Steel,2026-05-31,1.45
"Invesco India Largecap Fund (G),,,,,,,,,,,",Telecom-Service,2026-05-31,3.35
JM Large Cap Fund,Aerospace & Defence,2025-08-31,1.47
JM Large Cap Fund,Air Transport Service,2025-08-31,2.53
JM Large Cap Fund,Alcoholic Beverages,2025-08-31,1.52
JM Large Cap Fund,Automobile,2025-08-31,7.13
JM Large Cap Fund,Banks,2025-08-31,20.17
JM Large Cap Fund,Capital Goods - Electrical Equipment,2025-08-31,1.27
JM Large Cap Fund,Capital Goods-Non Electrical Equipment,2025-08-31,1.5
JM Large Cap Fund,Cement,2025-08-31,2.97
JM Large Cap Fund,Consumer Durables,2025-08-31,1.67
JM Large Cap Fund,Debt Others,2025-08-31,0.48
JM Large Cap Fund,E-Commerce/App based Aggregator,2025-08-31,4.26
JM Large Cap Fund,FMCG,2025-08-31,2.69
JM Large Cap Fund,Finance,2025-08-31,8.56
JM Large Cap Fund,Gas Distribution,2025-08-31,1.86
JM Large Cap Fund,Healthcare,2025-08-31,2.09
JM Large Cap Fund,Hotels & Restaurants,2025-08-31,1.24
JM Large Cap Fund,IT - Software,2025-08-31,8.58
JM Large Cap Fund,Infrastructure Developers & Operators,2025-08-31,4.05
JM Large Cap Fund,Insurance,2025-08-31,1.29
JM Large Cap Fund,Marine Port & Services,2025-08-31,1.62
JM Large Cap Fund,Non Ferrous Metals,2025-08-31,1.37
JM Large Cap Fund,Pharmaceuticals,2025-08-31,4.45
JM Large Cap Fund,Power Generation & Distribution,2025-08-31,1.5
JM Large Cap Fund,Preference n Warrants,2025-08-31,0.02
JM Large Cap Fund,Realty,2025-08-31,1.12
JM Large Cap Fund,Refineries,2025-08-31,4.72
JM Large Cap Fund,Retail,2025-08-31,2.58
JM Large Cap Fund,Steel,2025-08-31,1.44
JM Large Cap Fund,Telecom Equipment & Infra Services,2025-08-31,1.15
JM Large Cap Fund,Telecom-Service,2025-08-31,4.73
JM Large Cap Fund,Aerospace & Defence,2025-09-30,1.62
JM Large Cap Fund,Air Transport Service,2025-09-30,2.53
JM Large Cap Fund,Alcoholic Beverages,2025-09-30,1.55
JM Large Cap Fund,Automobile,2025-09-30,8.69
JM Large Cap Fund,Banks,2025-09-30,19.3
JM Large Cap Fund,Capital Goods - Electrical Equipment,2025-09-30,1.37
JM Large Cap Fund,Capital Goods-Non Electrical Equipment,2025-09-30,1.56
JM Large Cap Fund,Cement,2025-09-30,2.96
JM Large Cap Fund,Consumer Durables,2025-09-30,1.65
JM Large Cap Fund,Debt Others,2025-09-30,0.79
JM Large Cap Fund,E-Commerce/App based Aggregator,2025-09-30,3.87
JM Large Cap Fund,FMCG,2025-09-30,2.59
JM Large Cap Fund,Finance,2025-09-30,9.0
JM Large Cap Fund,Gas Distribution,2025-09-30,1.71
JM Large Cap Fund,Healthcare,2025-09-30,2.06
JM Large Cap Fund,Hotels & Restaurants,2025-09-30,1.19
JM Large Cap Fund,IT - Software,2025-09-30,8.37
JM Large Cap Fund,Infrastructure Developers & Operators,2025-09-30,3.31
JM Large Cap Fund,Insurance,2025-09-30,1.27
JM Large Cap Fund,Marine Port & Services,2025-09-30,1.74
JM Large Cap Fund,Non Ferrous Metals,2025-09-30,1.5
JM Large Cap Fund,Pharmaceuticals,2025-09-30,5.33
JM Large Cap Fund,Power Generation & Distribution,2025-09-30,1.86
JM Large Cap Fund,Preference n Warrants,2025-09-30,0.02
JM Large Cap Fund,Realty,2025-09-30,1.09
JM Large Cap Fund,Refineries,2025-09-30,3.97
JM Large Cap Fund,Retail,2025-09-30,2.33
JM Large Cap Fund,Steel,2025-09-30,1.37
JM Large Cap Fund,Telecom Equipment & Infra Services,2025-09-30,1.17
JM Large Cap Fund,Telecom-Service,2025-09-30,4.23
JM Large Cap Fund,Aerospace & Defence,2025-10-31,1.71
JM Large Cap Fund,Air Transport Service,2025-10-31,2.32
JM Large Cap Fund,Alcoholic Beverages,2025-10-31,1.66
JM Large Cap Fund,Automobile,2025-10-31,8.78
JM Large Cap Fund,Banks,2025-10-31,19.81
JM Large Cap Fund,Cables,2025-10-31,0.9
JM Large Cap Fund,Capital Goods - Electrical Equipment,2025-10-31,2.41
JM Large Cap Fund,Capital Goods-Non Electrical Equipment,2025-10-31,1.72
JM Large Cap Fund,Cement,2025-10-31,1.64
JM Large Cap Fund,Consumer Durables,2025-10-31,1.56
JM Large Cap Fund,Debt Others,2025-10-31,0.42
JM Large Cap Fund,Diamond Gems and Jewellery,2025-10-31,0.92
JM Large Cap Fund,E-Commerce/App based Aggregator,2025-10-31,3.45
JM Large Cap Fund,FMCG,2025-10-31,1.28
JM Large Cap Fund,Finance,2025-10-31,8.21
JM Large Cap Fund,Healthcare,2025-10-31,2.12
JM Large Cap Fund,Hotels & Restaurants,2025-10-31,1.43
JM Large Cap Fund,IT - Software,2025-10-31,8.6
JM Large Cap Fund,Infrastructure Developers & Operators,2025-10-31,3.63
JM Large Cap Fund,Insurance,2025-10-31,1.23
JM Large Cap Fund,Marine Port & Services,2025-10-31,1.8
JM Large Cap Fund,Non Ferrous Metals,2025-10-31,1.66
JM Large Cap Fund,Pharmaceuticals,2025-10-31,5.54
JM Large Cap Fund,Power Generation & Distribution,2025-10-31,1.84
JM Large Cap Fund,Preference n Warrants,2025-10-31,0.02
JM Large Cap Fund,Realty,2025-10-31,1.25
JM Large Cap Fund,Refineries,2025-10-31,4.22
JM Large Cap Fund,Retail,2025-10-31,1.61
JM Large Cap Fund,Steel,2025-10-31,1.48
JM Large Cap Fund,Stock/ Commodity Brokers,2025-10-31,1.53
JM Large Cap Fund,Telecom Equipment & Infra Services,2025-10-31,1.12
JM Large Cap Fund,Telecom-Service,2025-10-31,4.11
JM Large Cap Fund,Aerospace & Defence,2025-11-30,1.45
JM Large Cap Fund,Air Transport Service,2025-11-30,2.46
JM Large Cap Fund,Alcoholic Beverages,2025-11-30,1.7
JM Large Cap Fund,Automobile,2025-11-30,7.54
JM Large Cap Fund,Banks,2025-11-30,19.53
JM Large Cap Fund,Cables,2025-11-30,1.09
JM Large Cap Fund,Capital Goods - Electrical Equipment,2025-11-30,2.39
JM Large Cap Fund,Capital Goods-Non Electrical Equipment,2025-11-30,1.56
JM Large Cap Fund,Cement,2025-11-30,1.61
JM Large Cap Fund,Consumer Durables,2025-11-30,1.48
JM Large Cap Fund,Debt Others,2025-11-30,0.59
JM Large Cap Fund,Diamond Gems and Jewellery,2025-11-30,1.19
JM Large Cap Fund,E-Commerce/App based Aggregator,2025-11-30,2.88
JM Large Cap Fund,FMCG,2025-11-30,1.29
JM Large Cap Fund,Finance,2025-11-30,8.0
JM Large Cap Fund,Healthcare,2025-11-30,2.05
JM Large Cap Fund,Hotels & Restaurants,2025-11-30,1.45
JM Large Cap Fund,IT - Software,2025-11-30,8.7
JM Large Cap Fund,Infrastructure Developers & Operators,2025-11-30,3.7
JM Large Cap Fund,Insurance,2025-11-30,1.29
JM Large Cap Fund,Marine Port & Services,2025-11-30,2.08
JM Large Cap Fund,Non Ferrous Metals,2025-11-30,1.38
JM Large Cap Fund,Pharmaceuticals,2025-11-30,5.82
JM Large Cap Fund,Power Generation & Distribution,2025-11-30,1.72
JM Large Cap Fund,Preference n Warrants,2025-11-30,0.02
JM Large Cap Fund,Realty,2025-11-30,1.22
JM Large Cap Fund,Refineries,2025-11-30,5.77
JM Large Cap Fund,Retail,2025-11-30,1.47
JM Large Cap Fund,Steel,2025-11-30,1.38
JM Large Cap Fund,Stock/ Commodity Brokers,2025-11-30,1.69
JM Large Cap Fund,Telecom Equipment & Infra Services,2025-11-30,1.25
JM Large Cap Fund,Telecom-Service,2025-11-30,4.24
JM Large Cap Fund,Aerospace & Defence,2025-12-31,1.25
JM Large Cap Fund,Air Transport Service,2025-12-31,2.0
JM Large Cap Fund,Alcoholic Beverages,2025-12-31,1.76
JM Large Cap Fund,Automobile,2025-12-31,7.83
JM Large Cap Fund,Banks,2025-12-31,19.92
JM Large Cap Fund,Cables,2025-12-31,1.16
JM Large Cap Fund,Capital Goods - Electrical Equipment,2025-12-31,2.23
JM Large Cap Fund,Capital Goods-Non Electrical Equipment,2025-12-31,0.97
JM Large Cap Fund,Cement,2025-12-31,1.7
JM Large Cap Fund,Consumer Durables,2025-12-31,1.13
JM Large Cap Fund,Debt Others,2025-12-31,0.9
JM Large Cap Fund,Diamond Gems and Jewellery,2025-12-31,1.28
JM Large Cap Fund,E-Commerce/App based Aggregator,2025-12-31,2.87
JM Large Cap Fund,FMCG,2025-12-31,1.26
JM Large Cap Fund,Finance,2025-12-31,8.58
JM Large Cap Fund,Healthcare,2025-12-31,2.25
JM Large Cap Fund,Hotels & Restaurants,2025-12-31,1.49
JM Large Cap Fund,IT - Software,2025-12-31,7.75
JM Large Cap Fund,Infrastructure Developers & Operators,2025-12-31,3.86
JM Large Cap Fund,Insurance,2025-12-31,1.32
JM Large Cap Fund,Marine Port & Services,2025-12-31,2.1
JM Large Cap Fund,Miscellaneous,2025-12-31,0.2
JM Large Cap Fund,Non Ferrous Metals,2025-12-31,1.58
JM Large Cap Fund,Other,2025-12-31,0.02
JM Large Cap Fund,Pharmaceuticals,2025-12-31,6.08
JM Large Cap Fund,Power Generation & Distribution,2025-12-31,1.77
JM Large Cap Fund,Preference n Warrants,2025-12-31,0.02
JM Large Cap Fund,Realty,2025-12-31,1.2
JM Large Cap Fund,Refineries,2025-12-31,6.26
JM Large Cap Fund,Retail,2025-12-31,1.54
JM Large Cap Fund,Steel,2025-12-31,1.53
JM Large Cap Fund,Stock/ Commodity Brokers,2025-12-31,1.77
JM Large Cap Fund,Telecom-Service,2025-12-31,4.41
JM Large Cap Fund,Aerospace & Defence,2026-01-31,1.47
JM Large Cap Fund,Air Transport Service,2026-01-31,1.9
JM Large Cap Fund,Alcoholic Beverages,2026-01-31,1.74
JM Large Cap Fund,Automobile,2026-01-31,7.46
JM Large Cap Fund,Banks,2026-01-31,22.73
JM Large Cap Fund,Cables,2026-01-31,1.11
JM Large Cap Fund,Capital Goods - Electrical Equipment,2026-01-31,1.18
JM Large Cap Fund,Cement,2026-01-31,1.91
JM Large Cap Fund,Debt Others,2026-01-31,2.14
JM Large Cap Fund,Diamond Gems and Jewellery,2026-01-31,1.32
JM Large Cap Fund,E-Commerce/App based Aggregator,2026-01-31,2.52
JM Large Cap Fund,FMCG,2026-01-31,2.52
JM Large Cap Fund,Finance,2026-01-31,7.39
JM Large Cap Fund,Healthcare,2026-01-31,2.33
JM Large Cap Fund,Hotels & Restaurants,2026-01-31,1.42
JM Large Cap Fund,IT - Software,2026-01-31,7.13
JM Large Cap Fund,Infrastructure Developers & Operators,2026-01-31,3.88
JM Large Cap Fund,Insurance,2026-01-31,1.34
JM Large Cap Fund,Marine Port & Services,2026-01-31,2.12
JM Large Cap Fund,Miscellaneous,2026-01-31,0.14
JM Large Cap Fund,Non Ferrous Metals,2026-01-31,1.61
JM Large Cap Fund,Pharmaceuticals,2026-01-31,6.06
JM Large Cap Fund,Power Generation & Distribution,2026-01-31,3.02
JM Large Cap Fund,Preference n Warrants,2026-01-31,0.02
JM Large Cap Fund,Realty,2026-01-31,1.15
JM Large Cap Fund,Refineries,2026-01-31,5.81
JM Large Cap Fund,Retail,2026-01-31,1.42
JM Large Cap Fund,Steel,2026-01-31,1.72
JM Large Cap Fund,Stock/ Commodity Brokers,2026-01-31,1.12
JM Large Cap Fund,Telecom-Service,2026-01-31,4.31
JM Large Cap Fund,Aerospace & Defence,2026-02-28,1.46
JM Large Cap Fund,Air Transport Service,2026-02-28,1.79
JM Large Cap Fund,Alcoholic Beverages,2026-02-28,1.76
JM Large Cap Fund,Automobile,2026-02-28,7.41
JM Large Cap Fund,Banks,2026-02-28,23.28
JM Large Cap Fund,Cables,2026-02-28,1.37
JM Large Cap Fund,Capital Goods - Electrical Equipment,2026-02-28,1.34
JM Large Cap Fund,Cement,2026-02-28,1.92
JM Large Cap Fund,Chemicals,2026-02-28,0.95
JM Large Cap Fund,Debt Others,2026-02-28,1.85
JM Large Cap Fund,Diamond Gems and Jewellery,2026-02-28,1.44
JM Large Cap Fund,E-Commerce/App based Aggregator,2026-02-28,2.56
JM Large Cap Fund,FMCG,2026-02-28,1.19
JM Large Cap Fund,Finance,2026-02-28,7.01
JM Large Cap Fund,Healthcare,2026-02-28,2.62
JM Large Cap Fund,Hotels & Restaurants,2026-02-28,1.41
JM Large Cap Fund,IT - Software,2026-02-28,5.57
JM Large Cap Fund,Infrastructure Developers & Operators,2026-02-28,4.24
JM Large Cap Fund,Insurance,2026-02-28,1.32
JM Large Cap Fund,Marine Port & Services,2026-02-28,2.28
JM Large Cap Fund,Miscellaneous,2026-02-28,0.09
JM Large Cap Fund,Non Ferrous Metals,2026-02-28,1.56
JM Large Cap Fund,Pharmaceuticals,2026-02-28,5.99
JM Large Cap Fund,Power Generation & Distribution,2026-02-28,3.01
JM Large Cap Fund,Preference n Warrants,2026-02-28,0.02
JM Large Cap Fund,Realty,2026-02-28,1.1
JM Large Cap Fund,Refineries,2026-02-28,5.82
JM Large Cap Fund,Retail,2026-02-28,1.04
JM Large Cap Fund,Steel,2026-02-28,1.66
JM Large Cap Fund,Stock/ Commodity Brokers,2026-02-28,1.32
JM Large Cap Fund,Telecom-Service,2026-02-28,4.13
JM Large Cap Fund,Tobacco Products,2026-02-28,1.49
JM Large Cap Fund,Aerospace & Defence,2026-03-31,1.49
JM Large Cap Fund,Air Transport Service,2026-03-31,1.66
JM Large Cap Fund,Alcoholic Beverages,2026-03-31,1.77
JM Large Cap Fund,Automobile,2026-03-31,7.11
JM Large Cap Fund,Banks,2026-03-31,21.51
JM Large Cap Fund,Cables,2026-03-31,1.24
JM Large Cap Fund,Capital Goods - Electrical Equipment,2026-03-31,0.96
JM Large Cap Fund,Cement,2026-03-31,1.85
JM Large Cap Fund,Chemicals,2026-03-31,1.03
JM Large Cap Fund,Debt Others,2026-03-31,3.38
JM Large Cap Fund,Diamond Gems and Jewellery,2026-03-31,1.49
JM Large Cap Fund,E-Commerce/App based Aggregator,2026-03-31,2.62
JM Large Cap Fund,FMCG,2026-03-31,1.21
JM Large Cap Fund,Finance,2026-03-31,5.96
JM Large Cap Fund,Healthcare,2026-03-31,2.67
JM Large Cap Fund,Hotels & Restaurants,2026-03-31,1.37
JM Large Cap Fund,IT - Software,2026-03-31,5.96
JM Large Cap Fund,Infrastructure Developers & Operators,2026-03-31,3.79
JM Large Cap Fund,Insurance,2026-03-31,1.24
JM Large Cap Fund,Marine Port & Services,2026-03-31,2.08
JM Large Cap Fund,Miscellaneous,2026-03-31,0.1
JM Large Cap Fund,Non Ferrous Metals,2026-03-31,2.7
JM Large Cap Fund,Pharmaceuticals,2026-03-31,6.39
JM Large Cap Fund,Power Generation & Distribution,2026-03-31,3.31
JM Large Cap Fund,Preference n Warrants,2026-03-31,0.03
JM Large Cap Fund,Realty,2026-03-31,1.01
JM Large Cap Fund,Refineries,2026-03-31,6.23
JM Large Cap Fund,Retail,2026-03-31,1.0
JM Large Cap Fund,Steel,2026-03-31,1.71
JM Large Cap Fund,Stock/ Commodity Brokers,2026-03-31,1.29
JM Large Cap Fund,Telecom-Service,2026-03-31,4.3
JM Large Cap Fund,Tobacco Products,2026-03-31,1.55
JM Large Cap Fund,Aerospace & Defence,2026-04-30,1.48
JM Large Cap Fund,Air Transport Service,2026-04-30,1.67
JM Large Cap Fund,Alcoholic Beverages,2026-04-30,1.78
JM Large Cap Fund,Automobile,2026-04-30,7.05
JM Large Cap Fund,Banks,2026-04-30,19.61
JM Large Cap Fund,Cables,2026-04-30,1.36
JM Large Cap Fund,Capital Goods - Electrical Equipment,2026-04-30,1.1
JM Large Cap Fund,Capital Goods-Non Electrical Equipment,2026-04-30,1.25
JM Large Cap Fund,Cement,2026-04-30,1.84
JM Large Cap Fund,Chemicals,2026-04-30,0.99
JM Large Cap Fund,Debt Others,2026-04-30,2.88
JM Large Cap Fund,Diamond Gems and Jewellery,2026-04-30,1.53
JM Large Cap Fund,E-Commerce/App based Aggregator,2026-04-30,2.92
JM Large Cap Fund,FMCG,2026-04-30,1.67
JM Large Cap Fund,Finance,2026-04-30,6.19
JM Large Cap Fund,Healthcare,2026-04-30,2.54
JM Large Cap Fund,Hotels & Restaurants,2026-04-30,1.44
JM Large Cap Fund,IT - Software,2026-04-30,5.8
JM Large Cap Fund,Infrastructure Developers & Operators,2026-04-30,3.31
JM Large Cap Fund,Insurance,2026-04-30,1.14
JM Large Cap Fund,Marine Port & Services,2026-04-30,2.43
JM Large Cap Fund,Miscellaneous,2026-04-30,0.1
JM Large Cap Fund,Non Ferrous Metals,2026-04-30,2.08
JM Large Cap Fund,Pharmaceuticals,2026-04-30,6.13
JM Large Cap Fund,Power Generation & Distribution,2026-04-30,3.48
JM Large Cap Fund,Realty,2026-04-30,1.17
JM Large Cap Fund,Refineries,2026-04-30,6.13
JM Large Cap Fund,Retail,2026-04-30,2.11
JM Large Cap Fund,Steel,2026-04-30,1.73
JM Large Cap Fund,Stock/ Commodity Brokers,2026-04-30,1.53
JM Large Cap Fund,Telecom-Service,2026-04-30,3.98
JM Large Cap Fund,Tobacco Products,2026-04-30,1.57
JM Large Cap Fund,Aerospace & Defence,2026-05-31,1.43
JM Large Cap Fund,Air Transport Service,2026-05-31,1.74
JM Large Cap Fund,Alcoholic Beverages,2026-05-31,1.73
JM Large Cap Fund,Automobile,2026-05-31,7.18
JM Large Cap Fund,Banks,2026-05-31,19.72
JM Large Cap Fund,Cables,2026-05-31,1.36
JM Large Cap Fund,Capital Goods - Electrical Equipment,2026-05-31,1.01
JM Large Cap Fund,Capital Goods-Non Electrical Equipment,2026-05-31,1.41
JM Large Cap Fund,Cement,2026-05-31,1.85
JM Large Cap Fund,Chemicals,2026-05-31,1.08
JM Large Cap Fund,Debt Others,2026-05-31,1.8
JM Large Cap Fund,Diamond Gems and Jewellery,2026-05-31,1.69
JM Large Cap Fund,E-Commerce/App based Aggregator,2026-05-31,3.02
JM Large Cap Fund,FMCG,2026-05-31,1.54
JM Large Cap Fund,Finance,2026-05-31,6.45
JM Large Cap Fund,Healthcare,2026-05-31,2.53
JM Large Cap Fund,Hotels & Restaurants,2026-05-31,1.51
JM Large Cap Fund,IT - Software,2026-05-31,6.51
JM Large Cap Fund,Infrastructure Developers & Operators,2026-05-31,3.17
JM Large Cap Fund,Insurance,2026-05-31,1.17
JM Large Cap Fund,Marine Port & Services,2026-05-31,2.68
JM Large Cap Fund,Miscellaneous,2026-05-31,0.12
JM Large Cap Fund,Non Ferrous Metals,2026-05-31,2.87
JM Large Cap Fund,Pharmaceuticals,2026-05-31,5.14
JM Large Cap Fund,Power Generation & Distribution,2026-05-31,3.61
JM Large Cap Fund,Realty,2026-05-31,1.15
JM Large Cap Fund,Refineries,2026-05-31,5.74
JM Large Cap Fund,Retail,2026-05-31,2.05
JM Large Cap Fund,Steel,2026-05-31,1.73
JM Large Cap Fund,Stock/ Commodity Brokers,2026-05-31,1.66
JM Large Cap Fund,Telecom-Service,2026-05-31,3.91
JM Large Cap Fund,Tobacco Products,2026-05-31,1.45
Kotak Large Cap Fund,Aerospace & Defence,2025-08-31,3.04
Kotak Large Cap Fund,Agro Chemicals,2025-08-31,0.19
Kotak Large Cap Fund,Air Transport Service,2025-08-31,2.21
Kotak Large Cap Fund,Alcoholic Beverages,2025-08-31,1.06
Kotak Large Cap Fund,Auto Ancillaries,2025-08-31,1.38
Kotak Large Cap Fund,Automobile,2025-08-31,6.66
Kotak Large Cap Fund,Banks,2025-08-31,22.63
Kotak Large Cap Fund,Bearings,2025-08-31,0.6
Kotak Large Cap Fund,Capital Goods - Electrical Equipment,2025-08-31,0.73
Kotak Large Cap Fund,Capital Goods-Non Electrical Equipment,2025-08-31,0.95
Kotak Large Cap Fund,Castings Forgings & Fastners,2025-08-31,0.42
Kotak Large Cap Fund,Cement,2025-08-31,2.6
Kotak Large Cap Fund,Chemicals,2025-08-31,0.12
Kotak Large Cap Fund,Construction,2025-08-31,0.31
Kotak Large Cap Fund,Debt Others,2025-08-31,2.35
Kotak Large Cap Fund,E-Commerce/App based Aggregator,2025-08-31,2.21
Kotak Large Cap Fund,FMCG,2025-08-31,3.36
Kotak Large Cap Fund,Fertilizers,2025-08-31,1.35
Kotak Large Cap Fund,Finance,2025-08-31,4.88
Kotak Large Cap Fund,Gas Distribution,2025-08-31,0.58
Kotak Large Cap Fund,Healthcare,2025-08-31,0.92
Kotak Large Cap Fund,IT - Software,2025-08-31,9.58
Kotak Large Cap Fund,Infrastructure Developers & Operators,2025-08-31,3.74
Kotak Large Cap Fund,Insurance,2025-08-31,0.95
Kotak Large Cap Fund,Mutual Fund Units,2025-08-31,1.05
Kotak Large Cap Fund,Non Ferrous Metals,2025-08-31,0.73
Kotak Large Cap Fund,Pharmaceuticals,2025-08-31,3.6
Kotak Large Cap Fund,Power Generation & Distribution,2025-08-31,2.39
Kotak Large Cap Fund,Realty,2025-08-31,0.57
Kotak Large Cap Fund,Refineries,2025-08-31,7.78
Kotak Large Cap Fund,Retail,2025-08-31,1.83
Kotak Large Cap Fund,Steel,2025-08-31,1.53
Kotak Large Cap Fund,Telecom-Service,2025-08-31,3.79
Kotak Large Cap Fund,Tobacco Products,2025-08-31,2.89
Kotak Large Cap Fund,Tyres,2025-08-31,1.02
Kotak Large Cap Fund,Aerospace & Defence,2025-09-30,3.1
Kotak Large Cap Fund,Agro Chemicals,2025-09-30,0.17
Kotak Large Cap Fund,Air Transport Service,2025-09-30,2.11
Kotak Large Cap Fund,Alcoholic Beverages,2025-09-30,1.05
Kotak Large Cap Fund,Auto Ancillaries,2025-09-30,1.23
Kotak Large Cap Fund,Automobile,2025-09-30,6.99
Kotak Large Cap Fund,Banks,2025-09-30,22.65
Kotak Large Cap Fund,Bearings,2025-09-30,0.65
Kotak Large Cap Fund,Capital Goods - Electrical Equipment,2025-09-30,0.74
Kotak Large Cap Fund,Capital Goods-Non Electrical Equipment,2025-09-30,0.96
Kotak Large Cap Fund,Castings Forgings & Fastners,2025-09-30,0.59
Kotak Large Cap Fund,Cement,2025-09-30,2.59
Kotak Large Cap Fund,Chemicals,2025-09-30,0.11
Kotak Large Cap Fund,Construction,2025-09-30,0.3
Kotak Large Cap Fund,Debt Others,2025-09-30,2.32
Kotak Large Cap Fund,E-Commerce/App based Aggregator,2025-09-30,2.3
Kotak Large Cap Fund,FMCG,2025-09-30,3.31
Kotak Large Cap Fund,Fertilizers,2025-09-30,1.29
Kotak Large Cap Fund,Finance,2025-09-30,5.32
Kotak Large Cap Fund,Financial Services,2025-09-30,0.28
Kotak Large Cap Fund,Gas Distribution,2025-09-30,0.61
Kotak Large Cap Fund,Healthcare,2025-09-30,0.92
Kotak Large Cap Fund,IT - Software,2025-09-30,8.82
Kotak Large Cap Fund,Infrastructure Developers & Operators,2025-09-30,3.78
Kotak Large Cap Fund,Insurance,2025-09-30,0.91
Kotak Large Cap Fund,Mutual Fund Units,2025-09-30,1.04
Kotak Large Cap Fund,Non Ferrous Metals,2025-09-30,0.78
Kotak Large Cap Fund,Pharmaceuticals,2025-09-30,3.52
Kotak Large Cap Fund,Power Generation & Distribution,2025-09-30,2.57
Kotak Large Cap Fund,Realty,2025-09-30,0.55
Kotak Large Cap Fund,Refineries,2025-09-30,7.86
Kotak Large Cap Fund,Retail,2025-09-30,1.44
Kotak Large Cap Fund,Steel,2025-09-30,1.64
Kotak Large Cap Fund,Telecom-Service,2025-09-30,3.69
Kotak Large Cap Fund,Tobacco Products,2025-09-30,2.78
Kotak Large Cap Fund,Tyres,2025-09-30,1.03
Kotak Large Cap Fund,Aerospace & Defence,2025-10-31,3.17
Kotak Large Cap Fund,Agro Chemicals,2025-10-31,0.17
Kotak Large Cap Fund,Air Transport Service,2025-10-31,2.03
Kotak Large Cap Fund,Alcoholic Beverages,2025-10-31,1.09
Kotak Large Cap Fund,Auto Ancillaries,2025-10-31,1.16
Kotak Large Cap Fund,Automobile,2025-10-31,6.37
Kotak Large Cap Fund,Banks,2025-10-31,23.0
Kotak Large Cap Fund,Bearings,2025-10-31,0.59
Kotak Large Cap Fund,Capital Goods - Electrical Equipment,2025-10-31,0.68
Kotak Large Cap Fund,Capital Goods-Non Electrical Equipment,2025-10-31,1.11
Kotak Large Cap Fund,Castings Forgings & Fastners,2025-10-31,0.62
Kotak Large Cap Fund,Cement,2025-10-31,2.45
Kotak Large Cap Fund,Construction,2025-10-31,0.32
Kotak Large Cap Fund,Consumer Durables,2025-10-31,0.63
Kotak Large Cap Fund,Debt Others,2025-10-31,2.16
Kotak Large Cap Fund,E-Commerce/App based Aggregator,2025-10-31,2.19
Kotak Large Cap Fund,FMCG,2025-10-31,3.3
Kotak Large Cap Fund,Fertilizers,2025-10-31,1.17
Kotak Large Cap Fund,Finance,2025-10-31,5.45
Kotak Large Cap Fund,Financial Services,2025-10-31,0.28
Kotak Large Cap Fund,Gas Distribution,2025-10-31,0.58
Kotak Large Cap Fund,Healthcare,2025-10-31,0.92
Kotak Large Cap Fund,IT - Software,2025-10-31,8.48
Kotak Large Cap Fund,Infrastructure Developers & Operators,2025-10-31,3.98
Kotak Large Cap Fund,Insurance,2025-10-31,0.84
Kotak Large Cap Fund,Mutual Fund Units,2025-10-31,1.0
Kotak Large Cap Fund,Non Ferrous Metals,2025-10-31,0.83
Kotak Large Cap Fund,Pharmaceuticals,2025-10-31,3.48
Kotak Large Cap Fund,Power Generation & Distribution,2025-10-31,2.43
Kotak Large Cap Fund,Realty,2025-10-31,0.6
Kotak Large Cap Fund,Refineries,2025-10-31,7.95
Kotak Large Cap Fund,Retail,2025-10-31,1.52
Kotak Large Cap Fund,Steel,2025-10-31,1.7
Kotak Large Cap Fund,Telecom-Service,2025-10-31,3.87
Kotak Large Cap Fund,Tobacco Products,2025-10-31,2.84
Kotak Large Cap Fund,Tyres,2025-10-31,1.04
Kotak Large Cap Fund,Aerospace & Defence,2025-11-30,2.96
Kotak Large Cap Fund,Air Transport Service,2025-11-30,2.09
Kotak Large Cap Fund,Alcoholic Beverages,2025-11-30,1.19
Kotak Large Cap Fund,Auto Ancillaries,2025-11-30,1.37
Kotak Large Cap Fund,Automobile,2025-11-30,6.48
Kotak Large Cap Fund,Banks,2025-11-30,23.42
Kotak Large Cap Fund,Bearings,2025-11-30,0.56
Kotak Large Cap Fund,Capital Goods - Electrical Equipment,2025-11-30,0.64
Kotak Large Cap Fund,Capital Goods-Non Electrical Equipment,2025-11-30,1.12
Kotak Large Cap Fund,Castings Forgings & Fastners,2025-11-30,0.63
Kotak Large Cap Fund,Cement,2025-11-30,2.35
Kotak Large Cap Fund,Construction,2025-11-30,0.34
Kotak Large Cap Fund,Consumer Durables,2025-11-30,0.62
Kotak Large Cap Fund,Debt Others,2025-11-30,2.01
Kotak Large Cap Fund,E-Commerce/App based Aggregator,2025-11-30,2.02
Kotak Large Cap Fund,FMCG,2025-11-30,3.28
Kotak Large Cap Fund,Fertilizers,2025-11-30,1.29
Kotak Large Cap Fund,Finance,2025-11-30,5.63
Kotak Large Cap Fund,Gas Distribution,2025-11-30,0.53
Kotak Large Cap Fund,Healthcare,2025-11-30,0.86
Kotak Large Cap Fund,IT - Software,2025-11-30,8.7
Kotak Large Cap Fund,Infrastructure Developers & Operators,2025-11-30,3.95
Kotak Large Cap Fund,Insurance,2025-11-30,0.87
Kotak Large Cap Fund,Mutual Fund Units,2025-11-30,0.98
Kotak Large Cap Fund,Non Ferrous Metals,2025-11-30,0.77
Kotak Large Cap Fund,Pharmaceuticals,2025-11-30,3.63
Kotak Large Cap Fund,Power Generation & Distribution,2025-11-30,2.31
Kotak Large Cap Fund,Realty,2025-11-30,0.54
Kotak Large Cap Fund,Refineries,2025-11-30,8.22
Kotak Large Cap Fund,Retail,2025-11-30,1.39
Kotak Large Cap Fund,Steel,2025-11-30,1.53
Kotak Large Cap Fund,Telecom-Service,2025-11-30,3.89
Kotak Large Cap Fund,Tobacco Products,2025-11-30,2.78
Kotak Large Cap Fund,Tyres,2025-11-30,1.05
Kotak Large Cap Fund,Aerospace & Defence,2025-12-31,2.83
Kotak Large Cap Fund,Air Transport Service,2025-12-31,1.88
Kotak Large Cap Fund,Alcoholic Beverages,2025-12-31,1.18
Kotak Large Cap Fund,Auto Ancillaries,2025-12-31,1.45
Kotak Large Cap Fund,Automobile,2025-12-31,6.41
Kotak Large Cap Fund,Banks,2025-12-31,23.1
Kotak Large Cap Fund,Bearings,2025-12-31,0.56
Kotak Large Cap Fund,Capital Goods - Electrical Equipment,2025-12-31,0.61
Kotak Large Cap Fund,Capital Goods-Non Electrical Equipment,2025-12-31,1.03
Kotak Large Cap Fund,Castings Forgings & Fastners,2025-12-31,0.64
Kotak Large Cap Fund,Cement,2025-12-31,2.36
Kotak Large Cap Fund,Construction,2025-12-31,0.32
Kotak Large Cap Fund,Consumer Durables,2025-12-31,0.6
Kotak Large Cap Fund,Debt Others,2025-12-31,1.91
Kotak Large Cap Fund,E-Commerce/App based Aggregator,2025-12-31,1.96
Kotak Large Cap Fund,FMCG,2025-12-31,3.32
Kotak Large Cap Fund,Fertilizers,2025-12-31,1.23
Kotak Large Cap Fund,Finance,2025-12-31,6.02
Kotak Large Cap Fund,Gas Distribution,2025-12-31,0.57
Kotak Large Cap Fund,Healthcare,2025-12-31,0.83
Kotak Large Cap Fund,IT - Software,2025-12-31,8.96
Kotak Large Cap Fund,Infrastructure Developers & Operators,2025-12-31,4.01
Kotak Large Cap Fund,Insurance,2025-12-31,0.85
Kotak Large Cap Fund,Mutual Fund Units,2025-12-31,0.99
Kotak Large Cap Fund,Non Ferrous Metals,2025-12-31,0.9
Kotak Large Cap Fund,Other,2025-12-31,0.02
Kotak Large Cap Fund,Pharmaceuticals,2025-12-31,3.59
Kotak Large Cap Fund,Power Generation & Distribution,2025-12-31,2.34
Kotak Large Cap Fund,Realty,2025-12-31,0.55
Kotak Large Cap Fund,Refineries,2025-12-31,8.39
Kotak Large Cap Fund,Retail,2025-12-31,1.09
Kotak Large Cap Fund,Steel,2025-12-31,1.76
Kotak Large Cap Fund,Telecom-Service,2025-12-31,3.91
Kotak Large Cap Fund,Tobacco Products,2025-12-31,2.81
Kotak Large Cap Fund,Tyres,2025-12-31,1.02
Kotak Large Cap Fund,Aerospace & Defence,2026-01-31,3.26
Kotak Large Cap Fund,Air Transport Service,2026-01-31,1.75
Kotak Large Cap Fund,Alcoholic Beverages,2026-01-31,1.14
Kotak Large Cap Fund,Auto Ancillaries,2026-01-31,1.44
Kotak Large Cap Fund,Automobile,2026-01-31,5.88
Kotak Large Cap Fund,Banks,2026-01-31,23.97
Kotak Large Cap Fund,Bearings,2026-01-31,0.53
Kotak Large Cap Fund,Capital Goods - Electrical Equipment,2026-01-31,0.66
Kotak Large Cap Fund,Capital Goods-Non Electrical Equipment,2026-01-31,0.91
Kotak Large Cap Fund,Castings Forgings & Fastners,2026-01-31,0.64
Kotak Large Cap Fund,Cement,2026-01-31,2.64
Kotak Large Cap Fund,Construction,2026-01-31,0.3
Kotak Large Cap Fund,Consumer Durables,2026-01-31,0.59
Kotak Large Cap Fund,Debt Others,2026-01-31,2.77
Kotak Large Cap Fund,E-Commerce/App based Aggregator,2026-01-31,1.94
Kotak Large Cap Fund,FMCG,2026-01-31,3.35
Kotak Large Cap Fund,Fertilizers,2026-01-31,1.26
Kotak Large Cap Fund,Finance,2026-01-31,6.08
Kotak Large Cap Fund,Gas Distribution,2026-01-31,0.57
Kotak Large Cap Fund,Healthcare,2026-01-31,0.83
Kotak Large Cap Fund,IT - Software,2026-01-31,9.19
Kotak Large Cap Fund,Infrastructure Developers & Operators,2026-01-31,3.97
Kotak Large Cap Fund,Insurance,2026-01-31,0.84
Kotak Large Cap Fund,Mutual Fund Units,2026-01-31,0.0
Kotak Large Cap Fund,Non Ferrous Metals,2026-01-31,1.04
Kotak Large Cap Fund,Pharmaceuticals,2026-01-31,3.44
Kotak Large Cap Fund,Power Generation & Distribution,2026-01-31,2.61
Kotak Large Cap Fund,Realty,2026-01-31,0.5
Kotak Large Cap Fund,Refineries,2026-01-31,7.65
Kotak Large Cap Fund,Retail,2026-01-31,0.97
Kotak Large Cap Fund,Steel,2026-01-31,2.04
Kotak Large Cap Fund,T Bills,2026-01-31,0.16
Kotak Large Cap Fund,Telecom-Service,2026-01-31,3.68
Kotak Large Cap Fund,Tobacco Products,2026-01-31,2.29
Kotak Large Cap Fund,Tyres,2026-01-31,1.02
Kotak Large Cap Fund,Aerospace & Defence,2026-02-28,3.25
Kotak Large Cap Fund,Air Transport Service,2026-02-28,1.83
Kotak Large Cap Fund,Alcoholic Beverages,2026-02-28,1.15
Kotak Large Cap Fund,Auto Ancillaries,2026-02-28,1.66
Kotak Large Cap Fund,Automobile,2026-02-28,5.87
Kotak Large Cap Fund,Banks,2026-02-28,24.27
Kotak Large Cap Fund,Bearings,2026-02-28,0.64
Kotak Large Cap Fund,Cables,2026-02-28,0.34
Kotak Large Cap Fund,Capital Goods - Electrical Equipment,2026-02-28,0.59
Kotak Large Cap Fund,Capital Goods-Non Electrical Equipment,2026-02-28,1.07
Kotak Large Cap Fund,Castings Forgings & Fastners,2026-02-28,0.89
Kotak Large Cap Fund,Cement,2026-02-28,2.58
Kotak Large Cap Fund,Construction,2026-02-28,0.29
Kotak Large Cap Fund,Consumer Durables,2026-02-28,0.64
Kotak Large Cap Fund,Debt Others,2026-02-28,1.98
Kotak Large Cap Fund,E-Commerce/App based Aggregator,2026-02-28,1.76
Kotak Large Cap Fund,FMCG,2026-02-28,3.24
Kotak Large Cap Fund,Fertilizers,2026-02-28,1.22
Kotak Large Cap Fund,Finance,2026-02-28,6.62
Kotak Large Cap Fund,Gas Distribution,2026-02-28,0.57
Kotak Large Cap Fund,Govt. Securities,2026-02-28,0.02
Kotak Large Cap Fund,Healthcare,2026-02-28,0.93
Kotak Large Cap Fund,IT - Software,2026-02-28,7.4
Kotak Large Cap Fund,Infrastructure Developers & Operators,2026-02-28,4.32
Kotak Large Cap Fund,Insurance,2026-02-28,0.82
Kotak Large Cap Fund,Mining & Mineral products,2026-02-28,0.12
Kotak Large Cap Fund,Mutual Fund Units,2026-02-28,0.0
Kotak Large Cap Fund,Non Ferrous Metals,2026-02-28,1.02
Kotak Large Cap Fund,Pharmaceuticals,2026-02-28,3.77
Kotak Large Cap Fund,Power Generation & Distribution,2026-02-28,2.89
Kotak Large Cap Fund,Realty,2026-02-28,0.51
Kotak Large Cap Fund,Refineries,2026-02-28,7.88
Kotak Large Cap Fund,Retail,2026-02-28,0.68
Kotak Large Cap Fund,Steel,2026-02-28,2.14
Kotak Large Cap Fund,T Bills,2026-02-28,0.17
Kotak Large Cap Fund,Telecom-Service,2026-02-28,3.78
Kotak Large Cap Fund,Tobacco Products,2026-02-28,2.14
Kotak Large Cap Fund,Tyres,2026-02-28,0.94
Kotak Large Cap Fund,Aerospace & Defence,2026-03-31,3.25
Kotak Large Cap Fund,Air Transport Service,2026-03-31,1.72
Kotak Large Cap Fund,Alcoholic Beverages,2026-03-31,1.13
Kotak Large Cap Fund,Auto Ancillaries,2026-03-31,1.42
Kotak Large Cap Fund,Automobile,2026-03-31,5.63
Kotak Large Cap Fund,Banks,2026-03-31,22.78
Kotak Large Cap Fund,Bearings,2026-03-31,0.63
Kotak Large Cap Fund,Cables,2026-03-31,0.35
Kotak Large Cap Fund,Capital Goods - Electrical Equipment,2026-03-31,0.66
Kotak Large Cap Fund,Capital Goods-Non Electrical Equipment,2026-03-31,1.1
Kotak Large Cap Fund,Castings Forgings & Fastners,2026-03-31,0.83
Kotak Large Cap Fund,Cement,2026-03-31,2.44
Kotak Large Cap Fund,Construction,2026-03-31,0.27
Kotak Large Cap Fund,Consumer Durables,2026-03-31,0.65
Kotak Large Cap Fund,Debt Others,2026-03-31,3.25
Kotak Large Cap Fund,E-Commerce/App based Aggregator,2026-03-31,1.81
Kotak Large Cap Fund,FMCG,2026-03-31,3.12
Kotak Large Cap Fund,Fertilizers,2026-03-31,1.17
Kotak Large Cap Fund,Finance,2026-03-31,6.06
Kotak Large Cap Fund,Gas Distribution,2026-03-31,0.48
Kotak Large Cap Fund,Govt. Securities,2026-03-31,0.03
Kotak Large Cap Fund,Healthcare,2026-03-31,0.98
Kotak Large Cap Fund,IT - Software,2026-03-31,7.63
Kotak Large Cap Fund,Infrastructure Developers & Operators,2026-03-31,3.89
Kotak Large Cap Fund,Insurance,2026-03-31,0.76
Kotak Large Cap Fund,Mining & Mineral products,2026-03-31,0.01
Kotak Large Cap Fund,Mutual Fund Units,2026-03-31,0.0
Kotak Large Cap Fund,Non Ferrous Metals,2026-03-31,1.13
Kotak Large Cap Fund,Pharmaceuticals,2026-03-31,4.18
Kotak Large Cap Fund,Power Generation & Distribution,2026-03-31,2.99
Kotak Large Cap Fund,Realty,2026-03-31,0.53
Kotak Large Cap Fund,Refineries,2026-03-31,8.17
Kotak Large Cap Fund,Retail,2026-03-31,0.66
Kotak Large Cap Fund,Steel,2026-03-31,2.15
Kotak Large Cap Fund,T Bills,2026-03-31,0.23
Kotak Large Cap Fund,Telecom-Service,2026-03-31,4.0
Kotak Large Cap Fund,Tobacco Products,2026-03-31,2.1
Kotak Large Cap Fund,Tyres,2026-03-31,0.95
Kotak Large Cap Fund,Unspecified Sector,2026-03-31,-0.13
Kotak Large Cap Fund,Aerospace & Defence,2026-04-30,4.04
Kotak Large Cap Fund,Air Transport Service,2026-04-30,1.74
Kotak Large Cap Fund,Alcoholic Beverages,2026-04-30,1.2
Kotak Large Cap Fund,Auto Ancillaries,2026-04-30,1.65
Kotak Large Cap Fund,Automobile,2026-04-30,5.4
Kotak Large Cap Fund,Banks,2026-04-30,22.38
Kotak Large Cap Fund,Bearings,2026-04-30,0.65
Kotak Large Cap Fund,Cables,2026-04-30,0.39
Kotak Large Cap Fund,Capital Goods - Electrical Equipment,2026-04-30,0.64
Kotak Large Cap Fund,Capital Goods-Non Electrical Equipment,2026-04-30,1.19
Kotak Large Cap Fund,Castings Forgings & Fastners,2026-04-30,0.88
Kotak Large Cap Fund,Cement,2026-04-30,2.44
Kotak Large Cap Fund,Construction,2026-04-30,0.29
Kotak Large Cap Fund,Consumer Durables,2026-04-30,0.66
Kotak Large Cap Fund,Debt Others,2026-04-30,2.68
Kotak Large Cap Fund,E-Commerce/App based Aggregator,2026-04-30,1.78
Kotak Large Cap Fund,FMCG,2026-04-30,3.31
Kotak Large Cap Fund,Fertilizers,2026-04-30,1.12
Kotak Large Cap Fund,Finance,2026-04-30,6.37
Kotak Large Cap Fund,Gas Distribution,2026-04-30,0.55
Kotak Large Cap Fund,Healthcare,2026-04-30,1.18
Kotak Large Cap Fund,IT - Software,2026-04-30,7.37
Kotak Large Cap Fund,Infrastructure Developers & Operators,2026-04-30,4.17
Kotak Large Cap Fund,Insurance,2026-04-30,0.7
Kotak Large Cap Fund,Mutual Fund Units,2026-04-30,0.0
Kotak Large Cap Fund,Non Ferrous Metals,2026-04-30,1.35
Kotak Large Cap Fund,Pharmaceuticals,2026-04-30,3.56
Kotak Large Cap Fund,Power Generation & Distribution,2026-04-30,3.26
Kotak Large Cap Fund,Realty,2026-04-30,0.57
Kotak Large Cap Fund,Refineries,2026-04-30,8.08
Kotak Large Cap Fund,Retail,2026-04-30,0.63
Kotak Large Cap Fund,Steel,2026-04-30,2.28
Kotak Large Cap Fund,T Bills,2026-04-30,0.23
Kotak Large Cap Fund,Telecom-Service,2026-04-30,4.06
Kotak Large Cap Fund,Tobacco Products,2026-04-30,2.1
Kotak Large Cap Fund,Tyres,2026-04-30,0.87
Kotak Large Cap Fund,Unspecified Sector,2026-04-30,0.42
Kotak Large Cap Fund,Aerospace & Defence,2026-05-31,4.19
Kotak Large Cap Fund,Air Transport Service,2026-05-31,1.79
Kotak Large Cap Fund,Alcoholic Beverages,2026-05-31,1.16
Kotak Large Cap Fund,Auto Ancillaries,2026-05-31,1.86
Kotak Large Cap Fund,Automobile,2026-05-31,5.43
Kotak Large Cap Fund,Banks,2026-05-31,22.62
Kotak Large Cap Fund,Bearings,2026-05-31,0.65
Kotak Large Cap Fund,Capital Goods - Electrical Equipment,2026-05-31,0.6
Kotak Large Cap Fund,Capital Goods-Non Electrical Equipment,2026-05-31,1.34
Kotak Large Cap Fund,Castings Forgings & Fastners,2026-05-31,0.92
Kotak Large Cap Fund,Cement,2026-05-31,2.46
Kotak Large Cap Fund,Chemicals,2026-05-31,0.0
Kotak Large Cap Fund,Consumer Durables,2026-05-31,0.64
Kotak Large Cap Fund,Debt Others,2026-05-31,3.08
Kotak Large Cap Fund,Diamond Gems and Jewellery,2026-05-31,0.02
Kotak Large Cap Fund,E-Commerce/App based Aggregator,2026-05-31,1.8
Kotak Large Cap Fund,FMCG,2026-05-31,3.17
Kotak Large Cap Fund,Fertilizers,2026-05-31,1.0
Kotak Large Cap Fund,Finance,2026-05-31,6.21
Kotak Large Cap Fund,Gas Distribution,2026-05-31,0.6
Kotak Large Cap Fund,Healthcare,2026-05-31,1.35
Kotak Large Cap Fund,IT - Software,2026-05-31,7.2
Kotak Large Cap Fund,Infrastructure Developers & Operators,2026-05-31,4.25
Kotak Large Cap Fund,Infrastructure Investment Trusts,2026-05-31,0.0
Kotak Large Cap Fund,Insurance,2026-05-31,0.71
Kotak Large Cap Fund,Marine Port & Services,2026-05-31,0.01
Kotak Large Cap Fund,Mutual Fund Units,2026-05-31,0.0
Kotak Large Cap Fund,Non Ferrous Metals,2026-05-31,1.37
Kotak Large Cap Fund,Pharmaceuticals,2026-05-31,3.86
Kotak Large Cap Fund,Power Generation & Distribution,2026-05-31,3.22
Kotak Large Cap Fund,Realty,2026-05-31,0.87
Kotak Large Cap Fund,Refineries,2026-05-31,7.62
Kotak Large Cap Fund,Retail,2026-05-31,0.61
Kotak Large Cap Fund,Steel,2026-05-31,2.26
Kotak Large Cap Fund,Stock/ Commodity Brokers,2026-05-31,0.1
Kotak Large Cap Fund,T Bills,2026-05-31,0.14
Kotak Large Cap Fund,Telecom-Service,2026-05-31,3.97
Kotak Large Cap Fund,Tobacco Products,2026-05-31,1.52
Kotak Large Cap Fund,Tyres,2026-05-31,0.85
Kotak Large Cap Fund,Unspecified Sector,2026-05-31,0.73
LIC MF Large Cap Fund,Aerospace & Defence,2025-08-31,2.81
LIC MF Large Cap Fund,Alcoholic Beverages,2025-08-31,1.07
LIC MF Large Cap Fund,Auto Ancillaries,2025-08-31,1.04
LIC MF Large Cap Fund,Automobile,2025-08-31,6.26
LIC MF Large Cap Fund,Banks,2025-08-31,23.4
LIC MF Large Cap Fund,Capital Goods - Electrical Equipment,2025-08-31,0.4
LIC MF Large Cap Fund,Capital Goods-Non Electrical Equipment,2025-08-31,1.82
LIC MF Large Cap Fund,Castings Forgings & Fastners,2025-08-31,0.88
LIC MF Large Cap Fund,Cement,2025-08-31,1.45
LIC MF Large Cap Fund,Chemicals,2025-08-31,1.54
LIC MF Large Cap Fund,Consumer Durables,2025-08-31,0.96
LIC MF Large Cap Fund,Debt Others,2025-08-31,3.1
LIC MF Large Cap Fund,Diamond Gems and Jewellery,2025-08-31,2.16
LIC MF Large Cap Fund,FMCG,2025-08-31,3.93
LIC MF Large Cap Fund,Finance,2025-08-31,4.24
LIC MF Large Cap Fund,Gas Distribution,2025-08-31,1.28
LIC MF Large Cap Fund,Healthcare,2025-08-31,1.55
LIC MF Large Cap Fund,Hotels & Restaurants,2025-08-31,0.32
LIC MF Large Cap Fund,IT - Software,2025-08-31,6.74
LIC MF Large Cap Fund,Infrastructure Developers & Operators,2025-08-31,5.48
LIC MF Large Cap Fund,Insurance,2025-08-31,1.67
LIC MF Large Cap Fund,Mining & Mineral products,2025-08-31,0.75
LIC MF Large Cap Fund,Pharmaceuticals,2025-08-31,4.42
LIC MF Large Cap Fund,Plantation & Plantation Products,2025-08-31,1.12
LIC MF Large Cap Fund,Power Generation & Distribution,2025-08-31,3.14
LIC MF Large Cap Fund,Readymade Garments/ Apparells,2025-08-31,0.83
LIC MF Large Cap Fund,Refineries,2025-08-31,6.17
LIC MF Large Cap Fund,Retail,2025-08-31,0.5
LIC MF Large Cap Fund,Steel,2025-08-31,1.97
LIC MF Large Cap Fund,Telecom-Service,2025-08-31,4.02
LIC MF Large Cap Fund,Textiles,2025-08-31,1.98
LIC MF Large Cap Fund,Tobacco Products,2025-08-31,3.02
LIC MF Large Cap Fund,Aerospace & Defence,2025-09-30,3.07
LIC MF Large Cap Fund,Alcoholic Beverages,2025-09-30,1.59
LIC MF Large Cap Fund,Auto Ancillaries,2025-09-30,0.99
LIC MF Large Cap Fund,Automobile,2025-09-30,6.66
LIC MF Large Cap Fund,Banks,2025-09-30,23.93
LIC MF Large Cap Fund,Capital Goods - Electrical Equipment,2025-09-30,0.25
LIC MF Large Cap Fund,Capital Goods-Non Electrical Equipment,2025-09-30,1.84
LIC MF Large Cap Fund,Castings Forgings & Fastners,2025-09-30,0.97
LIC MF Large Cap Fund,Cement,2025-09-30,1.4
LIC MF Large Cap Fund,Chemicals,2025-09-30,1.48
LIC MF Large Cap Fund,Consumer Durables,2025-09-30,0.96
LIC MF Large Cap Fund,Debt Others,2025-09-30,2.4
LIC MF Large Cap Fund,Diamond Gems and Jewellery,2025-09-30,2.23
LIC MF Large Cap Fund,E-Commerce/App based Aggregator,2025-09-30,0.79
LIC MF Large Cap Fund,FMCG,2025-09-30,3.23
LIC MF Large Cap Fund,Finance,2025-09-30,4.53
LIC MF Large Cap Fund,Gas Distribution,2025-09-30,1.3
LIC MF Large Cap Fund,Healthcare,2025-09-30,1.51
LIC MF Large Cap Fund,Hotels & Restaurants,2025-09-30,0.68
LIC MF Large Cap Fund,IT - Software,2025-09-30,6.04
LIC MF Large Cap Fund,Infrastructure Developers & Operators,2025-09-30,5.53
LIC MF Large Cap Fund,Insurance,2025-09-30,1.66
LIC MF Large Cap Fund,Mining & Mineral products,2025-09-30,0.85
LIC MF Large Cap Fund,Pharmaceuticals,2025-09-30,3.69
LIC MF Large Cap Fund,Plantation & Plantation Products,2025-09-30,0.41
LIC MF Large Cap Fund,Power Generation & Distribution,2025-09-30,3.18
LIC MF Large Cap Fund,Quick Service Restaurant,2025-09-30,0.67
LIC MF Large Cap Fund,Readymade Garments/ Apparells,2025-09-30,1.03
LIC MF Large Cap Fund,Refineries,2025-09-30,6.2
LIC MF Large Cap Fund,Retail,2025-09-30,0.78
LIC MF Large Cap Fund,Steel,2025-09-30,0.97
LIC MF Large Cap Fund,Telecom-Service,2025-09-30,3.99
LIC MF Large Cap Fund,Textiles,2025-09-30,1.96
LIC MF Large Cap Fund,Tobacco Products,2025-09-30,3.22
LIC MF Large Cap Fund,Aerospace & Defence,2025-10-31,3.06
LIC MF Large Cap Fund,Alcoholic Beverages,2025-10-31,1.89
LIC MF Large Cap Fund,Auto Ancillaries,2025-10-31,1.13
LIC MF Large Cap Fund,Automobile,2025-10-31,5.89
LIC MF Large Cap Fund,Banks,2025-10-31,24.88
LIC MF Large Cap Fund,Capital Goods - Electrical Equipment,2025-10-31,0.27
LIC MF Large Cap Fund,Capital Goods-Non Electrical Equipment,2025-10-31,1.78
LIC MF Large Cap Fund,Castings Forgings & Fastners,2025-10-31,1.02
LIC MF Large Cap Fund,Cement,2025-10-31,1.32
LIC MF Large Cap Fund,Chemicals,2025-10-31,1.4
LIC MF Large Cap Fund,Consumer Durables,2025-10-31,0.98
LIC MF Large Cap Fund,Debt Others,2025-10-31,3.16
LIC MF Large Cap Fund,Diamond Gems and Jewellery,2025-10-31,1.65
LIC MF Large Cap Fund,E-Commerce/App based Aggregator,2025-10-31,1.28
LIC MF Large Cap Fund,FMCG,2025-10-31,3.11
LIC MF Large Cap Fund,Finance,2025-10-31,4.61
LIC MF Large Cap Fund,Gas Distribution,2025-10-31,1.3
LIC MF Large Cap Fund,Healthcare,2025-10-31,1.51
LIC MF Large Cap Fund,Hotels & Restaurants,2025-10-31,0.68
LIC MF Large Cap Fund,IT - Software,2025-10-31,5.52
LIC MF Large Cap Fund,Infrastructure Developers & Operators,2025-10-31,5.79
LIC MF Large Cap Fund,Insurance,2025-10-31,1.75
LIC MF Large Cap Fund,Mining & Mineral products,2025-10-31,0.81
LIC MF Large Cap Fund,Pharmaceuticals,2025-10-31,3.66
LIC MF Large Cap Fund,Power Generation & Distribution,2025-10-31,3.21
LIC MF Large Cap Fund,Quick Service Restaurant,2025-10-31,0.62
LIC MF Large Cap Fund,Readymade Garments/ Apparells,2025-10-31,1.01
LIC MF Large Cap Fund,Refineries,2025-10-31,6.52
LIC MF Large Cap Fund,Retail,2025-10-31,0.76
LIC MF Large Cap Fund,Telecom-Service,2025-10-31,4.21
LIC MF Large Cap Fund,Textiles,2025-10-31,1.99
LIC MF Large Cap Fund,Tobacco Products,2025-10-31,3.21
LIC MF Large Cap Fund,Aerospace & Defence,2025-11-30,2.94
LIC MF Large Cap Fund,Alcoholic Beverages,2025-11-30,1.88
LIC MF Large Cap Fund,Auto Ancillaries,2025-11-30,1.09
LIC MF Large Cap Fund,Automobile,2025-11-30,5.96
LIC MF Large Cap Fund,Banks,2025-11-30,25.28
LIC MF Large Cap Fund,Capital Goods-Non Electrical Equipment,2025-11-30,1.48
LIC MF Large Cap Fund,Castings Forgings & Fastners,2025-11-30,1.1
LIC MF Large Cap Fund,Cement,2025-11-30,1.28
LIC MF Large Cap Fund,Chemicals,2025-11-30,1.42
LIC MF Large Cap Fund,Consumer Durables,2025-11-30,0.89
LIC MF Large Cap Fund,Debt Others,2025-11-30,2.57
LIC MF Large Cap Fund,Diamond Gems and Jewellery,2025-11-30,1.72
LIC MF Large Cap Fund,E-Commerce/App based Aggregator,2025-11-30,1.21
LIC MF Large Cap Fund,FMCG,2025-11-30,3.15
LIC MF Large Cap Fund,Finance,2025-11-30,3.69
LIC MF Large Cap Fund,Gas Distribution,2025-11-30,1.25
LIC MF Large Cap Fund,Healthcare,2025-11-30,1.44
LIC MF Large Cap Fund,Hotels & Restaurants,2025-11-30,0.83
LIC MF Large Cap Fund,IT - Software,2025-11-30,5.76
LIC MF Large Cap Fund,Infrastructure Developers & Operators,2025-11-30,5.79
LIC MF Large Cap Fund,Insurance,2025-11-30,1.75
LIC MF Large Cap Fund,Mining & Mineral products,2025-11-30,0.85
LIC MF Large Cap Fund,Pharmaceuticals,2025-11-30,3.85
LIC MF Large Cap Fund,Power Generation & Distribution,2025-11-30,3.05
LIC MF Large Cap Fund,Quick Service Restaurant,2025-11-30,0.82
LIC MF Large Cap Fund,Readymade Garments/ Apparells,2025-11-30,1.7
LIC MF Large Cap Fund,Refineries,2025-11-30,6.86
LIC MF Large Cap Fund,Retail,2025-11-30,0.68
LIC MF Large Cap Fund,Telecom-Service,2025-11-30,4.3
LIC MF Large Cap Fund,Textiles,2025-11-30,2.15
LIC MF Large Cap Fund,Tobacco Products,2025-11-30,3.26
LIC MF Large Cap Fund,Aerospace & Defence,2025-12-31,3.6
LIC MF Large Cap Fund,Alcoholic Beverages,2025-12-31,1.8
LIC MF Large Cap Fund,Auto Ancillaries,2025-12-31,1.1
LIC MF Large Cap Fund,Automobile,2025-12-31,6.12
LIC MF Large Cap Fund,Banks,2025-12-31,25.27
LIC MF Large Cap Fund,Capital Goods-Non Electrical Equipment,2025-12-31,1.58
LIC MF Large Cap Fund,Castings Forgings & Fastners,2025-12-31,0.63
LIC MF Large Cap Fund,Cement,2025-12-31,1.31
LIC MF Large Cap Fund,Chemicals,2025-12-31,1.45
LIC MF Large Cap Fund,Consumer Durables,2025-12-31,0.88
LIC MF Large Cap Fund,Debt Others,2025-12-31,2.27
LIC MF Large Cap Fund,Diamond Gems and Jewellery,2025-12-31,1.79
LIC MF Large Cap Fund,E-Commerce/App based Aggregator,2025-12-31,1.12
LIC MF Large Cap Fund,FMCG,2025-12-31,3.05
LIC MF Large Cap Fund,Finance,2025-12-31,3.8
LIC MF Large Cap Fund,Healthcare,2025-12-31,1.84
LIC MF Large Cap Fund,Hotels & Restaurants,2025-12-31,0.82
LIC MF Large Cap Fund,IT - Software,2025-12-31,5.88
LIC MF Large Cap Fund,Infrastructure Developers & Operators,2025-12-31,5.82
LIC MF Large Cap Fund,Insurance,2025-12-31,1.82
LIC MF Large Cap Fund,Mining & Mineral products,2025-12-31,0.93
LIC MF Large Cap Fund,Other,2025-12-31,0.04
LIC MF Large Cap Fund,Pharmaceuticals,2025-12-31,3.72
LIC MF Large Cap Fund,Power Generation & Distribution,2025-12-31,3.0
LIC MF Large Cap Fund,Quick Service Restaurant,2025-12-31,0.77
LIC MF Large Cap Fund,Readymade Garments/ Apparells,2025-12-31,1.66
LIC MF Large Cap Fund,Refineries,2025-12-31,6.91
LIC MF Large Cap Fund,Retail,2025-12-31,1.24
LIC MF Large Cap Fund,Telecom-Service,2025-12-31,4.33
LIC MF Large Cap Fund,Textiles,2025-12-31,2.19
LIC MF Large Cap Fund,Tobacco Products,2025-12-31,3.25
LIC MF Large Cap Fund,Aerospace & Defence,2026-01-31,4.07
LIC MF Large Cap Fund,Alcoholic Beverages,2026-01-31,1.57
LIC MF Large Cap Fund,Auto Ancillaries,2026-01-31,1.16
LIC MF Large Cap Fund,Automobile,2026-01-31,6.3
LIC MF Large Cap Fund,Banks,2026-01-31,26.06
LIC MF Large Cap Fund,Capital Goods-Non Electrical Equipment,2026-01-31,1.41
LIC MF Large Cap Fund,Castings Forgings & Fastners,2026-01-31,0.53
LIC MF Large Cap Fund,Cement,2026-01-31,1.47
LIC MF Large Cap Fund,Chemicals,2026-01-31,1.45
LIC MF Large Cap Fund,Consumer Durables,2026-01-31,1.12
LIC MF Large Cap Fund,Debt Others,2026-01-31,3.7
LIC MF Large Cap Fund,Diamond Gems and Jewellery,2026-01-31,1.83
LIC MF Large Cap Fund,E-Commerce/App based Aggregator,2026-01-31,1.15
LIC MF Large Cap Fund,FMCG,2026-01-31,3.23
LIC MF Large Cap Fund,Finance,2026-01-31,4.1
LIC MF Large Cap Fund,Healthcare,2026-01-31,2.03
LIC MF Large Cap Fund,Hotels & Restaurants,2026-01-31,0.78
LIC MF Large Cap Fund,IT - Software,2026-01-31,6.53
LIC MF Large Cap Fund,Infrastructure Developers & Operators,2026-01-31,5.14
LIC MF Large Cap Fund,Insurance,2026-01-31,1.87
LIC MF Large Cap Fund,Mining & Mineral products,2026-01-31,0.96
LIC MF Large Cap Fund,Pharmaceuticals,2026-01-31,2.8
LIC MF Large Cap Fund,Power Generation & Distribution,2026-01-31,0.81
LIC MF Large Cap Fund,Quick Service Restaurant,2026-01-31,0.71
LIC MF Large Cap Fund,Readymade Garments/ Apparells,2026-01-31,1.85
LIC MF Large Cap Fund,Refineries,2026-01-31,6.4
LIC MF Large Cap Fund,Retail,2026-01-31,1.14
LIC MF Large Cap Fund,Telecom-Service,2026-01-31,4.22
LIC MF Large Cap Fund,Textiles,2026-01-31,2.27
LIC MF Large Cap Fund,Tobacco Products,2026-01-31,3.33
LIC MF Large Cap Fund,Aerospace & Defence,2026-02-28,3.36
LIC MF Large Cap Fund,Air Transport Service,2026-02-28,1.5
LIC MF Large Cap Fund,Alcoholic Beverages,2026-02-28,1.57
LIC MF Large Cap Fund,Auto Ancillaries,2026-02-28,1.17
LIC MF Large Cap Fund,Automobile,2026-02-28,8.52
LIC MF Large Cap Fund,Banks,2026-02-28,25.46
LIC MF Large Cap Fund,Capital Goods-Non Electrical Equipment,2026-02-28,1.18
LIC MF Large Cap Fund,Cement,2026-02-28,1.48
LIC MF Large Cap Fund,Chemicals,2026-02-28,1.53
LIC MF Large Cap Fund,Consumer Durables,2026-02-28,0.8
LIC MF Large Cap Fund,Debt Others,2026-02-28,4.14
LIC MF Large Cap Fund,Diamond Gems and Jewellery,2026-02-28,2.01
LIC MF Large Cap Fund,E-Commerce/App based Aggregator,2026-02-28,1.34
LIC MF Large Cap Fund,FMCG,2026-02-28,3.46
LIC MF Large Cap Fund,Finance,2026-02-28,3.83
LIC MF Large Cap Fund,Healthcare,2026-02-28,2.29
LIC MF Large Cap Fund,Hotels & Restaurants,2026-02-28,0.78
LIC MF Large Cap Fund,IT - Software,2026-02-28,5.08
LIC MF Large Cap Fund,Infrastructure Developers & Operators,2026-02-28,5.64
LIC MF Large Cap Fund,Insurance,2026-02-28,1.92
LIC MF Large Cap Fund,Mining & Mineral products,2026-02-28,0.82
LIC MF Large Cap Fund,Pharmaceuticals,2026-02-28,3.01
LIC MF Large Cap Fund,Power Generation & Distribution,2026-02-28,0.81
LIC MF Large Cap Fund,Quick Service Restaurant,2026-02-28,0.75
LIC MF Large Cap Fund,Readymade Garments/ Apparells,2026-02-28,0.39
LIC MF Large Cap Fund,Refineries,2026-02-28,6.45
LIC MF Large Cap Fund,Retail,2026-02-28,1.33
LIC MF Large Cap Fund,Telecom-Service,2026-02-28,4.06
LIC MF Large Cap Fund,Textiles,2026-02-28,2.03
LIC MF Large Cap Fund,Tobacco Products,2026-02-28,3.31
LIC MF Large Cap Fund,Aerospace & Defence,2026-03-31,3.05
LIC MF Large Cap Fund,Air Transport Service,2026-03-31,1.77
LIC MF Large Cap Fund,Alcoholic Beverages,2026-03-31,1.34
LIC MF Large Cap Fund,Auto Ancillaries,2026-03-31,1.04
LIC MF Large Cap Fund,Automobile,2026-03-31,7.36
LIC MF Large Cap Fund,Banks,2026-03-31,23.88
LIC MF Large Cap Fund,Capital Goods-Non Electrical Equipment,2026-03-31,1.05
LIC MF Large Cap Fund,Cement,2026-03-31,1.57
LIC MF Large Cap Fund,Chemicals,2026-03-31,1.49
LIC MF Large Cap Fund,Consumer Durables,2026-03-31,0.74
LIC MF Large Cap Fund,Debt Others,2026-03-31,6.78
LIC MF Large Cap Fund,Diamond Gems and Jewellery,2026-03-31,2.08
LIC MF Large Cap Fund,E-Commerce/App based Aggregator,2026-03-31,1.41
LIC MF Large Cap Fund,FMCG,2026-03-31,3.48
LIC MF Large Cap Fund,Finance,2026-03-31,3.07
LIC MF Large Cap Fund,Healthcare,2026-03-31,2.39
LIC MF Large Cap Fund,Hotels & Restaurants,2026-03-31,0.91
LIC MF Large Cap Fund,IT - Software,2026-03-31,5.35
LIC MF Large Cap Fund,Infrastructure Developers & Operators,2026-03-31,5.24
LIC MF Large Cap Fund,Insurance,2026-03-31,1.9
LIC MF Large Cap Fund,Mining & Mineral products,2026-03-31,0.99
LIC MF Large Cap Fund,Miscellaneous,2026-03-31,0.71
LIC MF Large Cap Fund,Pharmaceuticals,2026-03-31,2.39
LIC MF Large Cap Fund,Quick Service Restaurant,2026-03-31,0.71
LIC MF Large Cap Fund,Refineries,2026-03-31,7.05
LIC MF Large Cap Fund,Retail,2026-03-31,1.28
LIC MF Large Cap Fund,Steel,2026-03-31,1.07
LIC MF Large Cap Fund,Telecom-Service,2026-03-31,4.37
LIC MF Large Cap Fund,Textiles,2026-03-31,2.1
LIC MF Large Cap Fund,Tobacco Products,2026-03-31,3.42
LIC MF Large Cap Fund,Aerospace & Defence,2026-04-30,3.06
LIC MF Large Cap Fund,Air Transport Service,2026-04-30,1.98
LIC MF Large Cap Fund,Alcoholic Beverages,2026-04-30,0.79
LIC MF Large Cap Fund,Automobile,2026-04-30,7.66
LIC MF Large Cap Fund,Banks,2026-04-30,24.44
LIC MF Large Cap Fund,Cement,2026-04-30,1.72
LIC MF Large Cap Fund,Chemicals,2026-04-30,1.69
LIC MF Large Cap Fund,Consumer Durables,2026-04-30,0.97
LIC MF Large Cap Fund,Debt Others,2026-04-30,6.82
LIC MF Large Cap Fund,Derivatives - Index,2026-04-30,0.15
LIC MF Large Cap Fund,Diamond Gems and Jewellery,2026-04-30,2.14
LIC MF Large Cap Fund,E-Commerce/App based Aggregator,2026-04-30,1.92
LIC MF Large Cap Fund,FMCG,2026-04-30,2.58
LIC MF Large Cap Fund,Finance,2026-04-30,3.78
LIC MF Large Cap Fund,Healthcare,2026-04-30,2.23
LIC MF Large Cap Fund,Hotels & Restaurants,2026-04-30,1.13
LIC MF Large Cap Fund,IT - Software,2026-04-30,4.27
LIC MF Large Cap Fund,Infrastructure Developers & Operators,2026-04-30,5.56
LIC MF Large Cap Fund,Insurance,2026-04-30,2.36
LIC MF Large Cap Fund,Mining & Mineral products,2026-04-30,1.01
LIC MF Large Cap Fund,Miscellaneous,2026-04-30,0.57
LIC MF Large Cap Fund,Pharmaceuticals,2026-04-30,2.58
LIC MF Large Cap Fund,Quick Service Restaurant,2026-04-30,0.73
LIC MF Large Cap Fund,Refineries,2026-04-30,6.96
LIC MF Large Cap Fund,Retail,2026-04-30,1.49
LIC MF Large Cap Fund,Steel,2026-04-30,1.25
LIC MF Large Cap Fund,Telecom-Service,2026-04-30,4.49
LIC MF Large Cap Fund,Textiles,2026-04-30,2.13
LIC MF Large Cap Fund,Tobacco Products,2026-04-30,3.55
LIC MF Large Cap Fund,Aerospace & Defence,2026-05-31,2.84
LIC MF Large Cap Fund,Air Transport Service,2026-05-31,2.95
LIC MF Large Cap Fund,Alcoholic Beverages,2026-05-31,0.85
LIC MF Large Cap Fund,Automobile,2026-05-31,8.63
LIC MF Large Cap Fund,Banks,2026-05-31,25.23
LIC MF Large Cap Fund,Capital Goods - Electrical Equipment,2026-05-31,1.36
LIC MF Large Cap Fund,Cement,2026-05-31,1.73
LIC MF Large Cap Fund,Chemicals,2026-05-31,1.44
LIC MF Large Cap Fund,Consumer Durables,2026-05-31,0.88
LIC MF Large Cap Fund,Debt Others,2026-05-31,2.05
LIC MF Large Cap Fund,Diamond Gems and Jewellery,2026-05-31,2.03
LIC MF Large Cap Fund,E-Commerce/App based Aggregator,2026-05-31,1.98
LIC MF Large Cap Fund,FMCG,2026-05-31,2.8
LIC MF Large Cap Fund,Finance,2026-05-31,5.37
LIC MF Large Cap Fund,Healthcare,2026-05-31,1.81
LIC MF Large Cap Fund,Hotels & Restaurants,2026-05-31,1.19
LIC MF Large Cap Fund,IT - Software,2026-05-31,4.17
LIC MF Large Cap Fund,Infrastructure Developers & Operators,2026-05-31,5.74
LIC MF Large Cap Fund,Insurance,2026-05-31,2.76
LIC MF Large Cap Fund,Mining & Mineral products,2026-05-31,0.98
LIC MF Large Cap Fund,Miscellaneous,2026-05-31,0.76
LIC MF Large Cap Fund,Pharmaceuticals,2026-05-31,2.61
LIC MF Large Cap Fund,Refineries,2026-05-31,5.12
LIC MF Large Cap Fund,Retail,2026-05-31,1.54
LIC MF Large Cap Fund,Steel,2026-05-31,2.78
LIC MF Large Cap Fund,Telecom-Service,2026-05-31,4.52
LIC MF Large Cap Fund,Textiles,2026-05-31,2.02
LIC MF Large Cap Fund,Tobacco Products,2026-05-31,3.87
Mahindra Manulife Large Cap Fund,Agro Chemicals,2025-08-31,0.52
Mahindra Manulife Large Cap Fund,Air Transport Service,2025-08-31,0.74
Mahindra Manulife Large Cap Fund,Automobile,2025-08-31,3.84
Mahindra Manulife Large Cap Fund,Banks,2025-08-31,25.65
Mahindra Manulife Large Cap Fund,Capital Goods - Electrical Equipment,2025-08-31,0.7
Mahindra Manulife Large Cap Fund,Cement,2025-08-31,0.48
Mahindra Manulife Large Cap Fund,Chemicals,2025-08-31,1.83
Mahindra Manulife Large Cap Fund,Consumer Durables,2025-08-31,2.41
Mahindra Manulife Large Cap Fund,Debt Others,2025-08-31,2.25
Mahindra Manulife Large Cap Fund,Diamond Gems and Jewellery,2025-08-31,1.83
Mahindra Manulife Large Cap Fund,E-Commerce/App based Aggregator,2025-08-31,2.19
Mahindra Manulife Large Cap Fund,FMCG,2025-08-31,5.76
Mahindra Manulife Large Cap Fund,Finance,2025-08-31,6.23
Mahindra Manulife Large Cap Fund,Healthcare,2025-08-31,0.3
Mahindra Manulife Large Cap Fund,IT - Software,2025-08-31,10.67
Mahindra Manulife Large Cap Fund,Infrastructure Developers & Operators,2025-08-31,4.28
Mahindra Manulife Large Cap Fund,Insurance,2025-08-31,2.26
Mahindra Manulife Large Cap Fund,Pharmaceuticals,2025-08-31,3.94
Mahindra Manulife Large Cap Fund,Power Generation & Distribution,2025-08-31,1.92
Mahindra Manulife Large Cap Fund,Preference n Warrants,2025-08-31,0.02
Mahindra Manulife Large Cap Fund,Quick Service Restaurant,2025-08-31,1.78
Mahindra Manulife Large Cap Fund,Readymade Garments/ Apparells,2025-08-31,1.35
Mahindra Manulife Large Cap Fund,Refineries,2025-08-31,6.84
Mahindra Manulife Large Cap Fund,Retail,2025-08-31,1.69
Mahindra Manulife Large Cap Fund,Steel,2025-08-31,1.51
Mahindra Manulife Large Cap Fund,Telecom-Service,2025-08-31,3.75
Mahindra Manulife Large Cap Fund,Textiles,2025-08-31,2.5
Mahindra Manulife Large Cap Fund,Tobacco Products,2025-08-31,2.76
Mahindra Manulife Large Cap Fund,Agro Chemicals,2025-09-30,0.5
Mahindra Manulife Large Cap Fund,Air Transport Service,2025-09-30,0.4
Mahindra Manulife Large Cap Fund,Automobile,2025-09-30,4.69
Mahindra Manulife Large Cap Fund,Banks,2025-09-30,28.3
Mahindra Manulife Large Cap Fund,Capital Goods - Electrical Equipment,2025-09-30,0.98
Mahindra Manulife Large Cap Fund,Chemicals,2025-09-30,1.45
Mahindra Manulife Large Cap Fund,Consumer Durables,2025-09-30,2.37
Mahindra Manulife Large Cap Fund,Debt Others,2025-09-30,1.71
Mahindra Manulife Large Cap Fund,Diamond Gems and Jewellery,2025-09-30,1.62
Mahindra Manulife Large Cap Fund,E-Commerce/App based Aggregator,2025-09-30,2.18
Mahindra Manulife Large Cap Fund,FMCG,2025-09-30,5.11
Mahindra Manulife Large Cap Fund,Finance,2025-09-30,6.53
Mahindra Manulife Large Cap Fund,IT - Software,2025-09-30,10.25
Mahindra Manulife Large Cap Fund,Infrastructure Developers & Operators,2025-09-30,4.34
Mahindra Manulife Large Cap Fund,Insurance,2025-09-30,2.26
Mahindra Manulife Large Cap Fund,Pharmaceuticals,2025-09-30,3.74
Mahindra Manulife Large Cap Fund,Power Generation & Distribution,2025-09-30,1.95
Mahindra Manulife Large Cap Fund,Preference n Warrants,2025-09-30,0.02
Mahindra Manulife Large Cap Fund,Quick Service Restaurant,2025-09-30,2.0
Mahindra Manulife Large Cap Fund,Readymade Garments/ Apparells,2025-09-30,1.41
Mahindra Manulife Large Cap Fund,Realty,2025-09-30,0.65
Mahindra Manulife Large Cap Fund,Refineries,2025-09-30,7.06
Mahindra Manulife Large Cap Fund,Retail,2025-09-30,1.59
Mahindra Manulife Large Cap Fund,Steel,2025-09-30,2.11
Mahindra Manulife Large Cap Fund,Telecom-Service,2025-09-30,3.73
Mahindra Manulife Large Cap Fund,Textiles,2025-09-30,2.48
Mahindra Manulife Large Cap Fund,Tobacco Products,2025-09-30,0.57
Mahindra Manulife Large Cap Fund,Agro Chemicals,2025-10-31,0.48
Mahindra Manulife Large Cap Fund,Air Transport Service,2025-10-31,0.38
Mahindra Manulife Large Cap Fund,Automobile,2025-10-31,4.76
Mahindra Manulife Large Cap Fund,Banks,2025-10-31,27.11
Mahindra Manulife Large Cap Fund,Capital Goods - Electrical Equipment,2025-10-31,0.92
Mahindra Manulife Large Cap Fund,Chemicals,2025-10-31,1.36
Mahindra Manulife Large Cap Fund,Consumer Durables,2025-10-31,2.34
Mahindra Manulife Large Cap Fund,Debt Others,2025-10-31,3.08
Mahindra Manulife Large Cap Fund,Diamond Gems and Jewellery,2025-10-31,2.03
Mahindra Manulife Large Cap Fund,E-Commerce/App based Aggregator,2025-10-31,2.1
Mahindra Manulife Large Cap Fund,FMCG,2025-10-31,4.77
Mahindra Manulife Large Cap Fund,Finance,2025-10-31,7.85
Mahindra Manulife Large Cap Fund,IT - Software,2025-10-31,10.14
Mahindra Manulife Large Cap Fund,Infrastructure Developers & Operators,2025-10-31,4.27
Mahindra Manulife Large Cap Fund,Insurance,2025-10-31,2.18
Mahindra Manulife Large Cap Fund,Pharmaceuticals,2025-10-31,3.73
Mahindra Manulife Large Cap Fund,Power Generation & Distribution,2025-10-31,1.57
Mahindra Manulife Large Cap Fund,Preference n Warrants,2025-10-31,0.02
Mahindra Manulife Large Cap Fund,Quick Service Restaurant,2025-10-31,1.95
Mahindra Manulife Large Cap Fund,Readymade Garments/ Apparells,2025-10-31,1.35
Mahindra Manulife Large Cap Fund,Realty,2025-10-31,0.99
Mahindra Manulife Large Cap Fund,Refineries,2025-10-31,7.35
Mahindra Manulife Large Cap Fund,Retail,2025-10-31,1.13
Mahindra Manulife Large Cap Fund,Steel,2025-10-31,1.96
Mahindra Manulife Large Cap Fund,Telecom Equipment & Infra Services,2025-10-31,0.59
Mahindra Manulife Large Cap Fund,Telecom-Service,2025-10-31,3.79
Mahindra Manulife Large Cap Fund,Textiles,2025-10-31,1.8
Mahindra Manulife Large Cap Fund,Agro Chemicals,2025-11-30,0.45
Mahindra Manulife Large Cap Fund,Automobile,2025-11-30,5.46
Mahindra Manulife Large Cap Fund,Banks,2025-11-30,27.22
Mahindra Manulife Large Cap Fund,Capital Goods - Electrical Equipment,2025-11-30,1.82
Mahindra Manulife Large Cap Fund,Chemicals,2025-11-30,2.35
Mahindra Manulife Large Cap Fund,Consumer Durables,2025-11-30,2.42
Mahindra Manulife Large Cap Fund,Debt Others,2025-11-30,0.5
Mahindra Manulife Large Cap Fund,Diamond Gems and Jewellery,2025-11-30,1.88
Mahindra Manulife Large Cap Fund,E-Commerce/App based Aggregator,2025-11-30,1.85
Mahindra Manulife Large Cap Fund,FMCG,2025-11-30,4.48
Mahindra Manulife Large Cap Fund,Finance,2025-11-30,8.16
Mahindra Manulife Large Cap Fund,IT - Software,2025-11-30,10.87
Mahindra Manulife Large Cap Fund,Infrastructure Developers & Operators,2025-11-30,4.25
Mahindra Manulife Large Cap Fund,Insurance,2025-11-30,2.39
Mahindra Manulife Large Cap Fund,Pharmaceuticals,2025-11-30,3.67
Mahindra Manulife Large Cap Fund,Power Generation & Distribution,2025-11-30,1.45
Mahindra Manulife Large Cap Fund,Preference n Warrants,2025-11-30,0.02
Mahindra Manulife Large Cap Fund,Quick Service Restaurant,2025-11-30,1.98
Mahindra Manulife Large Cap Fund,Readymade Garments/ Apparells,2025-11-30,1.28
Mahindra Manulife Large Cap Fund,Realty,2025-11-30,0.94
Mahindra Manulife Large Cap Fund,Refineries,2025-11-30,7.64
Mahindra Manulife Large Cap Fund,Retail,2025-11-30,1.07
Mahindra Manulife Large Cap Fund,Steel,2025-11-30,1.55
Mahindra Manulife Large Cap Fund,Stock/ Commodity Brokers,2025-11-30,0.21
Mahindra Manulife Large Cap Fund,Telecom Equipment & Infra Services,2025-11-30,1.24
Mahindra Manulife Large Cap Fund,Telecom-Service,2025-11-30,3.17
Mahindra Manulife Large Cap Fund,Textiles,2025-11-30,1.68
Mahindra Manulife Large Cap Fund,Agro Chemicals,2025-12-31,0.43
Mahindra Manulife Large Cap Fund,Automobile,2025-12-31,5.44
Mahindra Manulife Large Cap Fund,Banks,2025-12-31,26.63
Mahindra Manulife Large Cap Fund,Capital Goods - Electrical Equipment,2025-12-31,1.79
Mahindra Manulife Large Cap Fund,Chemicals,2025-12-31,2.39
Mahindra Manulife Large Cap Fund,Consumer Durables,2025-12-31,2.02
Mahindra Manulife Large Cap Fund,Crude Oil & Natural Gas,2025-12-31,0.73
Mahindra Manulife Large Cap Fund,Debt Others,2025-12-31,1.74
Mahindra Manulife Large Cap Fund,Diamond Gems and Jewellery,2025-12-31,1.93
Mahindra Manulife Large Cap Fund,E-Commerce/App based Aggregator,2025-12-31,1.85
Mahindra Manulife Large Cap Fund,FMCG,2025-12-31,4.89
Mahindra Manulife Large Cap Fund,Finance,2025-12-31,7.54
Mahindra Manulife Large Cap Fund,IT - Software,2025-12-31,10.78
Mahindra Manulife Large Cap Fund,Infrastructure Developers & Operators,2025-12-31,4.23
Mahindra Manulife Large Cap Fund,Insurance,2025-12-31,2.49
Mahindra Manulife Large Cap Fund,Other,2025-12-31,0.05
Mahindra Manulife Large Cap Fund,Pharmaceuticals,2025-12-31,3.57
Mahindra Manulife Large Cap Fund,Power Generation & Distribution,2025-12-31,1.41
Mahindra Manulife Large Cap Fund,Preference n Warrants,2025-12-31,0.02
Mahindra Manulife Large Cap Fund,Quick Service Restaurant,2025-12-31,1.98
Mahindra Manulife Large Cap Fund,Readymade Garments/ Apparells,2025-12-31,1.16
Mahindra Manulife Large Cap Fund,Realty,2025-12-31,0.88
Mahindra Manulife Large Cap Fund,Refineries,2025-12-31,7.59
Mahindra Manulife Large Cap Fund,Retail,2025-12-31,1.0
Mahindra Manulife Large Cap Fund,Steel,2025-12-31,1.1
Mahindra Manulife Large Cap Fund,Stock/ Commodity Brokers,2025-12-31,0.21
Mahindra Manulife Large Cap Fund,Telecom Equipment & Infra Services,2025-12-31,1.28
Mahindra Manulife Large Cap Fund,Telecom-Service,2025-12-31,3.15
Mahindra Manulife Large Cap Fund,Textiles,2025-12-31,1.72
Mahindra Manulife Large Cap Fund,Automobile,2026-01-31,5.23
Mahindra Manulife Large Cap Fund,Banks,2026-01-31,28.51
Mahindra Manulife Large Cap Fund,Capital Goods - Electrical Equipment,2026-01-31,1.09
Mahindra Manulife Large Cap Fund,Chemicals,2026-01-31,2.11
Mahindra Manulife Large Cap Fund,Consumer Durables,2026-01-31,2.02
Mahindra Manulife Large Cap Fund,Crude Oil & Natural Gas,2026-01-31,1.27
Mahindra Manulife Large Cap Fund,Debt Others,2026-01-31,0.91
Mahindra Manulife Large Cap Fund,Diamond Gems and Jewellery,2026-01-31,1.73
Mahindra Manulife Large Cap Fund,E-Commerce/App based Aggregator,2026-01-31,1.7
Mahindra Manulife Large Cap Fund,FMCG,2026-01-31,5.35
Mahindra Manulife Large Cap Fund,Finance,2026-01-31,7.53
Mahindra Manulife Large Cap Fund,IT - Software,2026-01-31,11.24
Mahindra Manulife Large Cap Fund,Infrastructure Developers & Operators,2026-01-31,3.97
Mahindra Manulife Large Cap Fund,Insurance,2026-01-31,2.26
Mahindra Manulife Large Cap Fund,Pharmaceuticals,2026-01-31,2.62
Mahindra Manulife Large Cap Fund,Power Generation & Distribution,2026-01-31,2.8
Mahindra Manulife Large Cap Fund,Preference n Warrants,2026-01-31,0.02
Mahindra Manulife Large Cap Fund,Quick Service Restaurant,2026-01-31,1.37
Mahindra Manulife Large Cap Fund,Readymade Garments/ Apparells,2026-01-31,1.09
Mahindra Manulife Large Cap Fund,Realty,2026-01-31,0.83
Mahindra Manulife Large Cap Fund,Refineries,2026-01-31,7.75
Mahindra Manulife Large Cap Fund,Retail,2026-01-31,1.4
Mahindra Manulife Large Cap Fund,Stock/ Commodity Brokers,2026-01-31,0.12
Mahindra Manulife Large Cap Fund,Telecom Equipment & Infra Services,2026-01-31,1.26
Mahindra Manulife Large Cap Fund,Telecom-Service,2026-01-31,4.07
Mahindra Manulife Large Cap Fund,Textiles,2026-01-31,1.75
Mahindra Manulife Large Cap Fund,Automobile,2026-02-28,6.34
Mahindra Manulife Large Cap Fund,Banks,2026-02-28,28.93
Mahindra Manulife Large Cap Fund,Capital Goods - Electrical Equipment,2026-02-28,1.21
Mahindra Manulife Large Cap Fund,Capital Goods-Non Electrical Equipment,2026-02-28,0.47
Mahindra Manulife Large Cap Fund,Chemicals,2026-02-28,2.28
Mahindra Manulife Large Cap Fund,Consumer Durables,2026-02-28,2.21
Mahindra Manulife Large Cap Fund,Crude Oil & Natural Gas,2026-02-28,1.46
Mahindra Manulife Large Cap Fund,Debt Others,2026-02-28,0.91
Mahindra Manulife Large Cap Fund,Diamond Gems and Jewellery,2026-02-28,1.89
Mahindra Manulife Large Cap Fund,E-Commerce/App based Aggregator,2026-02-28,1.52
Mahindra Manulife Large Cap Fund,FMCG,2026-02-28,5.44
Mahindra Manulife Large Cap Fund,Finance,2026-02-28,7.58
Mahindra Manulife Large Cap Fund,IT - Software,2026-02-28,9.25
Mahindra Manulife Large Cap Fund,Infrastructure Developers & Operators,2026-02-28,4.33
Mahindra Manulife Large Cap Fund,Insurance,2026-02-28,2.35
Mahindra Manulife Large Cap Fund,Pharmaceuticals,2026-02-28,1.95
Mahindra Manulife Large Cap Fund,Power Generation & Distribution,2026-02-28,2.66
Mahindra Manulife Large Cap Fund,Preference n Warrants,2026-02-28,0.02
Mahindra Manulife Large Cap Fund,Quick Service Restaurant,2026-02-28,0.88
Mahindra Manulife Large Cap Fund,Readymade Garments/ Apparells,2026-02-28,0.46
Mahindra Manulife Large Cap Fund,Realty,2026-02-28,0.79
Mahindra Manulife Large Cap Fund,Refineries,2026-02-28,7.77
Mahindra Manulife Large Cap Fund,Retail,2026-02-28,2.36
Mahindra Manulife Large Cap Fund,Telecom Equipment & Infra Services,2026-02-28,1.29
Mahindra Manulife Large Cap Fund,Telecom-Service,2026-02-28,3.9
Mahindra Manulife Large Cap Fund,Textiles,2026-02-28,1.75
Mahindra Manulife Large Cap Fund,Automobile,2026-03-31,5.37
Mahindra Manulife Large Cap Fund,Banks,2026-03-31,28.38
Mahindra Manulife Large Cap Fund,Chemicals,2026-03-31,2.28
Mahindra Manulife Large Cap Fund,Consumer Durables,2026-03-31,2.01
Mahindra Manulife Large Cap Fund,Crude Oil & Natural Gas,2026-03-31,1.68
Mahindra Manulife Large Cap Fund,Debt Others,2026-03-31,3.66
Mahindra Manulife Large Cap Fund,Diamond Gems and Jewellery,2026-03-31,1.75
Mahindra Manulife Large Cap Fund,E-Commerce/App based Aggregator,2026-03-31,1.58
Mahindra Manulife Large Cap Fund,FMCG,2026-03-31,5.14
Mahindra Manulife Large Cap Fund,Finance,2026-03-31,4.99
Mahindra Manulife Large Cap Fund,Healthcare,2026-03-31,0.81
Mahindra Manulife Large Cap Fund,IT - Software,2026-03-31,9.89
Mahindra Manulife Large Cap Fund,Infrastructure Developers & Operators,2026-03-31,4.27
Mahindra Manulife Large Cap Fund,Pharmaceuticals,2026-03-31,4.3
Mahindra Manulife Large Cap Fund,Power Generation & Distribution,2026-03-31,3.65
Mahindra Manulife Large Cap Fund,Preference n Warrants,2026-03-31,0.02
Mahindra Manulife Large Cap Fund,Refineries,2026-03-31,7.53
Mahindra Manulife Large Cap Fund,Retail,2026-03-31,2.89
Mahindra Manulife Large Cap Fund,Steel,2026-03-31,1.86
Mahindra Manulife Large Cap Fund,Telecom Equipment & Infra Services,2026-03-31,1.5
Mahindra Manulife Large Cap Fund,Telecom-Service,2026-03-31,4.64
Mahindra Manulife Large Cap Fund,Textiles,2026-03-31,1.8
Mahindra Manulife Large Cap Fund,Air Transport Service,2026-04-30,0.92
Mahindra Manulife Large Cap Fund,Automobile,2026-04-30,6.56
Mahindra Manulife Large Cap Fund,Banks,2026-04-30,28.02
Mahindra Manulife Large Cap Fund,Chemicals,2026-04-30,2.25
Mahindra Manulife Large Cap Fund,Consumer Durables,2026-04-30,1.66
Mahindra Manulife Large Cap Fund,Crude Oil & Natural Gas,2026-04-30,1.65
Mahindra Manulife Large Cap Fund,Debt Others,2026-04-30,3.0
Mahindra Manulife Large Cap Fund,Derivatives - Index,2026-04-30,0.02
Mahindra Manulife Large Cap Fund,Diamond Gems and Jewellery,2026-04-30,1.81
Mahindra Manulife Large Cap Fund,E-Commerce/App based Aggregator,2026-04-30,2.26
Mahindra Manulife Large Cap Fund,FMCG,2026-04-30,5.45
Mahindra Manulife Large Cap Fund,Finance,2026-04-30,5.33
Mahindra Manulife Large Cap Fund,Healthcare,2026-04-30,1.13
Mahindra Manulife Large Cap Fund,IT - Software,2026-04-30,9.24
Mahindra Manulife Large Cap Fund,Infrastructure Developers & Operators,2026-04-30,3.42
Mahindra Manulife Large Cap Fund,Pharmaceuticals,2026-04-30,4.88
Mahindra Manulife Large Cap Fund,Power Generation & Distribution,2026-04-30,3.97
Mahindra Manulife Large Cap Fund,Preference n Warrants,2026-04-30,0.02
Mahindra Manulife Large Cap Fund,Refineries,2026-04-30,5.53
Mahindra Manulife Large Cap Fund,Retail,2026-04-30,3.51
Mahindra Manulife Large Cap Fund,Steel,2026-04-30,1.91
Mahindra Manulife Large Cap Fund,Telecom Equipment & Infra Services,2026-04-30,1.37
Mahindra Manulife Large Cap Fund,Telecom-Service,2026-04-30,5.17
Mahindra Manulife Large Cap Fund,Textiles,2026-04-30,0.92
Mahindra Manulife Large Cap Fund,Aerospace & Defence,2026-05-31,0.81
Mahindra Manulife Large Cap Fund,Air Transport Service,2026-05-31,0.96
Mahindra Manulife Large Cap Fund,Automobile,2026-05-31,6.51
Mahindra Manulife Large Cap Fund,Banks,2026-05-31,27.33
Mahindra Manulife Large Cap Fund,Chemicals,2026-05-31,2.66
Mahindra Manulife Large Cap Fund,Consumer Durables,2026-05-31,1.61
Mahindra Manulife Large Cap Fund,Crude Oil & Natural Gas,2026-05-31,1.49
Mahindra Manulife Large Cap Fund,Debt Others,2026-05-31,4.78
Mahindra Manulife Large Cap Fund,Derivatives - Index,2026-05-31,0.03
Mahindra Manulife Large Cap Fund,Diamond Gems and Jewellery,2026-05-31,1.42
Mahindra Manulife Large Cap Fund,E-Commerce/App based Aggregator,2026-05-31,2.33
Mahindra Manulife Large Cap Fund,FMCG,2026-05-31,5.28
Mahindra Manulife Large Cap Fund,Finance,2026-05-31,5.41
Mahindra Manulife Large Cap Fund,Healthcare,2026-05-31,1.12
Mahindra Manulife Large Cap Fund,IT - Software,2026-05-31,9.06
Mahindra Manulife Large Cap Fund,Infrastructure Developers & Operators,2026-05-31,3.54
Mahindra Manulife Large Cap Fund,Insurance,2026-05-31,1.3
Mahindra Manulife Large Cap Fund,Pharmaceuticals,2026-05-31,4.6
Mahindra Manulife Large Cap Fund,Power Generation & Distribution,2026-05-31,2.5
Mahindra Manulife Large Cap Fund,Refineries,2026-05-31,5.21
Mahindra Manulife Large Cap Fund,Retail,2026-05-31,3.37
Mahindra Manulife Large Cap Fund,Steel,2026-05-31,1.01
Mahindra Manulife Large Cap Fund,Telecom Equipment & Infra Services,2026-05-31,1.51
Mahindra Manulife Large Cap Fund,Telecom-Service,2026-05-31,5.11
Mahindra Manulife Large Cap Fund,Textiles,2026-05-31,1.05
Mirae Asset Large Cap Fund,Aerospace & Defence,2025-08-31,0.36
Mirae Asset Large Cap Fund,Agro Chemicals,2025-08-31,0.63
Mirae Asset Large Cap Fund,Air Transport Service,2025-08-31,0.5
Mirae Asset Large Cap Fund,Auto Ancillaries,2025-08-31,0.65
Mirae Asset Large Cap Fund,Automobile,2025-08-31,6.45
Mirae Asset Large Cap Fund,Banks,2025-08-31,26.0
Mirae Asset Large Cap Fund,Bearings,2025-08-31,0.59
Mirae Asset Large Cap Fund,Capital Goods - Electrical Equipment,2025-08-31,0.5
Mirae Asset Large Cap Fund,Capital Goods-Non Electrical Equipment,2025-08-31,0.28
Mirae Asset Large Cap Fund,Cement,2025-08-31,1.63
Mirae Asset Large Cap Fund,Chemicals,2025-08-31,0.87
Mirae Asset Large Cap Fund,Consumer Durables,2025-08-31,0.82
Mirae Asset Large Cap Fund,Crude Oil & Natural Gas,2025-08-31,0.48
Mirae Asset Large Cap Fund,Debt Others,2025-08-31,0.36
Mirae Asset Large Cap Fund,Diamond Gems and Jewellery,2025-08-31,0.75
Mirae Asset Large Cap Fund,E-Commerce/App based Aggregator,2025-08-31,4.36
Mirae Asset Large Cap Fund,FMCG,2025-08-31,5.48
Mirae Asset Large Cap Fund,Finance,2025-08-31,2.94
Mirae Asset Large Cap Fund,Financial Services,2025-08-31,0.34
Mirae Asset Large Cap Fund,Gas Distribution,2025-08-31,0.83
Mirae Asset Large Cap Fund,Healthcare,2025-08-31,1.32
Mirae Asset Large Cap Fund,Hotels & Restaurants,2025-08-31,0.45
Mirae Asset Large Cap Fund,IT - Software,2025-08-31,10.63
Mirae Asset Large Cap Fund,Infrastructure Developers & Operators,2025-08-31,3.82
Mirae Asset Large Cap Fund,Insurance,2025-08-31,1.73
Mirae Asset Large Cap Fund,Marine Port & Services,2025-08-31,0.69
Mirae Asset Large Cap Fund,Mining & Mineral products,2025-08-31,1.63
Mirae Asset Large Cap Fund,Miscellaneous,2025-08-31,0.14
Mirae Asset Large Cap Fund,Mutual Fund Units,2025-08-31,0.0
Mirae Asset Large Cap Fund,Packaging,2025-08-31,0.33
Mirae Asset Large Cap Fund,Paints/Varnish,2025-08-31,1.38
Mirae Asset Large Cap Fund,Pharmaceuticals,2025-08-31,3.61
Mirae Asset Large Cap Fund,Power Generation & Distribution,2025-08-31,2.35
Mirae Asset Large Cap Fund,Quick Service Restaurant,2025-08-31,0.22
Mirae Asset Large Cap Fund,Realty,2025-08-31,0.6
Mirae Asset Large Cap Fund,Refineries,2025-08-31,5.05
Mirae Asset Large Cap Fund,Retail,2025-08-31,1.23
Mirae Asset Large Cap Fund,Steel,2025-08-31,1.69
Mirae Asset Large Cap Fund,Telecom-Service,2025-08-31,3.99
Mirae Asset Large Cap Fund,Tobacco Products,2025-08-31,4.33
Mirae Asset Large Cap Fund,Aerospace & Defence,2025-09-30,0.4
Mirae Asset Large Cap Fund,Agro Chemicals,2025-09-30,0.21
Mirae Asset Large Cap Fund,Air Transport Service,2025-09-30,0.5
Mirae Asset Large Cap Fund,Auto Ancillaries,2025-09-30,0.6
Mirae Asset Large Cap Fund,Automobile,2025-09-30,8.04
Mirae Asset Large Cap Fund,Banks,2025-09-30,26.29
Mirae Asset Large Cap Fund,Bearings,2025-09-30,0.61
Mirae Asset Large Cap Fund,Capital Goods - Electrical Equipment,2025-09-30,0.86
Mirae Asset Large Cap Fund,Capital Goods-Non Electrical Equipment,2025-09-30,0.29
Mirae Asset Large Cap Fund,Cement,2025-09-30,1.64
Mirae Asset Large Cap Fund,Chemicals,2025-09-30,0.93
Mirae Asset Large Cap Fund,Consumer Durables,2025-09-30,0.74
Mirae Asset Large Cap Fund,Crude Oil & Natural Gas,2025-09-30,0.49
Mirae Asset Large Cap Fund,Debt Others,2025-09-30,0.22
Mirae Asset Large Cap Fund,Diamond Gems and Jewellery,2025-09-30,0.7
Mirae Asset Large Cap Fund,E-Commerce/App based Aggregator,2025-09-30,4.12
Mirae Asset Large Cap Fund,FMCG,2025-09-30,5.04
Mirae Asset Large Cap Fund,Finance,2025-09-30,3.14
Mirae Asset Large Cap Fund,Financial Services,2025-09-30,0.33
Mirae Asset Large Cap Fund,Gas Distribution,2025-09-30,0.84
Mirae Asset Large Cap Fund,Healthcare,2025-09-30,1.28
Mirae Asset Large Cap Fund,Hotels & Restaurants,2025-09-30,0.57
Mirae Asset Large Cap Fund,IT - Software,2025-09-30,9.6
Mirae Asset Large Cap Fund,Infrastructure Developers & Operators,2025-09-30,3.86
Mirae Asset Large Cap Fund,Insurance,2025-09-30,1.45
Mirae Asset Large Cap Fund,Marine Port & Services,2025-09-30,0.73
Mirae Asset Large Cap Fund,Mining & Mineral products,2025-09-30,1.45
Mirae Asset Large Cap Fund,Miscellaneous,2025-09-30,0.07
Mirae Asset Large Cap Fund,Mutual Fund Units,2025-09-30,0.0
Mirae Asset Large Cap Fund,Packaging,2025-09-30,0.3
Mirae Asset Large Cap Fund,Paints/Varnish,2025-09-30,1.28
Mirae Asset Large Cap Fund,Pharmaceuticals,2025-09-30,3.61
Mirae Asset Large Cap Fund,Power Generation & Distribution,2025-09-30,2.44
Mirae Asset Large Cap Fund,Quick Service Restaurant,2025-09-30,0.21
Mirae Asset Large Cap Fund,Realty,2025-09-30,0.6
Mirae Asset Large Cap Fund,Refineries,2025-09-30,5.09
Mirae Asset Large Cap Fund,Retail,2025-09-30,1.14
Mirae Asset Large Cap Fund,Steel,2025-09-30,1.5
Mirae Asset Large Cap Fund,Telecom Equipment & Infra Services,2025-09-30,0.55
Mirae Asset Large Cap Fund,Telecom-Service,2025-09-30,3.96
Mirae Asset Large Cap Fund,Tobacco Products,2025-09-30,4.33
Mirae Asset Large Cap Fund,Aerospace & Defence,2025-10-31,0.4
Mirae Asset Large Cap Fund,Agro Chemicals,2025-10-31,0.21
Mirae Asset Large Cap Fund,Air Transport Service,2025-10-31,0.48
Mirae Asset Large Cap Fund,Auto Ancillaries,2025-10-31,0.67
Mirae Asset Large Cap Fund,Automobile,2025-10-31,7.63
Mirae Asset Large Cap Fund,Banks,2025-10-31,26.6
Mirae Asset Large Cap Fund,Bearings,2025-10-31,0.62
Mirae Asset Large Cap Fund,Capital Goods - Electrical Equipment,2025-10-31,1.17
Mirae Asset Large Cap Fund,Capital Goods-Non Electrical Equipment,2025-10-31,0.28
Mirae Asset Large Cap Fund,Cement,2025-10-31,1.57
Mirae Asset Large Cap Fund,Chemicals,2025-10-31,0.89
Mirae Asset Large Cap Fund,Consumer Durables,2025-10-31,0.7
Mirae Asset Large Cap Fund,Crude Oil & Natural Gas,2025-10-31,0.51
Mirae Asset Large Cap Fund,Debt Others,2025-10-31,0.35
Mirae Asset Large Cap Fund,Diamond Gems and Jewellery,2025-10-31,0.75
Mirae Asset Large Cap Fund,E-Commerce/App based Aggregator,2025-10-31,4.3
Mirae Asset Large Cap Fund,FMCG,2025-10-31,4.83
Mirae Asset Large Cap Fund,Finance,2025-10-31,3.07
Mirae Asset Large Cap Fund,Financial Services,2025-10-31,0.32
Mirae Asset Large Cap Fund,Gas Distribution,2025-10-31,0.84
Mirae Asset Large Cap Fund,Healthcare,2025-10-31,1.28
Mirae Asset Large Cap Fund,Hotels & Restaurants,2025-10-31,0.61
Mirae Asset Large Cap Fund,IT - Software,2025-10-31,9.48
Mirae Asset Large Cap Fund,Infrastructure Developers & Operators,2025-10-31,4.11
Mirae Asset Large Cap Fund,Insurance,2025-10-31,1.49
Mirae Asset Large Cap Fund,Marine Port & Services,2025-10-31,0.73
Mirae Asset Large Cap Fund,Mining & Mineral products,2025-10-31,0.98
Mirae Asset Large Cap Fund,Miscellaneous,2025-10-31,0.06
Mirae Asset Large Cap Fund,Mutual Fund Units,2025-10-31,0.0
Mirae Asset Large Cap Fund,Packaging,2025-10-31,0.28
Mirae Asset Large Cap Fund,Paints/Varnish,2025-10-31,1.32
Mirae Asset Large Cap Fund,Pharmaceuticals,2025-10-31,3.67
Mirae Asset Large Cap Fund,Power Generation & Distribution,2025-10-31,2.31
Mirae Asset Large Cap Fund,Quick Service Restaurant,2025-10-31,0.18
Mirae Asset Large Cap Fund,Realty,2025-10-31,0.85
Mirae Asset Large Cap Fund,Refineries,2025-10-31,5.34
Mirae Asset Large Cap Fund,Retail,2025-10-31,1.04
Mirae Asset Large Cap Fund,Steel,2025-10-31,1.05
Mirae Asset Large Cap Fund,Telecom Equipment & Infra Services,2025-10-31,0.52
Mirae Asset Large Cap Fund,Telecom-Service,2025-10-31,4.17
Mirae Asset Large Cap Fund,Tobacco Products,2025-10-31,4.37
Mirae Asset Large Cap Fund,Aerospace & Defence,2025-11-30,0.38
Mirae Asset Large Cap Fund,Air Transport Service,2025-11-30,0.5
Mirae Asset Large Cap Fund,Auto Ancillaries,2025-11-30,0.71
Mirae Asset Large Cap Fund,Automobile,2025-11-30,7.05
Mirae Asset Large Cap Fund,Banks,2025-11-30,26.87
Mirae Asset Large Cap Fund,Bearings,2025-11-30,0.61
Mirae Asset Large Cap Fund,Capital Goods - Electrical Equipment,2025-11-30,1.24
Mirae Asset Large Cap Fund,Capital Goods-Non Electrical Equipment,2025-11-30,0.26
Mirae Asset Large Cap Fund,Cement,2025-11-30,1.5
Mirae Asset Large Cap Fund,Chemicals,2025-11-30,0.97
Mirae Asset Large Cap Fund,Consumer Durables,2025-11-30,0.66
Mirae Asset Large Cap Fund,Crude Oil & Natural Gas,2025-11-30,0.47
Mirae Asset Large Cap Fund,Debt Others,2025-11-30,0.36
Mirae Asset Large Cap Fund,Diamond Gems and Jewellery,2025-11-30,0.77
Mirae Asset Large Cap Fund,E-Commerce/App based Aggregator,2025-11-30,4.64
Mirae Asset Large Cap Fund,FMCG,2025-11-30,5.19
Mirae Asset Large Cap Fund,Finance,2025-11-30,2.85
Mirae Asset Large Cap Fund,Financial Services,2025-11-30,0.32
Mirae Asset Large Cap Fund,Gas Distribution,2025-11-30,0.74
Mirae Asset Large Cap Fund,Healthcare,2025-11-30,1.36
Mirae Asset Large Cap Fund,Hotels & Restaurants,2025-11-30,0.78
Mirae Asset Large Cap Fund,IT - Software,2025-11-30,10.11
Mirae Asset Large Cap Fund,Infrastructure Developers & Operators,2025-11-30,4.14
Mirae Asset Large Cap Fund,Insurance,2025-11-30,1.19
Mirae Asset Large Cap Fund,Marine Port & Services,2025-11-30,0.75
Mirae Asset Large Cap Fund,Mining & Mineral products,2025-11-30,0.76
Mirae Asset Large Cap Fund,Mutual Fund Units,2025-11-30,0.15
Mirae Asset Large Cap Fund,Packaging,2025-11-30,0.28
Mirae Asset Large Cap Fund,Paints/Varnish,2025-11-30,1.45
Mirae Asset Large Cap Fund,Pharmaceuticals,2025-11-30,3.57
Mirae Asset Large Cap Fund,Power Generation & Distribution,2025-11-30,2.35
Mirae Asset Large Cap Fund,Quick Service Restaurant,2025-11-30,0.16
Mirae Asset Large Cap Fund,Realty,2025-11-30,0.79
Mirae Asset Large Cap Fund,Refineries,2025-11-30,5.34
Mirae Asset Large Cap Fund,Retail,2025-11-30,0.77
Mirae Asset Large Cap Fund,Steel,2025-11-30,0.81
Mirae Asset Large Cap Fund,Stock/ Commodity Brokers,2025-11-30,0.15
Mirae Asset Large Cap Fund,Telecom Equipment & Infra Services,2025-11-30,0.5
Mirae Asset Large Cap Fund,Telecom-Service,2025-11-30,4.3
Mirae Asset Large Cap Fund,Tobacco Products,2025-11-30,4.22
Mirae Asset Large Cap Fund,Aerospace & Defence,2025-12-31,0.37
Mirae Asset Large Cap Fund,Air Transport Service,2025-12-31,0.53
Mirae Asset Large Cap Fund,Auto Ancillaries,2025-12-31,0.66
Mirae Asset Large Cap Fund,Automobile,2025-12-31,6.76
Mirae Asset Large Cap Fund,Banks,2025-12-31,26.33
Mirae Asset Large Cap Fund,Bearings,2025-12-31,0.71
Mirae Asset Large Cap Fund,Capital Goods - Electrical Equipment,2025-12-31,1.16
Mirae Asset Large Cap Fund,Capital Goods-Non Electrical Equipment,2025-12-31,0.28
Mirae Asset Large Cap Fund,Cement,2025-12-31,1.52
Mirae Asset Large Cap Fund,Chemicals,2025-12-31,1.1
Mirae Asset Large Cap Fund,Consumer Durables,2025-12-31,0.53
Mirae Asset Large Cap Fund,Crude Oil & Natural Gas,2025-12-31,0.47
Mirae Asset Large Cap Fund,Debt Others,2025-12-31,0.61
Mirae Asset Large Cap Fund,Diamond Gems and Jewellery,2025-12-31,0.8
Mirae Asset Large Cap Fund,E-Commerce/App based Aggregator,2025-12-31,4.87
Mirae Asset Large Cap Fund,FMCG,2025-12-31,5.12
Mirae Asset Large Cap Fund,Finance,2025-12-31,2.91
Mirae Asset Large Cap Fund,Financial Services,2025-12-31,0.3
Mirae Asset Large Cap Fund,Gas Distribution,2025-12-31,0.74
Mirae Asset Large Cap Fund,Healthcare,2025-12-31,1.35
Mirae Asset Large Cap Fund,Hotels & Restaurants,2025-12-31,0.77
Mirae Asset Large Cap Fund,IT - Software,2025-12-31,9.99
Mirae Asset Large Cap Fund,Infrastructure Developers & Operators,2025-12-31,4.14
Mirae Asset Large Cap Fund,Insurance,2025-12-31,1.19
Mirae Asset Large Cap Fund,Marine Port & Services,2025-12-31,0.72
Mirae Asset Large Cap Fund,Mining & Mineral products,2025-12-31,0.59
Mirae Asset Large Cap Fund,Mutual Fund Units,2025-12-31,0.15
Mirae Asset Large Cap Fund,Other,2025-12-31,0.02
Mirae Asset Large Cap Fund,Packaging,2025-12-31,0.29
Mirae Asset Large Cap Fund,Paints/Varnish,2025-12-31,1.4
Mirae Asset Large Cap Fund,Pharmaceuticals,2025-12-31,3.53
Mirae Asset Large Cap Fund,Power Generation & Distribution,2025-12-31,2.72
Mirae Asset Large Cap Fund,Quick Service Restaurant,2025-12-31,0.16
Mirae Asset Large Cap Fund,Realty,2025-12-31,0.79
Mirae Asset Large Cap Fund,Refineries,2025-12-31,5.38
Mirae Asset Large Cap Fund,Retail,2025-12-31,1.22
Mirae Asset Large Cap Fund,Steel,2025-12-31,0.84
Mirae Asset Large Cap Fund,Stock/ Commodity Brokers,2025-12-31,0.08
Mirae Asset Large Cap Fund,Telecom Equipment & Infra Services,2025-12-31,0.35
Mirae Asset Large Cap Fund,Telecom-Service,2025-12-31,4.32
Mirae Asset Large Cap Fund,Tobacco Products,2025-12-31,4.21
Mirae Asset Large Cap Fund,Aerospace & Defence,2026-01-31,1.04
Mirae Asset Large Cap Fund,Air Transport Service,2026-01-31,0.55
Mirae Asset Large Cap Fund,Auto Ancillaries,2026-01-31,0.83
Mirae Asset Large Cap Fund,Automobile,2026-01-31,5.5
Mirae Asset Large Cap Fund,Banks,2026-01-31,27.59
Mirae Asset Large Cap Fund,Bearings,2026-01-31,0.74
Mirae Asset Large Cap Fund,Capital Goods - Electrical Equipment,2026-01-31,1.29
Mirae Asset Large Cap Fund,Capital Goods-Non Electrical Equipment,2026-01-31,0.27
Mirae Asset Large Cap Fund,Cement,2026-01-31,1.9
Mirae Asset Large Cap Fund,Chemicals,2026-01-31,1.07
Mirae Asset Large Cap Fund,Consumer Durables,2026-01-31,0.77
Mirae Asset Large Cap Fund,Crude Oil & Natural Gas,2026-01-31,0.54
Mirae Asset Large Cap Fund,Debt Others,2026-01-31,0.55
Mirae Asset Large Cap Fund,Diamond Gems and Jewellery,2026-01-31,0.81
Mirae Asset Large Cap Fund,E-Commerce/App based Aggregator,2026-01-31,5.0
Mirae Asset Large Cap Fund,FMCG,2026-01-31,4.68
Mirae Asset Large Cap Fund,Finance,2026-01-31,2.3
Mirae Asset Large Cap Fund,Financial Services,2026-01-31,0.3
Mirae Asset Large Cap Fund,Gas Distribution,2026-01-31,0.43
Mirae Asset Large Cap Fund,Healthcare,2026-01-31,1.44
Mirae Asset Large Cap Fund,Hotels & Restaurants,2026-01-31,0.78
Mirae Asset Large Cap Fund,IT - Software,2026-01-31,10.5
Mirae Asset Large Cap Fund,Infrastructure Developers & Operators,2026-01-31,4.08
Mirae Asset Large Cap Fund,Insurance,2026-01-31,1.0
Mirae Asset Large Cap Fund,Marine Port & Services,2026-01-31,0.73
Mirae Asset Large Cap Fund,Mining & Mineral products,2026-01-31,0.62
Mirae Asset Large Cap Fund,Mutual Fund Units,2026-01-31,0.0
Mirae Asset Large Cap Fund,Packaging,2026-01-31,0.27
Mirae Asset Large Cap Fund,Paints/Varnish,2026-01-31,1.27
Mirae Asset Large Cap Fund,Pharmaceuticals,2026-01-31,3.81
Mirae Asset Large Cap Fund,Power Generation & Distribution,2026-01-31,3.25
Mirae Asset Large Cap Fund,Quick Service Restaurant,2026-01-31,0.17
Mirae Asset Large Cap Fund,Realty,2026-01-31,1.33
Mirae Asset Large Cap Fund,Refineries,2026-01-31,4.97
Mirae Asset Large Cap Fund,Retail,2026-01-31,1.16
Mirae Asset Large Cap Fund,Steel,2026-01-31,0.68
Mirae Asset Large Cap Fund,Stock/ Commodity Brokers,2026-01-31,0.1
Mirae Asset Large Cap Fund,T Bills,2026-01-31,0.03
Mirae Asset Large Cap Fund,Telecom-Service,2026-01-31,4.47
Mirae Asset Large Cap Fund,Tobacco Products,2026-01-31,3.19
Mirae Asset Large Cap Fund,Aerospace & Defence,2026-02-28,1.06
Mirae Asset Large Cap Fund,Air Transport Service,2026-02-28,0.5
Mirae Asset Large Cap Fund,Auto Ancillaries,2026-02-28,0.77
Mirae Asset Large Cap Fund,Automobile,2026-02-28,5.6
Mirae Asset Large Cap Fund,Banks,2026-02-28,27.89
Mirae Asset Large Cap Fund,Bearings,2026-02-28,0.91
Mirae Asset Large Cap Fund,Capital Goods - Electrical Equipment,2026-02-28,1.43
Mirae Asset Large Cap Fund,Capital Goods-Non Electrical Equipment,2026-02-28,0.23
Mirae Asset Large Cap Fund,Cement,2026-02-28,1.88
Mirae Asset Large Cap Fund,Chemicals,2026-02-28,1.15
Mirae Asset Large Cap Fund,Consumer Durables,2026-02-28,0.77
Mirae Asset Large Cap Fund,Crude Oil & Natural Gas,2026-02-28,0.57
Mirae Asset Large Cap Fund,Debt Others,2026-02-28,0.75
Mirae Asset Large Cap Fund,Diamond Gems and Jewellery,2026-02-28,0.99
Mirae Asset Large Cap Fund,E-Commerce/App based Aggregator,2026-02-28,5.02
Mirae Asset Large Cap Fund,FMCG,2026-02-28,4.68
Mirae Asset Large Cap Fund,Finance,2026-02-28,2.32
Mirae Asset Large Cap Fund,Financial Services,2026-02-28,0.3
Mirae Asset Large Cap Fund,Gas Distribution,2026-02-28,0.44
Mirae Asset Large Cap Fund,Healthcare,2026-02-28,1.45
Mirae Asset Large Cap Fund,Hotels & Restaurants,2026-02-28,0.77
Mirae Asset Large Cap Fund,IT - Software,2026-02-28,8.1
Mirae Asset Large Cap Fund,Infrastructure Developers & Operators,2026-02-28,4.53
Mirae Asset Large Cap Fund,Insurance,2026-02-28,1.02
Mirae Asset Large Cap Fund,Marine Port & Services,2026-02-28,0.78
Mirae Asset Large Cap Fund,Mining & Mineral products,2026-02-28,0.66
Mirae Asset Large Cap Fund,Mutual Fund Units,2026-02-28,0.0
Mirae Asset Large Cap Fund,Packaging,2026-02-28,0.31
Mirae Asset Large Cap Fund,Paints/Varnish,2026-02-28,1.41
Mirae Asset Large Cap Fund,Pharmaceuticals,2026-02-28,3.98
Mirae Asset Large Cap Fund,Power Generation & Distribution,2026-02-28,3.41
Mirae Asset Large Cap Fund,Quick Service Restaurant,2026-02-28,0.17
Mirae Asset Large Cap Fund,Realty,2026-02-28,1.35
Mirae Asset Large Cap Fund,Refineries,2026-02-28,4.99
Mirae Asset Large Cap Fund,Retail,2026-02-28,1.36
Mirae Asset Large Cap Fund,Steel,2026-02-28,0.75
Mirae Asset Large Cap Fund,T Bills,2026-02-28,0.03
Mirae Asset Large Cap Fund,Telecom-Service,2026-02-28,4.55
Mirae Asset Large Cap Fund,Tobacco Products,2026-02-28,3.12
Mirae Asset Large Cap Fund,Aerospace & Defence,2026-03-31,0.84
Mirae Asset Large Cap Fund,Air Transport Service,2026-03-31,0.58
Mirae Asset Large Cap Fund,Auto Ancillaries,2026-03-31,0.79
Mirae Asset Large Cap Fund,Automobile,2026-03-31,5.62
Mirae Asset Large Cap Fund,Banks,2026-03-31,27.04
Mirae Asset Large Cap Fund,Bearings,2026-03-31,0.81
Mirae Asset Large Cap Fund,Capital Goods - Electrical Equipment,2026-03-31,1.43
Mirae Asset Large Cap Fund,Capital Goods-Non Electrical Equipment,2026-03-31,0.21
Mirae Asset Large Cap Fund,Cement,2026-03-31,1.8
Mirae Asset Large Cap Fund,Chemicals,2026-03-31,1.22
Mirae Asset Large Cap Fund,Consumer Durables,2026-03-31,0.65
Mirae Asset Large Cap Fund,Crude Oil & Natural Gas,2026-03-31,0.44
Mirae Asset Large Cap Fund,Debt Others,2026-03-31,0.52
Mirae Asset Large Cap Fund,Diamond Gems and Jewellery,2026-03-31,1.03
Mirae Asset Large Cap Fund,E-Commerce/App based Aggregator,2026-03-31,5.21
Mirae Asset Large Cap Fund,FMCG,2026-03-31,4.72
Mirae Asset Large Cap Fund,Finance,2026-03-31,2.7
Mirae Asset Large Cap Fund,Financial Services,2026-03-31,0.31
Mirae Asset Large Cap Fund,Gas Distribution,2026-03-31,0.39
Mirae Asset Large Cap Fund,Govt. Securities,2026-03-31,0.01
Mirae Asset Large Cap Fund,Healthcare,2026-03-31,1.46
Mirae Asset Large Cap Fund,Hotels & Restaurants,2026-03-31,0.83
Mirae Asset Large Cap Fund,IT - Software,2026-03-31,8.32
Mirae Asset Large Cap Fund,Infrastructure Developers & Operators,2026-03-31,3.85
Mirae Asset Large Cap Fund,Insurance,2026-03-31,1.01
Mirae Asset Large Cap Fund,Marine Port & Services,2026-03-31,0.81
Mirae Asset Large Cap Fund,Mutual Fund Units,2026-03-31,0.0
Mirae Asset Large Cap Fund,Non Ferrous Metals,2026-03-31,0.68
Mirae Asset Large Cap Fund,Packaging,2026-03-31,0.33
Mirae Asset Large Cap Fund,Paints/Varnish,2026-03-31,1.46
Mirae Asset Large Cap Fund,Pharmaceuticals,2026-03-31,3.78
Mirae Asset Large Cap Fund,Power Generation & Distribution,2026-03-31,3.45
Mirae Asset Large Cap Fund,Quick Service Restaurant,2026-03-31,0.17
Mirae Asset Large Cap Fund,Realty,2026-03-31,1.27
Mirae Asset Large Cap Fund,Refineries,2026-03-31,5.92
Mirae Asset Large Cap Fund,Retail,2026-03-31,1.51
Mirae Asset Large Cap Fund,Steel,2026-03-31,0.76
Mirae Asset Large Cap Fund,T Bills,2026-03-31,0.05
Mirae Asset Large Cap Fund,Telecom-Service,2026-03-31,5.1
Mirae Asset Large Cap Fund,Tobacco Products,2026-03-31,2.9
Mirae Asset Large Cap Fund,Aerospace & Defence,2026-04-30,0.53
Mirae Asset Large Cap Fund,Air Transport Service,2026-04-30,0.46
Mirae Asset Large Cap Fund,Auto Ancillaries,2026-04-30,0.89
Mirae Asset Large Cap Fund,Automobile,2026-04-30,5.79
Mirae Asset Large Cap Fund,Banks,2026-04-30,26.37
Mirae Asset Large Cap Fund,Bearings,2026-04-30,0.73
Mirae Asset Large Cap Fund,Capital Goods - Electrical Equipment,2026-04-30,1.05
Mirae Asset Large Cap Fund,Capital Goods-Non Electrical Equipment,2026-04-30,0.26
Mirae Asset Large Cap Fund,Cement,2026-04-30,1.84
Mirae Asset Large Cap Fund,Chemicals,2026-04-30,1.67
Mirae Asset Large Cap Fund,Consumer Durables,2026-04-30,0.44
Mirae Asset Large Cap Fund,Crude Oil & Natural Gas,2026-04-30,0.23
Mirae Asset Large Cap Fund,Debt Others,2026-04-30,0.34
Mirae Asset Large Cap Fund,Diamond Gems and Jewellery,2026-04-30,1.06
Mirae Asset Large Cap Fund,E-Commerce/App based Aggregator,2026-04-30,5.09
Mirae Asset Large Cap Fund,FMCG,2026-04-30,4.71
Mirae Asset Large Cap Fund,Finance,2026-04-30,3.34
Mirae Asset Large Cap Fund,Financial Services,2026-04-30,0.26
Mirae Asset Large Cap Fund,Gas Distribution,2026-04-30,0.43
Mirae Asset Large Cap Fund,Healthcare,2026-04-30,1.39
Mirae Asset Large Cap Fund,Hotels & Restaurants,2026-04-30,0.85
Mirae Asset Large Cap Fund,IT - Software,2026-04-30,7.14
Mirae Asset Large Cap Fund,Infrastructure Developers & Operators,2026-04-30,4.1
Mirae Asset Large Cap Fund,Insurance,2026-04-30,1.78
Mirae Asset Large Cap Fund,Marine Port & Services,2026-04-30,0.94
Mirae Asset Large Cap Fund,Mutual Fund Units,2026-04-30,0.0
Mirae Asset Large Cap Fund,Non Ferrous Metals,2026-04-30,0.55
Mirae Asset Large Cap Fund,Other,2026-04-30,0.99
Mirae Asset Large Cap Fund,Packaging,2026-04-30,0.34
Mirae Asset Large Cap Fund,Paints/Varnish,2026-04-30,1.6
Mirae Asset Large Cap Fund,Pharmaceuticals,2026-04-30,3.55
Mirae Asset Large Cap Fund,Power Generation & Distribution,2026-04-30,3.39
Mirae Asset Large Cap Fund,Quick Service Restaurant,2026-04-30,0.18
Mirae Asset Large Cap Fund,Realty,2026-04-30,1.45
Mirae Asset Large Cap Fund,Refineries,2026-04-30,6.49
Mirae Asset Large Cap Fund,Retail,2026-04-30,1.38
Mirae Asset Large Cap Fund,Steel,2026-04-30,0.52
Mirae Asset Large Cap Fund,T Bills,2026-04-30,0.03
Mirae Asset Large Cap Fund,Telecom-Service,2026-04-30,4.99
Mirae Asset Large Cap Fund,Tobacco Products,2026-04-30,2.83
Mirae Asset Large Cap Fund,Aerospace & Defence,2026-05-31,0.43
Mirae Asset Large Cap Fund,Air Transport Service,2026-05-31,0.48
Mirae Asset Large Cap Fund,Auto Ancillaries,2026-05-31,0.82
Mirae Asset Large Cap Fund,Automobile,2026-05-31,6.17
Mirae Asset Large Cap Fund,Banks,2026-05-31,25.93
Mirae Asset Large Cap Fund,Bearings,2026-05-31,0.71
Mirae Asset Large Cap Fund,Capital Goods - Electrical Equipment,2026-05-31,0.78
Mirae Asset Large Cap Fund,Capital Goods-Non Electrical Equipment,2026-05-31,0.29
Mirae Asset Large Cap Fund,Cement,2026-05-31,1.37
Mirae Asset Large Cap Fund,Chemicals,2026-05-31,1.61
Mirae Asset Large Cap Fund,Consumer Durables,2026-05-31,0.46
Mirae Asset Large Cap Fund,Crude Oil & Natural Gas,2026-05-31,0.46
Mirae Asset Large Cap Fund,Debt Others,2026-05-31,1.07
Mirae Asset Large Cap Fund,Diamond Gems and Jewellery,2026-05-31,1.0
Mirae Asset Large Cap Fund,E-Commerce/App based Aggregator,2026-05-31,5.02
Mirae Asset Large Cap Fund,FMCG,2026-05-31,4.76
Mirae Asset Large Cap Fund,Finance,2026-05-31,3.84
Mirae Asset Large Cap Fund,Financial Services,2026-05-31,0.27
Mirae Asset Large Cap Fund,Gas Distribution,2026-05-31,0.45
Mirae Asset Large Cap Fund,Healthcare,2026-05-31,1.39
Mirae Asset Large Cap Fund,Hotels & Restaurants,2026-05-31,0.89
Mirae Asset Large Cap Fund,IT - Software,2026-05-31,6.97
Mirae Asset Large Cap Fund,Infrastructure Developers & Operators,2026-05-31,4.17
Mirae Asset Large Cap Fund,Infrastructure Investment Trusts,2026-05-31,0.0
Mirae Asset Large Cap Fund,Insurance,2026-05-31,2.25
Mirae Asset Large Cap Fund,Marine Port & Services,2026-05-31,0.99
Mirae Asset Large Cap Fund,Media - Print/Television/Radio,2026-05-31,0.0
Mirae Asset Large Cap Fund,Mutual Fund Units,2026-05-31,0.0
Mirae Asset Large Cap Fund,Non Ferrous Metals,2026-05-31,0.25
Mirae Asset Large Cap Fund,Packaging,2026-05-31,0.32
Mirae Asset Large Cap Fund,Paints/Varnish,2026-05-31,1.61
Mirae Asset Large Cap Fund,Pharmaceuticals,2026-05-31,2.88
Mirae Asset Large Cap Fund,Power Generation & Distribution,2026-05-31,3.58
Mirae Asset Large Cap Fund,Quick Service Restaurant,2026-05-31,0.2
Mirae Asset Large Cap Fund,Real Estate Investment Trusts,2026-05-31,0.01
Mirae Asset Large Cap Fund,Realty,2026-05-31,1.44
Mirae Asset Large Cap Fund,Refineries,2026-05-31,6.54
Mirae Asset Large Cap Fund,Retail,2026-05-31,1.36
Mirae Asset Large Cap Fund,Steel,2026-05-31,0.99
Mirae Asset Large Cap Fund,Stock/ Commodity Brokers,2026-05-31,0.45
Mirae Asset Large Cap Fund,T Bills,2026-05-31,0.04
Mirae Asset Large Cap Fund,Telecom-Service,2026-05-31,5.32
Mirae Asset Large Cap Fund,Tobacco Products,2026-05-31,2.42
Mirae Asset Large Cap Fund,Trading,2026-05-31,0.0
Motilal Oswal Large Cap Fund,Air Transport Service,2025-08-31,1.67
Motilal Oswal Large Cap Fund,Auto Ancillaries,2025-08-31,1.29
Motilal Oswal Large Cap Fund,Automobile,2025-08-31,4.39
Motilal Oswal Large Cap Fund,Banks,2025-08-31,23.96
Motilal Oswal Large Cap Fund,Capital Goods - Electrical Equipment,2025-08-31,1.95
Motilal Oswal Large Cap Fund,Capital Goods-Non Electrical Equipment,2025-08-31,0.25
Motilal Oswal Large Cap Fund,Cement,2025-08-31,1.12
Motilal Oswal Large Cap Fund,Chemicals,2025-08-31,1.39
Motilal Oswal Large Cap Fund,Crude Oil & Natural Gas,2025-08-31,1.3
Motilal Oswal Large Cap Fund,Debt Others,2025-08-31,2.29
Motilal Oswal Large Cap Fund,Diamond Gems and Jewellery,2025-08-31,1.44
Motilal Oswal Large Cap Fund,E-Commerce/App based Aggregator,2025-08-31,1.51
Motilal Oswal Large Cap Fund,Education,2025-08-31,0.42
Motilal Oswal Large Cap Fund,Electronics,2025-08-31,0.13
Motilal Oswal Large Cap Fund,FMCG,2025-08-31,1.44
Motilal Oswal Large Cap Fund,Finance,2025-08-31,7.76
Motilal Oswal Large Cap Fund,Hotels & Restaurants,2025-08-31,2.01
Motilal Oswal Large Cap Fund,IT - Software,2025-08-31,9.41
Motilal Oswal Large Cap Fund,Infrastructure Developers & Operators,2025-08-31,3.2
Motilal Oswal Large Cap Fund,Insurance,2025-08-31,1.47
Motilal Oswal Large Cap Fund,Logistics,2025-08-31,0.46
Motilal Oswal Large Cap Fund,Miscellaneous,2025-08-31,0.57
Motilal Oswal Large Cap Fund,Pharmaceuticals,2025-08-31,1.3
Motilal Oswal Large Cap Fund,Power Generation & Distribution,2025-08-31,3.02
Motilal Oswal Large Cap Fund,Printing & Stationery,2025-08-31,0.85
Motilal Oswal Large Cap Fund,Quick Service Restaurant,2025-08-31,1.18
Motilal Oswal Large Cap Fund,Realty,2025-08-31,3.07
Motilal Oswal Large Cap Fund,Refineries,2025-08-31,6.78
Motilal Oswal Large Cap Fund,Retail,2025-08-31,0.78
Motilal Oswal Large Cap Fund,Steel,2025-08-31,1.62
Motilal Oswal Large Cap Fund,Telecom Equipment & Infra Services,2025-08-31,1.38
Motilal Oswal Large Cap Fund,Telecom-Service,2025-08-31,5.19
Motilal Oswal Large Cap Fund,Textiles,2025-08-31,1.44
Motilal Oswal Large Cap Fund,Tobacco Products,2025-08-31,2.73
Motilal Oswal Large Cap Fund,Trading,2025-08-31,1.22
Motilal Oswal Large Cap Fund,Air Transport Service,2025-09-30,1.61
Motilal Oswal Large Cap Fund,Auto Ancillaries,2025-09-30,1.43
Motilal Oswal Large Cap Fund,Automobile,2025-09-30,4.6
Motilal Oswal Large Cap Fund,Banks,2025-09-30,23.94
Motilal Oswal Large Cap Fund,Capital Goods - Electrical Equipment,2025-09-30,2.02
Motilal Oswal Large Cap Fund,Cement,2025-09-30,0.51
Motilal Oswal Large Cap Fund,Chemicals,2025-09-30,1.33
Motilal Oswal Large Cap Fund,Crude Oil & Natural Gas,2025-09-30,1.29
Motilal Oswal Large Cap Fund,Debt Others,2025-09-30,3.96
Motilal Oswal Large Cap Fund,Diamond Gems and Jewellery,2025-09-30,1.19
Motilal Oswal Large Cap Fund,E-Commerce/App based Aggregator,2025-09-30,1.52
Motilal Oswal Large Cap Fund,Education,2025-09-30,0.35
Motilal Oswal Large Cap Fund,Electronics,2025-09-30,0.07
Motilal Oswal Large Cap Fund,Engineering,2025-09-30,0.27
Motilal Oswal Large Cap Fund,FMCG,2025-09-30,1.28
Motilal Oswal Large Cap Fund,Finance,2025-09-30,8.27
Motilal Oswal Large Cap Fund,Hotels & Restaurants,2025-09-30,1.48
Motilal Oswal Large Cap Fund,IT - Software,2025-09-30,8.62
Motilal Oswal Large Cap Fund,Infrastructure Developers & Operators,2025-09-30,3.16
Motilal Oswal Large Cap Fund,Insurance,2025-09-30,1.42
Motilal Oswal Large Cap Fund,Miscellaneous,2025-09-30,0.27
Motilal Oswal Large Cap Fund,Non Ferrous Metals,2025-09-30,0.14
Motilal Oswal Large Cap Fund,Pharmaceuticals,2025-09-30,1.26
Motilal Oswal Large Cap Fund,Plywood Boards/Laminates,2025-09-30,0.91
Motilal Oswal Large Cap Fund,Power Generation & Distribution,2025-09-30,3.02
Motilal Oswal Large Cap Fund,Power Infrastructure,2025-09-30,1.0
Motilal Oswal Large Cap Fund,Printing & Stationery,2025-09-30,0.8
Motilal Oswal Large Cap Fund,Quick Service Restaurant,2025-09-30,1.11
Motilal Oswal Large Cap Fund,Realty,2025-09-30,2.98
Motilal Oswal Large Cap Fund,Refineries,2025-09-30,6.63
Motilal Oswal Large Cap Fund,Retail,2025-09-30,0.67
Motilal Oswal Large Cap Fund,Steel,2025-09-30,1.35
Motilal Oswal Large Cap Fund,Telecom Equipment & Infra Services,2025-09-30,1.36
Motilal Oswal Large Cap Fund,Telecom-Service,2025-09-30,5.02
Motilal Oswal Large Cap Fund,Textiles,2025-09-30,1.39
Motilal Oswal Large Cap Fund,Tobacco Products,2025-09-30,2.6
Motilal Oswal Large Cap Fund,Trading,2025-09-30,1.2
Motilal Oswal Large Cap Fund,Air Transport Service,2025-10-31,1.53
Motilal Oswal Large Cap Fund,Auto Ancillaries,2025-10-31,1.34
Motilal Oswal Large Cap Fund,Automobile,2025-10-31,4.4
Motilal Oswal Large Cap Fund,Banks,2025-10-31,23.46
Motilal Oswal Large Cap Fund,Capital Goods - Electrical Equipment,2025-10-31,1.9
Motilal Oswal Large Cap Fund,Cement,2025-10-31,0.47
Motilal Oswal Large Cap Fund,Crude Oil & Natural Gas,2025-10-31,1.3
Motilal Oswal Large Cap Fund,Debt Others,2025-10-31,2.88
Motilal Oswal Large Cap Fund,Diamond Gems and Jewellery,2025-10-31,1.12
Motilal Oswal Large Cap Fund,E-Commerce/App based Aggregator,2025-10-31,1.4
Motilal Oswal Large Cap Fund,FMCG,2025-10-31,1.28
Motilal Oswal Large Cap Fund,Finance,2025-10-31,11.2
Motilal Oswal Large Cap Fund,Hotels & Restaurants,2025-10-31,1.42
Motilal Oswal Large Cap Fund,IT - Software,2025-10-31,9.03
Motilal Oswal Large Cap Fund,Infrastructure Developers & Operators,2025-10-31,3.55
Motilal Oswal Large Cap Fund,Insurance,2025-10-31,2.25
Motilal Oswal Large Cap Fund,Miscellaneous,2025-10-31,0.25
Motilal Oswal Large Cap Fund,Pharmaceuticals,2025-10-31,1.26
Motilal Oswal Large Cap Fund,Plywood Boards/Laminates,2025-10-31,1.09
Motilal Oswal Large Cap Fund,Power Generation & Distribution,2025-10-31,2.87
Motilal Oswal Large Cap Fund,Power Infrastructure,2025-10-31,0.97
Motilal Oswal Large Cap Fund,Printing & Stationery,2025-10-31,0.81
Motilal Oswal Large Cap Fund,Quick Service Restaurant,2025-10-31,0.91
Motilal Oswal Large Cap Fund,Realty,2025-10-31,2.85
Motilal Oswal Large Cap Fund,Refineries,2025-10-31,7.07
Motilal Oswal Large Cap Fund,Retail,2025-10-31,0.64
Motilal Oswal Large Cap Fund,Steel,2025-10-31,1.11
Motilal Oswal Large Cap Fund,Telecom Equipment & Infra Services,2025-10-31,1.36
Motilal Oswal Large Cap Fund,Telecom-Service,2025-10-31,5.18
Motilal Oswal Large Cap Fund,Textiles,2025-10-31,1.38
Motilal Oswal Large Cap Fund,Tobacco Products,2025-10-31,2.57
Motilal Oswal Large Cap Fund,Trading,2025-10-31,1.14
Motilal Oswal Large Cap Fund,Air Transport Service,2025-11-30,1.56
Motilal Oswal Large Cap Fund,Auto Ancillaries,2025-11-30,2.04
Motilal Oswal Large Cap Fund,Automobile,2025-11-30,4.41
Motilal Oswal Large Cap Fund,Banks,2025-11-30,23.38
Motilal Oswal Large Cap Fund,Capital Goods - Electrical Equipment,2025-11-30,1.68
Motilal Oswal Large Cap Fund,Cement,2025-11-30,0.39
Motilal Oswal Large Cap Fund,Consumer Durables,2025-11-30,1.34
Motilal Oswal Large Cap Fund,Crude Oil & Natural Gas,2025-11-30,1.2
Motilal Oswal Large Cap Fund,Debt Others,2025-11-30,1.27
Motilal Oswal Large Cap Fund,Diamond Gems and Jewellery,2025-11-30,0.9
Motilal Oswal Large Cap Fund,E-Commerce/App based Aggregator,2025-11-30,1.29
Motilal Oswal Large Cap Fund,FMCG,2025-11-30,1.27
Motilal Oswal Large Cap Fund,Finance,2025-11-30,9.01
Motilal Oswal Large Cap Fund,Hotels & Restaurants,2025-11-30,1.35
Motilal Oswal Large Cap Fund,IT - Software,2025-11-30,10.27
Motilal Oswal Large Cap Fund,Infrastructure Developers & Operators,2025-11-30,3.36
Motilal Oswal Large Cap Fund,Insurance,2025-11-30,2.23
Motilal Oswal Large Cap Fund,Pharmaceuticals,2025-11-30,3.39
Motilal Oswal Large Cap Fund,Plywood Boards/Laminates,2025-11-30,1.14
Motilal Oswal Large Cap Fund,Power Generation & Distribution,2025-11-30,2.66
Motilal Oswal Large Cap Fund,Power Infrastructure,2025-11-30,1.01
Motilal Oswal Large Cap Fund,Printing & Stationery,2025-11-30,0.97
Motilal Oswal Large Cap Fund,Quick Service Restaurant,2025-11-30,0.82
Motilal Oswal Large Cap Fund,Realty,2025-11-30,2.93
Motilal Oswal Large Cap Fund,Refineries,2025-11-30,7.23
Motilal Oswal Large Cap Fund,Retail,2025-11-30,0.56
Motilal Oswal Large Cap Fund,Steel,2025-11-30,1.0
Motilal Oswal Large Cap Fund,Telecom Equipment & Infra Services,2025-11-30,1.45
Motilal Oswal Large Cap Fund,Telecom-Service,2025-11-30,5.14
Motilal Oswal Large Cap Fund,Textiles,2025-11-30,1.26
Motilal Oswal Large Cap Fund,Tobacco Products,2025-11-30,2.4
Motilal Oswal Large Cap Fund,Trading,2025-11-30,1.09
Motilal Oswal Large Cap Fund,Air Transport Service,2025-12-31,1.32
Motilal Oswal Large Cap Fund,Auto Ancillaries,2025-12-31,1.97
Motilal Oswal Large Cap Fund,Automobile,2025-12-31,4.43
Motilal Oswal Large Cap Fund,Banks,2025-12-31,22.83
Motilal Oswal Large Cap Fund,Capital Goods - Electrical Equipment,2025-12-31,1.6
Motilal Oswal Large Cap Fund,Cement,2025-12-31,0.4
Motilal Oswal Large Cap Fund,Chemicals,2025-12-31,0.97
Motilal Oswal Large Cap Fund,Consumer Durables,2025-12-31,1.32
Motilal Oswal Large Cap Fund,Crude Oil & Natural Gas,2025-12-31,1.18
Motilal Oswal Large Cap Fund,Debt Others,2025-12-31,1.22
Motilal Oswal Large Cap Fund,Diamond Gems and Jewellery,2025-12-31,0.92
Motilal Oswal Large Cap Fund,E-Commerce/App based Aggregator,2025-12-31,1.81
Motilal Oswal Large Cap Fund,FMCG,2025-12-31,1.28
Motilal Oswal Large Cap Fund,Finance,2025-12-31,10.66
Motilal Oswal Large Cap Fund,Hotels & Restaurants,2025-12-31,1.33
Motilal Oswal Large Cap Fund,IT - Software,2025-12-31,10.39
Motilal Oswal Large Cap Fund,Infrastructure Developers & Operators,2025-12-31,3.2
Motilal Oswal Large Cap Fund,Insurance,2025-12-31,1.94
Motilal Oswal Large Cap Fund,Pharmaceuticals,2025-12-31,3.0
Motilal Oswal Large Cap Fund,Plywood Boards/Laminates,2025-12-31,1.02
Motilal Oswal Large Cap Fund,Power Generation & Distribution,2025-12-31,2.7
Motilal Oswal Large Cap Fund,Power Infrastructure,2025-12-31,0.98
Motilal Oswal Large Cap Fund,Printing & Stationery,2025-12-31,1.04
Motilal Oswal Large Cap Fund,Quick Service Restaurant,2025-12-31,0.82
Motilal Oswal Large Cap Fund,Realty,2025-12-31,2.8
Motilal Oswal Large Cap Fund,Refineries,2025-12-31,7.17
Motilal Oswal Large Cap Fund,Retail,2025-12-31,0.56
Motilal Oswal Large Cap Fund,Steel,2025-12-31,0.91
Motilal Oswal Large Cap Fund,Telecom Equipment & Infra Services,2025-12-31,1.5
Motilal Oswal Large Cap Fund,Telecom-Service,2025-12-31,5.1
Motilal Oswal Large Cap Fund,Textiles,2025-12-31,1.29
Motilal Oswal Large Cap Fund,Tobacco Products,2025-12-31,1.31
Motilal Oswal Large Cap Fund,Trading,2025-12-31,1.04
Motilal Oswal Large Cap Fund,Air Transport Service,2026-01-31,1.2
Motilal Oswal Large Cap Fund,Auto Ancillaries,2026-01-31,1.71
Motilal Oswal Large Cap Fund,Automobile,2026-01-31,4.0
Motilal Oswal Large Cap Fund,Banks,2026-01-31,24.36
Motilal Oswal Large Cap Fund,Capital Goods - Electrical Equipment,2026-01-31,1.45
Motilal Oswal Large Cap Fund,Cement,2026-01-31,0.38
Motilal Oswal Large Cap Fund,Chemicals,2026-01-31,0.97
Motilal Oswal Large Cap Fund,Co-Working,2026-01-31,1.15
Motilal Oswal Large Cap Fund,Consumer Durables,2026-01-31,1.14
Motilal Oswal Large Cap Fund,Crude Oil & Natural Gas,2026-01-31,1.32
Motilal Oswal Large Cap Fund,Debt Others,2026-01-31,0.55
Motilal Oswal Large Cap Fund,Derivatives - Index,2026-01-31,3.26
Motilal Oswal Large Cap Fund,Diamond Gems and Jewellery,2026-01-31,0.91
Motilal Oswal Large Cap Fund,E-Commerce/App based Aggregator,2026-01-31,1.16
Motilal Oswal Large Cap Fund,FMCG,2026-01-31,1.23
Motilal Oswal Large Cap Fund,Finance,2026-01-31,9.55
Motilal Oswal Large Cap Fund,Hotels & Restaurants,2026-01-31,1.23
Motilal Oswal Large Cap Fund,IT - Software,2026-01-31,10.45
Motilal Oswal Large Cap Fund,Infrastructure Developers & Operators,2026-01-31,3.34
Motilal Oswal Large Cap Fund,Insurance,2026-01-31,1.44
Motilal Oswal Large Cap Fund,Logistics,2026-01-31,1.05
Motilal Oswal Large Cap Fund,Pharmaceuticals,2026-01-31,2.96
Motilal Oswal Large Cap Fund,Plywood Boards/Laminates,2026-01-31,0.72
Motilal Oswal Large Cap Fund,Power Generation & Distribution,2026-01-31,2.95
Motilal Oswal Large Cap Fund,Power Infrastructure,2026-01-31,0.81
Motilal Oswal Large Cap Fund,Printing & Stationery,2026-01-31,0.99
Motilal Oswal Large Cap Fund,Quick Service Restaurant,2026-01-31,0.83
Motilal Oswal Large Cap Fund,Realty,2026-01-31,1.35
Motilal Oswal Large Cap Fund,Refineries,2026-01-31,6.61
Motilal Oswal Large Cap Fund,Retail,2026-01-31,0.49
Motilal Oswal Large Cap Fund,Steel,2026-01-31,0.86
Motilal Oswal Large Cap Fund,Telecom Equipment & Infra Services,2026-01-31,1.6
Motilal Oswal Large Cap Fund,Telecom-Service,2026-01-31,4.77
Motilal Oswal Large Cap Fund,Textiles,2026-01-31,1.29
Motilal Oswal Large Cap Fund,Tobacco Products,2026-01-31,1.05
Motilal Oswal Large Cap Fund,Trading,2026-01-31,0.86
Motilal Oswal Large Cap Fund,Air Transport Service,2026-02-28,1.19
Motilal Oswal Large Cap Fund,Auto Ancillaries,2026-02-28,1.54
Motilal Oswal Large Cap Fund,Automobile,2026-02-28,3.78
Motilal Oswal Large Cap Fund,Banks,2026-02-28,23.11
Motilal Oswal Large Cap Fund,Capital Goods - Electrical Equipment,2026-02-28,1.69
Motilal Oswal Large Cap Fund,Cement,2026-02-28,0.39
Motilal Oswal Large Cap Fund,Chemicals,2026-02-28,0.99
Motilal Oswal Large Cap Fund,Co-Working,2026-02-28,1.11
Motilal Oswal Large Cap Fund,Consumer Durables,2026-02-28,1.28
Motilal Oswal Large Cap Fund,Crude Oil & Natural Gas,2026-02-28,1.29
Motilal Oswal Large Cap Fund,Debt Others,2026-02-28,0.2
Motilal Oswal Large Cap Fund,Derivatives - Index,2026-02-28,8.14
Motilal Oswal Large Cap Fund,Diamond Gems and Jewellery,2026-02-28,0.93
Motilal Oswal Large Cap Fund,E-Commerce/App based Aggregator,2026-02-28,0.99
Motilal Oswal Large Cap Fund,FMCG,2026-02-28,1.11
Motilal Oswal Large Cap Fund,Finance,2026-02-28,8.89
Motilal Oswal Large Cap Fund,Hotels & Restaurants,2026-02-28,1.17
Motilal Oswal Large Cap Fund,IT - Software,2026-02-28,8.52
Motilal Oswal Large Cap Fund,Infrastructure Developers & Operators,2026-02-28,3.43
Motilal Oswal Large Cap Fund,Insurance,2026-02-28,1.38
Motilal Oswal Large Cap Fund,Logistics,2026-02-28,1.13
Motilal Oswal Large Cap Fund,Pharmaceuticals,2026-02-28,2.84
Motilal Oswal Large Cap Fund,Plywood Boards/Laminates,2026-02-28,0.76
Motilal Oswal Large Cap Fund,Power Generation & Distribution,2026-02-28,3.11
Motilal Oswal Large Cap Fund,Power Infrastructure,2026-02-28,0.88
Motilal Oswal Large Cap Fund,Printing & Stationery,2026-02-28,0.96
Motilal Oswal Large Cap Fund,Quick Service Restaurant,2026-02-28,0.98
Motilal Oswal Large Cap Fund,Realty,2026-02-28,1.21
Motilal Oswal Large Cap Fund,Refineries,2026-02-28,6.23
Motilal Oswal Large Cap Fund,Retail,2026-02-28,0.55
Motilal Oswal Large Cap Fund,Steel,2026-02-28,0.89
Motilal Oswal Large Cap Fund,Telecom Equipment & Infra Services,2026-02-28,1.54
Motilal Oswal Large Cap Fund,Telecom-Service,2026-02-28,4.3
Motilal Oswal Large Cap Fund,Textiles,2026-02-28,1.21
Motilal Oswal Large Cap Fund,Tobacco Products,2026-02-28,0.97
Motilal Oswal Large Cap Fund,Trading,2026-02-28,1.24
Motilal Oswal Large Cap Fund,Air Transport Service,2026-03-31,1.1
Motilal Oswal Large Cap Fund,Auto Ancillaries,2026-03-31,1.37
Motilal Oswal Large Cap Fund,Automobile,2026-03-31,3.85
Motilal Oswal Large Cap Fund,Banks,2026-03-31,24.7
Motilal Oswal Large Cap Fund,Capital Goods - Electrical Equipment,2026-03-31,1.73
Motilal Oswal Large Cap Fund,Cement,2026-03-31,0.39
Motilal Oswal Large Cap Fund,Chemicals,2026-03-31,1.07
Motilal Oswal Large Cap Fund,Co-Working,2026-03-31,1.02
Motilal Oswal Large Cap Fund,Consumer Durables,2026-03-31,1.38
Motilal Oswal Large Cap Fund,Debt Others,2026-03-31,0.55
Motilal Oswal Large Cap Fund,Derivatives - Index,2026-03-31,3.42
Motilal Oswal Large Cap Fund,Diamond Gems and Jewellery,2026-03-31,1.38
Motilal Oswal Large Cap Fund,E-Commerce/App based Aggregator,2026-03-31,1.04
Motilal Oswal Large Cap Fund,FMCG,2026-03-31,1.07
Motilal Oswal Large Cap Fund,Finance,2026-03-31,9.16
Motilal Oswal Large Cap Fund,Hotels & Restaurants,2026-03-31,1.26
Motilal Oswal Large Cap Fund,IT - Software,2026-03-31,9.22
Motilal Oswal Large Cap Fund,Infrastructure Developers & Operators,2026-03-31,3.42
Motilal Oswal Large Cap Fund,Insurance,2026-03-31,1.36
Motilal Oswal Large Cap Fund,Logistics,2026-03-31,1.21
Motilal Oswal Large Cap Fund,Pharmaceuticals,2026-03-31,3.43
Motilal Oswal Large Cap Fund,Plywood Boards/Laminates,2026-03-31,0.73
Motilal Oswal Large Cap Fund,Power Generation & Distribution,2026-03-31,3.45
Motilal Oswal Large Cap Fund,Power Infrastructure,2026-03-31,0.79
Motilal Oswal Large Cap Fund,Printing & Stationery,2026-03-31,1.04
Motilal Oswal Large Cap Fund,Quick Service Restaurant,2026-03-31,1.0
Motilal Oswal Large Cap Fund,Realty,2026-03-31,1.14
Motilal Oswal Large Cap Fund,Refineries,2026-03-31,7.5
Motilal Oswal Large Cap Fund,Retail,2026-03-31,0.57
Motilal Oswal Large Cap Fund,Steel,2026-03-31,0.91
Motilal Oswal Large Cap Fund,Telecom Equipment & Infra Services,2026-03-31,1.6
Motilal Oswal Large Cap Fund,Telecom-Service,2026-03-31,4.61
Motilal Oswal Large Cap Fund,Textiles,2026-03-31,1.25
Motilal Oswal Large Cap Fund,Tobacco Products,2026-03-31,1.0
Motilal Oswal Large Cap Fund,Trading,2026-03-31,1.28
Motilal Oswal Large Cap Fund,Air Transport Service,2026-04-30,1.08
Motilal Oswal Large Cap Fund,Auto Ancillaries,2026-04-30,1.43
Motilal Oswal Large Cap Fund,Automobile,2026-04-30,3.7
Motilal Oswal Large Cap Fund,Banks,2026-04-30,24.03
Motilal Oswal Large Cap Fund,Capital Goods - Electrical Equipment,2026-04-30,1.94
Motilal Oswal Large Cap Fund,Co-Working,2026-04-30,1.25
Motilal Oswal Large Cap Fund,Consumer Durables,2026-04-30,1.55
Motilal Oswal Large Cap Fund,Debt Others,2026-04-30,-0.01
Motilal Oswal Large Cap Fund,Derivatives - Index,2026-04-30,3.32
Motilal Oswal Large Cap Fund,Diamond Gems and Jewellery,2026-04-30,1.38
Motilal Oswal Large Cap Fund,E-Commerce/App based Aggregator,2026-04-30,1.01
Motilal Oswal Large Cap Fund,FMCG,2026-04-30,1.3
Motilal Oswal Large Cap Fund,Finance,2026-04-30,11.14
Motilal Oswal Large Cap Fund,Hotels & Restaurants,2026-04-30,1.38
Motilal Oswal Large Cap Fund,IT - Software,2026-04-30,8.68
Motilal Oswal Large Cap Fund,Infrastructure Developers & Operators,2026-04-30,3.54
Motilal Oswal Large Cap Fund,Insurance,2026-04-30,1.26
Motilal Oswal Large Cap Fund,Logistics,2026-04-30,1.58
Motilal Oswal Large Cap Fund,Pharmaceuticals,2026-04-30,3.12
Motilal Oswal Large Cap Fund,Plywood Boards/Laminates,2026-04-30,0.85
Motilal Oswal Large Cap Fund,Power Generation & Distribution,2026-04-30,3.72
Motilal Oswal Large Cap Fund,Power Infrastructure,2026-04-30,0.98
Motilal Oswal Large Cap Fund,Printing & Stationery,2026-04-30,1.06
Motilal Oswal Large Cap Fund,Quick Service Restaurant,2026-04-30,1.07
Motilal Oswal Large Cap Fund,Realty,2026-04-30,1.2
Motilal Oswal Large Cap Fund,Refineries,2026-04-30,7.22
Motilal Oswal Large Cap Fund,Retail,2026-04-30,0.65
Motilal Oswal Large Cap Fund,Steel,2026-04-30,1.09
Motilal Oswal Large Cap Fund,Telecom Equipment & Infra Services,2026-04-30,1.42
Motilal Oswal Large Cap Fund,Telecom-Service,2026-04-30,4.42
Motilal Oswal Large Cap Fund,Textiles,2026-04-30,1.23
Motilal Oswal Large Cap Fund,Tobacco Products,2026-04-30,0.99
Motilal Oswal Large Cap Fund,Trading,2026-04-30,1.4
Motilal Oswal Large Cap Fund,Air Transport Service,2026-05-31,1.13
Motilal Oswal Large Cap Fund,Auto Ancillaries,2026-05-31,1.75
Motilal Oswal Large Cap Fund,Automobile,2026-05-31,3.7
Motilal Oswal Large Cap Fund,Banks,2026-05-31,24.02
Motilal Oswal Large Cap Fund,Capital Goods - Electrical Equipment,2026-05-31,2.23
Motilal Oswal Large Cap Fund,Co-Working,2026-05-31,1.19
Motilal Oswal Large Cap Fund,Consumer Durables,2026-05-31,1.32
Motilal Oswal Large Cap Fund,Debt Others,2026-05-31,0.33
Motilal Oswal Large Cap Fund,Derivatives - Index,2026-05-31,0.99
Motilal Oswal Large Cap Fund,Diamond Gems and Jewellery,2026-05-31,1.31
Motilal Oswal Large Cap Fund,E-Commerce/App based Aggregator,2026-05-31,1.29
Motilal Oswal Large Cap Fund,FMCG,2026-05-31,1.36
Motilal Oswal Large Cap Fund,Finance,2026-05-31,11.13
Motilal Oswal Large Cap Fund,Hotels & Restaurants,2026-05-31,1.28
Motilal Oswal Large Cap Fund,IT - Software,2026-05-31,8.39
Motilal Oswal Large Cap Fund,Infrastructure Developers & Operators,2026-05-31,3.66
Motilal Oswal Large Cap Fund,Insurance,2026-05-31,1.29
Motilal Oswal Large Cap Fund,Logistics,2026-05-31,1.44
Motilal Oswal Large Cap Fund,Mining & Mineral products,2026-05-31,2.16
Motilal Oswal Large Cap Fund,Pharmaceuticals,2026-05-31,3.27
Motilal Oswal Large Cap Fund,Plywood Boards/Laminates,2026-05-31,0.82
Motilal Oswal Large Cap Fund,Power Generation & Distribution,2026-05-31,3.57
Motilal Oswal Large Cap Fund,Power Infrastructure,2026-05-31,1.06
Motilal Oswal Large Cap Fund,Printing & Stationery,2026-05-31,0.79
Motilal Oswal Large Cap Fund,Quick Service Restaurant,2026-05-31,1.15
Motilal Oswal Large Cap Fund,Realty,2026-05-31,1.23
Motilal Oswal Large Cap Fund,Refineries,2026-05-31,6.78
Motilal Oswal Large Cap Fund,Retail,2026-05-31,0.68
Motilal Oswal Large Cap Fund,Steel,2026-05-31,0.97
Motilal Oswal Large Cap Fund,Telecom Equipment & Infra Services,2026-05-31,1.56
Motilal Oswal Large Cap Fund,Telecom-Service,2026-05-31,4.36
Motilal Oswal Large Cap Fund,Textiles,2026-05-31,1.4
Motilal Oswal Large Cap Fund,Tobacco Products,2026-05-31,0.92
Motilal Oswal Large Cap Fund,Trading,2026-05-31,1.47
Nippon India Large Cap Fund,Air Transport Service,2025-08-31,1.43
Nippon India Large Cap Fund,Alcoholic Beverages,2025-08-31,0.18
Nippon India Large Cap Fund,Auto Ancillaries,2025-08-31,0.78
Nippon India Large Cap Fund,Automobile,2025-08-31,6.22
Nippon India Large Cap Fund,Banks,2025-08-31,22.46
Nippon India Large Cap Fund,Capital Goods - Electrical Equipment,2025-08-31,4.5
Nippon India Large Cap Fund,Castings Forgings & Fastners,2025-08-31,0.23
Nippon India Large Cap Fund,Cement,2025-08-31,2.44
Nippon India Large Cap Fund,Chemicals,2025-08-31,0.31
Nippon India Large Cap Fund,Consumer Durables,2025-08-31,0.68
Nippon India Large Cap Fund,Debt Others,2025-08-31,1.54
Nippon India Large Cap Fund,E-Commerce/App based Aggregator,2025-08-31,2.87
Nippon India Large Cap Fund,Electronics,2025-08-31,0.34
Nippon India Large Cap Fund,Entertainment,2025-08-31,0.24
Nippon India Large Cap Fund,FMCG,2025-08-31,4.2
Nippon India Large Cap Fund,Finance,2025-08-31,5.21
Nippon India Large Cap Fund,Hotels & Restaurants,2025-08-31,3.64
Nippon India Large Cap Fund,IT - Software,2025-08-31,6.81
Nippon India Large Cap Fund,Infrastructure Developers & Operators,2025-08-31,3.52
Nippon India Large Cap Fund,Insurance,2025-08-31,3.02
Nippon India Large Cap Fund,Mining & Mineral products,2025-08-31,1.0
Nippon India Large Cap Fund,Miscellaneous,2025-08-31,0.83
Nippon India Large Cap Fund,Paints/Varnish,2025-08-31,1.17
Nippon India Large Cap Fund,Pharmaceuticals,2025-08-31,4.86
Nippon India Large Cap Fund,Plantation & Plantation Products,2025-08-31,0.93
Nippon India Large Cap Fund,Power Generation & Distribution,2025-08-31,6.17
Nippon India Large Cap Fund,Quick Service Restaurant,2025-08-31,0.51
Nippon India Large Cap Fund,Refineries,2025-08-31,6.19
Nippon India Large Cap Fund,Retail,2025-08-31,3.31
Nippon India Large Cap Fund,Steel,2025-08-31,0.94
Nippon India Large Cap Fund,Textiles,2025-08-31,0.25
Nippon India Large Cap Fund,Tobacco Products,2025-08-31,3.22
Nippon India Large Cap Fund,Air Transport Service,2025-09-30,1.37
Nippon India Large Cap Fund,Alcoholic Beverages,2025-09-30,0.28
Nippon India Large Cap Fund,Auto Ancillaries,2025-09-30,1.14
Nippon India Large Cap Fund,Automobile,2025-09-30,6.88
Nippon India Large Cap Fund,Banks,2025-09-30,22.55
Nippon India Large Cap Fund,Capital Goods - Electrical Equipment,2025-09-30,4.52
Nippon India Large Cap Fund,Castings Forgings & Fastners,2025-09-30,0.25
Nippon India Large Cap Fund,Cement,2025-09-30,2.31
Nippon India Large Cap Fund,Chemicals,2025-09-30,0.29
Nippon India Large Cap Fund,Consumer Durables,2025-09-30,0.65
Nippon India Large Cap Fund,Debt Others,2025-09-30,0.88
Nippon India Large Cap Fund,E-Commerce/App based Aggregator,2025-09-30,2.82
Nippon India Large Cap Fund,Electronics,2025-09-30,0.31
Nippon India Large Cap Fund,Entertainment,2025-09-30,0.22
Nippon India Large Cap Fund,FMCG,2025-09-30,3.91
Nippon India Large Cap Fund,Finance,2025-09-30,5.46
Nippon India Large Cap Fund,Hotels & Restaurants,2025-09-30,3.3
Nippon India Large Cap Fund,IT - Software,2025-09-30,7.09
Nippon India Large Cap Fund,Infrastructure Developers & Operators,2025-09-30,3.47
Nippon India Large Cap Fund,Insurance,2025-09-30,2.93
Nippon India Large Cap Fund,Mining & Mineral products,2025-09-30,1.07
Nippon India Large Cap Fund,Miscellaneous,2025-09-30,0.79
Nippon India Large Cap Fund,Paints/Varnish,2025-09-30,1.06
Nippon India Large Cap Fund,Pharmaceuticals,2025-09-30,4.97
Nippon India Large Cap Fund,Plantation & Plantation Products,2025-09-30,1.0
Nippon India Large Cap Fund,Power Generation & Distribution,2025-09-30,5.96
Nippon India Large Cap Fund,Quick Service Restaurant,2025-09-30,0.48
Nippon India Large Cap Fund,Refineries,2025-09-30,6.03
Nippon India Large Cap Fund,Retail,2025-09-30,3.59
Nippon India Large Cap Fund,Steel,2025-09-30,1.13
Nippon India Large Cap Fund,Textiles,2025-09-30,0.24
Nippon India Large Cap Fund,Tobacco Products,2025-09-30,3.05
Nippon India Large Cap Fund,Air Transport Service,2025-10-31,1.31
Nippon India Large Cap Fund,Alcoholic Beverages,2025-10-31,0.26
Nippon India Large Cap Fund,Auto Ancillaries,2025-10-31,1.08
Nippon India Large Cap Fund,Automobile,2025-10-31,6.65
Nippon India Large Cap Fund,Banks,2025-10-31,23.16
Nippon India Large Cap Fund,Capital Goods - Electrical Equipment,2025-10-31,4.37
Nippon India Large Cap Fund,Castings Forgings & Fastners,2025-10-31,0.26
Nippon India Large Cap Fund,Cement,2025-10-31,2.27
Nippon India Large Cap Fund,Chemicals,2025-10-31,0.27
Nippon India Large Cap Fund,Consumer Durables,2025-10-31,0.69
Nippon India Large Cap Fund,Debt Others,2025-10-31,1.04
Nippon India Large Cap Fund,Diamond Gems and Jewellery,2025-10-31,0.53
Nippon India Large Cap Fund,E-Commerce/App based Aggregator,2025-10-31,2.17
Nippon India Large Cap Fund,Electronics,2025-10-31,0.3
Nippon India Large Cap Fund,Entertainment,2025-10-31,0.24
Nippon India Large Cap Fund,FMCG,2025-10-31,3.82
Nippon India Large Cap Fund,Finance,2025-10-31,5.52
Nippon India Large Cap Fund,Hotels & Restaurants,2025-10-31,3.24
Nippon India Large Cap Fund,IT - Software,2025-10-31,7.09
Nippon India Large Cap Fund,Infrastructure Developers & Operators,2025-10-31,3.63
Nippon India Large Cap Fund,Insurance,2025-10-31,2.9
Nippon India Large Cap Fund,Mining & Mineral products,2025-10-31,1.08
Nippon India Large Cap Fund,Miscellaneous,2025-10-31,0.69
Nippon India Large Cap Fund,Paints/Varnish,2025-10-31,1.08
Nippon India Large Cap Fund,Pharmaceuticals,2025-10-31,5.14
Nippon India Large Cap Fund,Plantation & Plantation Products,2025-10-31,0.98
Nippon India Large Cap Fund,Power Generation & Distribution,2025-10-31,5.69
Nippon India Large Cap Fund,Quick Service Restaurant,2025-10-31,0.44
Nippon India Large Cap Fund,Refineries,2025-10-31,6.25
Nippon India Large Cap Fund,Retail,2025-10-31,3.41
Nippon India Large Cap Fund,Steel,2025-10-31,1.16
Nippon India Large Cap Fund,Textiles,2025-10-31,0.24
Nippon India Large Cap Fund,Tobacco Products,2025-10-31,3.04
Nippon India Large Cap Fund,Air Transport Service,2025-11-30,1.34
Nippon India Large Cap Fund,Alcoholic Beverages,2025-11-30,0.24
Nippon India Large Cap Fund,Auto Ancillaries,2025-11-30,1.39
Nippon India Large Cap Fund,Automobile,2025-11-30,6.95
Nippon India Large Cap Fund,Banks,2025-11-30,24.02
Nippon India Large Cap Fund,Capital Goods - Electrical Equipment,2025-11-30,4.16
Nippon India Large Cap Fund,Castings Forgings & Fastners,2025-11-30,0.2
Nippon India Large Cap Fund,Cement,2025-11-30,2.11
Nippon India Large Cap Fund,Chemicals,2025-11-30,0.26
Nippon India Large Cap Fund,Consumer Durables,2025-11-30,0.61
Nippon India Large Cap Fund,Debt Others,2025-11-30,0.45
Nippon India Large Cap Fund,Diamond Gems and Jewellery,2025-11-30,0.46
Nippon India Large Cap Fund,E-Commerce/App based Aggregator,2025-11-30,1.98
Nippon India Large Cap Fund,Electronics,2025-11-30,0.22
Nippon India Large Cap Fund,Entertainment,2025-11-30,0.2
Nippon India Large Cap Fund,FMCG,2025-11-30,3.81
Nippon India Large Cap Fund,Finance,2025-11-30,5.18
Nippon India Large Cap Fund,Hotels & Restaurants,2025-11-30,3.01
Nippon India Large Cap Fund,IT - Software,2025-11-30,7.46
Nippon India Large Cap Fund,Infrastructure Developers & Operators,2025-11-30,3.56
Nippon India Large Cap Fund,Insurance,2025-11-30,3.13
Nippon India Large Cap Fund,Mining & Mineral products,2025-11-30,1.27
Nippon India Large Cap Fund,Miscellaneous,2025-11-30,0.73
Nippon India Large Cap Fund,Paints/Varnish,2025-11-30,0.94
Nippon India Large Cap Fund,Pharmaceuticals,2025-11-30,5.86
Nippon India Large Cap Fund,Plantation & Plantation Products,2025-11-30,0.96
Nippon India Large Cap Fund,Power Generation & Distribution,2025-11-30,5.48
Nippon India Large Cap Fund,Quick Service Restaurant,2025-11-30,0.36
Nippon India Large Cap Fund,Refineries,2025-11-30,6.09
Nippon India Large Cap Fund,Retail,2025-11-30,3.37
Nippon India Large Cap Fund,Steel,2025-11-30,1.03
Nippon India Large Cap Fund,Textiles,2025-11-30,0.33
Nippon India Large Cap Fund,Tobacco Products,2025-11-30,2.84
Nippon India Large Cap Fund,Air Transport Service,2025-12-31,1.13
Nippon India Large Cap Fund,Alcoholic Beverages,2025-12-31,0.23
Nippon India Large Cap Fund,Auto Ancillaries,2025-12-31,1.5
Nippon India Large Cap Fund,Automobile,2025-12-31,7.04
Nippon India Large Cap Fund,Banks,2025-12-31,24.02
Nippon India Large Cap Fund,Capital Goods - Electrical Equipment,2025-12-31,4.07
Nippon India Large Cap Fund,Castings Forgings & Fastners,2025-12-31,0.2
Nippon India Large Cap Fund,Cement,2025-12-31,2.24
Nippon India Large Cap Fund,Chemicals,2025-12-31,0.25
Nippon India Large Cap Fund,Consumer Durables,2025-12-31,0.6
Nippon India Large Cap Fund,Debt Others,2025-12-31,0.69
Nippon India Large Cap Fund,Diamond Gems and Jewellery,2025-12-31,0.47
Nippon India Large Cap Fund,E-Commerce/App based Aggregator,2025-12-31,1.85
Nippon India Large Cap Fund,Electronics,2025-12-31,0.21
Nippon India Large Cap Fund,Entertainment,2025-12-31,0.19
Nippon India Large Cap Fund,FMCG,2025-12-31,3.91
Nippon India Large Cap Fund,Finance,2025-12-31,5.21
Nippon India Large Cap Fund,Hotels & Restaurants,2025-12-31,3.01
Nippon India Large Cap Fund,IT - Software,2025-12-31,7.89
Nippon India Large Cap Fund,Infrastructure Developers & Operators,2025-12-31,3.53
Nippon India Large Cap Fund,Insurance,2025-12-31,3.13
Nippon India Large Cap Fund,Mining & Mineral products,2025-12-31,0.91
Nippon India Large Cap Fund,Miscellaneous,2025-12-31,0.71
Nippon India Large Cap Fund,Other,2025-12-31,0.04
Nippon India Large Cap Fund,Paints/Varnish,2025-12-31,0.7
Nippon India Large Cap Fund,Pharmaceuticals,2025-12-31,5.93
Nippon India Large Cap Fund,Plantation & Plantation Products,2025-12-31,0.97
Nippon India Large Cap Fund,Power Generation & Distribution,2025-12-31,5.22
Nippon India Large Cap Fund,Quick Service Restaurant,2025-12-31,0.39
Nippon India Large Cap Fund,Refineries,2025-12-31,6.03
Nippon India Large Cap Fund,Retail,2025-12-31,3.49
Nippon India Large Cap Fund,Steel,2025-12-31,1.1
Nippon India Large Cap Fund,Textiles,2025-12-31,0.34
Nippon India Large Cap Fund,Tobacco Products,2025-12-31,2.8
Nippon India Large Cap Fund,Air Transport Service,2026-01-31,1.05
Nippon India Large Cap Fund,Alcoholic Beverages,2026-01-31,0.22
Nippon India Large Cap Fund,Auto Ancillaries,2026-01-31,1.43
Nippon India Large Cap Fund,Automobile,2026-01-31,6.73
Nippon India Large Cap Fund,Banks,2026-01-31,25.51
Nippon India Large Cap Fund,Capital Goods - Electrical Equipment,2026-01-31,4.47
Nippon India Large Cap Fund,Castings Forgings & Fastners,2026-01-31,0.2
Nippon India Large Cap Fund,Cement,2026-01-31,2.28
Nippon India Large Cap Fund,Chemicals,2026-01-31,0.26
Nippon India Large Cap Fund,Consumer Durables,2026-01-31,0.46
Nippon India Large Cap Fund,Debt Others,2026-01-31,0.9
Nippon India Large Cap Fund,E-Commerce/App based Aggregator,2026-01-31,1.75
Nippon India Large Cap Fund,Electronics,2026-01-31,0.19
Nippon India Large Cap Fund,Entertainment,2026-01-31,0.19
Nippon India Large Cap Fund,FMCG,2026-01-31,4.14
Nippon India Large Cap Fund,Finance,2026-01-31,4.82
Nippon India Large Cap Fund,Hotels & Restaurants,2026-01-31,2.84
Nippon India Large Cap Fund,IT - Software,2026-01-31,8.4
Nippon India Large Cap Fund,Infrastructure Developers & Operators,2026-01-31,3.45
Nippon India Large Cap Fund,Insurance,2026-01-31,2.78
Nippon India Large Cap Fund,Mining & Mineral products,2026-01-31,0.98
Nippon India Large Cap Fund,Miscellaneous,2026-01-31,0.54
Nippon India Large Cap Fund,Paints/Varnish,2026-01-31,0.63
Nippon India Large Cap Fund,Pharmaceuticals,2026-01-31,5.67
Nippon India Large Cap Fund,Plantation & Plantation Products,2026-01-31,0.93
Nippon India Large Cap Fund,Power Generation & Distribution,2026-01-31,5.46
Nippon India Large Cap Fund,Quick Service Restaurant,2026-01-31,0.32
Nippon India Large Cap Fund,Realty,2026-01-31,0.34
Nippon India Large Cap Fund,Refineries,2026-01-31,5.44
Nippon India Large Cap Fund,Retail,2026-01-31,3.34
Nippon India Large Cap Fund,Steel,2026-01-31,1.19
Nippon India Large Cap Fund,Textiles,2026-01-31,0.34
Nippon India Large Cap Fund,Tobacco Products,2026-01-31,2.75
Nippon India Large Cap Fund,Air Transport Service,2026-02-28,1.07
Nippon India Large Cap Fund,Alcoholic Beverages,2026-02-28,0.23
Nippon India Large Cap Fund,Auto Ancillaries,2026-02-28,1.65
Nippon India Large Cap Fund,Automobile,2026-02-28,6.45
Nippon India Large Cap Fund,Banks,2026-02-28,26.05
Nippon India Large Cap Fund,Capital Goods - Electrical Equipment,2026-02-28,4.71
Nippon India Large Cap Fund,Cement,2026-02-28,2.19
Nippon India Large Cap Fund,Chemicals,2026-02-28,0.28
Nippon India Large Cap Fund,Consumer Durables,2026-02-28,0.84
Nippon India Large Cap Fund,Debt Others,2026-02-28,0.73
Nippon India Large Cap Fund,E-Commerce/App based Aggregator,2026-02-28,1.84
Nippon India Large Cap Fund,Electronics,2026-02-28,0.14
Nippon India Large Cap Fund,Entertainment,2026-02-28,0.19
Nippon India Large Cap Fund,FMCG,2026-02-28,3.99
Nippon India Large Cap Fund,Finance,2026-02-28,4.91
Nippon India Large Cap Fund,Hotels & Restaurants,2026-02-28,2.68
Nippon India Large Cap Fund,IT - Software,2026-02-28,7.7
Nippon India Large Cap Fund,Infrastructure Developers & Operators,2026-02-28,4.24
Nippon India Large Cap Fund,Insurance,2026-02-28,2.76
Nippon India Large Cap Fund,Mining & Mineral products,2026-02-28,0.92
Nippon India Large Cap Fund,Miscellaneous,2026-02-28,0.5
Nippon India Large Cap Fund,Pharmaceuticals,2026-02-28,5.65
Nippon India Large Cap Fund,Plantation & Plantation Products,2026-02-28,0.92
Nippon India Large Cap Fund,Power Generation & Distribution,2026-02-28,5.7
Nippon India Large Cap Fund,Quick Service Restaurant,2026-02-28,0.34
Nippon India Large Cap Fund,Realty,2026-02-28,0.31
Nippon India Large Cap Fund,Refineries,2026-02-28,5.3
Nippon India Large Cap Fund,Retail,2026-02-28,3.49
Nippon India Large Cap Fund,Steel,2026-02-28,1.28
Nippon India Large Cap Fund,Textiles,2026-02-28,0.33
Nippon India Large Cap Fund,Tobacco Products,2026-02-28,2.61
Nippon India Large Cap Fund,Air Transport Service,2026-03-31,0.51
Nippon India Large Cap Fund,Alcoholic Beverages,2026-03-31,0.35
Nippon India Large Cap Fund,Auto Ancillaries,2026-03-31,1.44
Nippon India Large Cap Fund,Automobile,2026-03-31,5.23
Nippon India Large Cap Fund,Banks,2026-03-31,24.85
Nippon India Large Cap Fund,Capital Goods - Electrical Equipment,2026-03-31,4.74
Nippon India Large Cap Fund,Cement,2026-03-31,1.91
Nippon India Large Cap Fund,Chemicals,2026-03-31,0.32
Nippon India Large Cap Fund,Consumer Durables,2026-03-31,0.93
Nippon India Large Cap Fund,Debt Others,2026-03-31,3.62
Nippon India Large Cap Fund,Derivatives - Index,2026-03-31,0.27
Nippon India Large Cap Fund,E-Commerce/App based Aggregator,2026-03-31,1.94
Nippon India Large Cap Fund,Entertainment,2026-03-31,0.19
Nippon India Large Cap Fund,FMCG,2026-03-31,3.76
Nippon India Large Cap Fund,Finance,2026-03-31,4.73
Nippon India Large Cap Fund,Govt. Securities,2026-03-31,0.1
Nippon India Large Cap Fund,Hotels & Restaurants,2026-03-31,2.56
Nippon India Large Cap Fund,IT - Software,2026-03-31,7.57
Nippon India Large Cap Fund,Infrastructure Developers & Operators,2026-03-31,3.84
Nippon India Large Cap Fund,Insurance,2026-03-31,2.64
Nippon India Large Cap Fund,Miscellaneous,2026-03-31,0.45
Nippon India Large Cap Fund,Mutual Fund Units,2026-03-31,0.0
Nippon India Large Cap Fund,Non Ferrous Metals,2026-03-31,0.93
Nippon India Large Cap Fund,Pharmaceuticals,2026-03-31,6.01
Nippon India Large Cap Fund,Plantation & Plantation Products,2026-03-31,0.9
Nippon India Large Cap Fund,Power Generation & Distribution,2026-03-31,6.11
Nippon India Large Cap Fund,Quick Service Restaurant,2026-03-31,0.28
Nippon India Large Cap Fund,Realty,2026-03-31,0.46
Nippon India Large Cap Fund,Refineries,2026-03-31,5.5
Nippon India Large Cap Fund,Retail,2026-03-31,3.68
Nippon India Large Cap Fund,Steel,2026-03-31,1.28
Nippon India Large Cap Fund,T Bills,2026-03-31,0.25
Nippon India Large Cap Fund,Tobacco Products,2026-03-31,2.65
Nippon India Large Cap Fund,Alcoholic Beverages,2026-04-30,0.75
Nippon India Large Cap Fund,Auto Ancillaries,2026-04-30,1.49
Nippon India Large Cap Fund,Automobile,2026-04-30,5.45
Nippon India Large Cap Fund,Banks,2026-04-30,24.94
Nippon India Large Cap Fund,Capital Goods - Electrical Equipment,2026-04-30,4.93
Nippon India Large Cap Fund,Cement,2026-04-30,0.83
Nippon India Large Cap Fund,Chemicals,2026-04-30,0.31
Nippon India Large Cap Fund,Consumer Durables,2026-04-30,0.65
Nippon India Large Cap Fund,Debt Others,2026-04-30,3.46
Nippon India Large Cap Fund,Derivatives - Index,2026-04-30,0.11
Nippon India Large Cap Fund,E-Commerce/App based Aggregator,2026-04-30,1.97
Nippon India Large Cap Fund,Entertainment,2026-04-30,0.21
Nippon India Large Cap Fund,FMCG,2026-04-30,4.41
Nippon India Large Cap Fund,Finance,2026-04-30,5.14
Nippon India Large Cap Fund,Hotels & Restaurants,2026-04-30,2.56
Nippon India Large Cap Fund,IT - Software,2026-04-30,7.52
Nippon India Large Cap Fund,Infrastructure Developers & Operators,2026-04-30,3.42
Nippon India Large Cap Fund,Insurance,2026-04-30,2.72
Nippon India Large Cap Fund,Miscellaneous,2026-04-30,0.43
Nippon India Large Cap Fund,Other,2026-04-30,0.51
Nippon India Large Cap Fund,Pharmaceuticals,2026-04-30,7.44
Nippon India Large Cap Fund,Plantation & Plantation Products,2026-04-30,0.91
Nippon India Large Cap Fund,Power Generation & Distribution,2026-04-30,5.91
Nippon India Large Cap Fund,Quick Service Restaurant,2026-04-30,0.33
Nippon India Large Cap Fund,Realty,2026-04-30,0.68
Nippon India Large Cap Fund,Refineries,2026-04-30,4.3
Nippon India Large Cap Fund,Retail,2026-04-30,4.61
Nippon India Large Cap Fund,Steel,2026-04-30,1.27
Nippon India Large Cap Fund,Tobacco Products,2026-04-30,2.74
Nippon India Large Cap Fund,Aerospace & Defence,2026-05-31,0.49
Nippon India Large Cap Fund,Alcoholic Beverages,2026-05-31,0.76
Nippon India Large Cap Fund,Auto Ancillaries,2026-05-31,1.79
Nippon India Large Cap Fund,Automobile,2026-05-31,5.48
Nippon India Large Cap Fund,Banks,2026-05-31,25.4
Nippon India Large Cap Fund,Capital Goods - Electrical Equipment,2026-05-31,4.67
Nippon India Large Cap Fund,Cement,2026-05-31,0.87
Nippon India Large Cap Fund,Chemicals,2026-05-31,0.3
Nippon India Large Cap Fund,Consumer Durables,2026-05-31,0.77
Nippon India Large Cap Fund,Crude Oil & Natural Gas,2026-05-31,0.04
Nippon India Large Cap Fund,Debt Others,2026-05-31,0.24
Nippon India Large Cap Fund,E-Commerce/App based Aggregator,2026-05-31,2.45
Nippon India Large Cap Fund,Entertainment,2026-05-31,0.19
Nippon India Large Cap Fund,FMCG,2026-05-31,4.89
Nippon India Large Cap Fund,Finance,2026-05-31,5.0
Nippon India Large Cap Fund,Hotels & Restaurants,2026-05-31,2.58
Nippon India Large Cap Fund,IT - Software,2026-05-31,7.43
Nippon India Large Cap Fund,Infrastructure Developers & Operators,2026-05-31,3.47
Nippon India Large Cap Fund,Insurance,2026-05-31,3.1
Nippon India Large Cap Fund,Miscellaneous,2026-05-31,0.46
Nippon India Large Cap Fund,Non Ferrous Metals,2026-05-31,0.4
Nippon India Large Cap Fund,Pharmaceuticals,2026-05-31,8.21
Nippon India Large Cap Fund,Plantation & Plantation Products,2026-05-31,1.03
Nippon India Large Cap Fund,Power Generation & Distribution,2026-05-31,5.69
Nippon India Large Cap Fund,Quick Service Restaurant,2026-05-31,0.85
Nippon India Large Cap Fund,Realty,2026-05-31,0.68
Nippon India Large Cap Fund,Refineries,2026-05-31,4.2
Nippon India Large Cap Fund,Retail,2026-05-31,4.36
Nippon India Large Cap Fund,Steel,2026-05-31,1.2
Nippon India Large Cap Fund,Telecom-Service,2026-05-31,0.5
Nippon India Large Cap Fund,Tobacco Products,2026-05-31,2.5
PGIM India Large Cap Fund,Aerospace & Defence,2025-08-31,1.95
PGIM India Large Cap Fund,Air Transport Service,2025-08-31,3.3
PGIM India Large Cap Fund,Alcoholic Beverages,2025-08-31,1.33
PGIM India Large Cap Fund,Automobile,2025-08-31,8.4
PGIM India Large Cap Fund,Banks,2025-08-31,21.65
PGIM India Large Cap Fund,Capital Goods - Electrical Equipment,2025-08-31,1.59
PGIM India Large Cap Fund,Capital Goods-Non Electrical Equipment,2025-08-31,1.08
PGIM India Large Cap Fund,Cement,2025-08-31,2.5
PGIM India Large Cap Fund,Consumer Durables,2025-08-31,1.13
PGIM India Large Cap Fund,Debt Others,2025-08-31,2.4
PGIM India Large Cap Fund,Diamond Gems and Jewellery,2025-08-31,1.84
PGIM India Large Cap Fund,E-Commerce/App based Aggregator,2025-08-31,3.1
PGIM India Large Cap Fund,FMCG,2025-08-31,3.88
PGIM India Large Cap Fund,Finance,2025-08-31,5.35
PGIM India Large Cap Fund,Hotels & Restaurants,2025-08-31,0.88
PGIM India Large Cap Fund,IT - Software,2025-08-31,9.45
PGIM India Large Cap Fund,Infrastructure Developers & Operators,2025-08-31,3.56
PGIM India Large Cap Fund,Insurance,2025-08-31,2.81
PGIM India Large Cap Fund,Pharmaceuticals,2025-08-31,5.45
PGIM India Large Cap Fund,Power Generation & Distribution,2025-08-31,1.74
PGIM India Large Cap Fund,Preference n Warrants,2025-08-31,0.04
PGIM India Large Cap Fund,Realty,2025-08-31,1.22
PGIM India Large Cap Fund,Refineries,2025-08-31,7.85
PGIM India Large Cap Fund,Retail,2025-08-31,1.73
PGIM India Large Cap Fund,T Bills,2025-08-31,0.17
PGIM India Large Cap Fund,Telecom-Service,2025-08-31,4.52
PGIM India Large Cap Fund,Tobacco Products,2025-08-31,1.08
PGIM India Large Cap Fund,Aerospace & Defence,2025-09-30,2.01
PGIM India Large Cap Fund,Air Transport Service,2025-09-30,3.28
PGIM India Large Cap Fund,Alcoholic Beverages,2025-09-30,1.35
PGIM India Large Cap Fund,Auto Ancillaries,2025-09-30,0.82
PGIM India Large Cap Fund,Automobile,2025-09-30,7.9
PGIM India Large Cap Fund,Banks,2025-09-30,21.57
PGIM India Large Cap Fund,Capital Goods - Electrical Equipment,2025-09-30,1.7
PGIM India Large Cap Fund,Capital Goods-Non Electrical Equipment,2025-09-30,1.11
PGIM India Large Cap Fund,Cement,2025-09-30,2.43
PGIM India Large Cap Fund,Consumer Durables,2025-09-30,1.01
PGIM India Large Cap Fund,Debt Others,2025-09-30,3.48
PGIM India Large Cap Fund,Diamond Gems and Jewellery,2025-09-30,1.71
PGIM India Large Cap Fund,E-Commerce/App based Aggregator,2025-09-30,3.23
PGIM India Large Cap Fund,FMCG,2025-09-30,3.69
PGIM India Large Cap Fund,Finance,2025-09-30,5.06
PGIM India Large Cap Fund,Hotels & Restaurants,2025-09-30,0.84
PGIM India Large Cap Fund,IT - Software,2025-09-30,9.0
PGIM India Large Cap Fund,Infrastructure Developers & Operators,2025-09-30,3.64
PGIM India Large Cap Fund,Insurance,2025-09-30,2.51
PGIM India Large Cap Fund,Pharmaceuticals,2025-09-30,5.3
PGIM India Large Cap Fund,Power Generation & Distribution,2025-09-30,1.82
PGIM India Large Cap Fund,Preference n Warrants,2025-09-30,0.04
PGIM India Large Cap Fund,Realty,2025-09-30,1.19
PGIM India Large Cap Fund,Refineries,2025-09-30,7.93
PGIM India Large Cap Fund,Retail,2025-09-30,1.62
PGIM India Large Cap Fund,T Bills,2025-09-30,0.17
PGIM India Large Cap Fund,Telecom-Service,2025-09-30,4.52
PGIM India Large Cap Fund,Tobacco Products,2025-09-30,1.07
PGIM India Large Cap Fund,Aerospace & Defence,2025-10-31,1.79
PGIM India Large Cap Fund,Air Transport Service,2025-10-31,3.21
PGIM India Large Cap Fund,Alcoholic Beverages,2025-10-31,1.08
PGIM India Large Cap Fund,Auto Ancillaries,2025-10-31,0.8
PGIM India Large Cap Fund,Automobile,2025-10-31,7.82
PGIM India Large Cap Fund,Banks,2025-10-31,20.51
PGIM India Large Cap Fund,Capital Goods - Electrical Equipment,2025-10-31,1.65
PGIM India Large Cap Fund,Capital Goods-Non Electrical Equipment,2025-10-31,1.19
PGIM India Large Cap Fund,Cement,2025-10-31,2.31
PGIM India Large Cap Fund,Consumer Durables,2025-10-31,1.76
PGIM India Large Cap Fund,Debt Others,2025-10-31,2.35
PGIM India Large Cap Fund,Diamond Gems and Jewellery,2025-10-31,1.86
PGIM India Large Cap Fund,E-Commerce/App based Aggregator,2025-10-31,3.07
PGIM India Large Cap Fund,FMCG,2025-10-31,3.71
PGIM India Large Cap Fund,Finance,2025-10-31,6.85
PGIM India Large Cap Fund,Hotels & Restaurants,2025-10-31,0.84
PGIM India Large Cap Fund,IT - Software,2025-10-31,9.08
PGIM India Large Cap Fund,Infrastructure Developers & Operators,2025-10-31,3.9
PGIM India Large Cap Fund,Insurance,2025-10-31,2.5
PGIM India Large Cap Fund,Non Ferrous Metals,2025-10-31,0.56
PGIM India Large Cap Fund,Pharmaceuticals,2025-10-31,4.93
PGIM India Large Cap Fund,Power Generation & Distribution,2025-10-31,1.75
PGIM India Large Cap Fund,Preference n Warrants,2025-10-31,0.04
PGIM India Large Cap Fund,Realty,2025-10-31,1.34
PGIM India Large Cap Fund,Refineries,2025-10-31,8.41
PGIM India Large Cap Fund,Retail,2025-10-31,0.71
PGIM India Large Cap Fund,T Bills,2025-10-31,0.08
PGIM India Large Cap Fund,Telecom-Service,2025-10-31,4.81
PGIM India Large Cap Fund,Tobacco Products,2025-10-31,1.09
PGIM India Large Cap Fund,Aerospace & Defence,2025-11-30,1.59
PGIM India Large Cap Fund,Air Transport Service,2025-11-30,3.39
PGIM India Large Cap Fund,Alcoholic Beverages,2025-11-30,1.1
PGIM India Large Cap Fund,Auto Ancillaries,2025-11-30,0.88
PGIM India Large Cap Fund,Automobile,2025-11-30,8.03
PGIM India Large Cap Fund,Banks,2025-11-30,20.58
PGIM India Large Cap Fund,Capital Goods - Electrical Equipment,2025-11-30,1.52
PGIM India Large Cap Fund,Capital Goods-Non Electrical Equipment,2025-11-30,1.24
PGIM India Large Cap Fund,Cement,2025-11-30,2.26
PGIM India Large Cap Fund,Consumer Durables,2025-11-30,1.71
PGIM India Large Cap Fund,Debt Others,2025-11-30,1.5
PGIM India Large Cap Fund,Diamond Gems and Jewellery,2025-11-30,1.95
PGIM India Large Cap Fund,E-Commerce/App based Aggregator,2025-11-30,2.92
PGIM India Large Cap Fund,FMCG,2025-11-30,3.63
PGIM India Large Cap Fund,Finance,2025-11-30,7.05
PGIM India Large Cap Fund,Hotels & Restaurants,2025-11-30,0.49
PGIM India Large Cap Fund,IT - Software,2025-11-30,9.15
PGIM India Large Cap Fund,Infrastructure Developers & Operators,2025-11-30,3.97
PGIM India Large Cap Fund,Insurance,2025-11-30,2.2
PGIM India Large Cap Fund,Non Ferrous Metals,2025-11-30,0.53
PGIM India Large Cap Fund,Pharmaceuticals,2025-11-30,4.95
PGIM India Large Cap Fund,Power Generation & Distribution,2025-11-30,1.71
PGIM India Large Cap Fund,Preference n Warrants,2025-11-30,0.04
PGIM India Large Cap Fund,Realty,2025-11-30,1.1
PGIM India Large Cap Fund,Refineries,2025-11-30,8.93
PGIM India Large Cap Fund,Retail,2025-11-30,0.67
PGIM India Large Cap Fund,Steel,2025-11-30,0.96
PGIM India Large Cap Fund,T Bills,2025-11-30,0.08
PGIM India Large Cap Fund,Telecom-Service,2025-11-30,4.96
PGIM India Large Cap Fund,Tobacco Products,2025-11-30,0.91
PGIM India Large Cap Fund,Aerospace & Defence,2025-12-31,0.96
PGIM India Large Cap Fund,Alcoholic Beverages,2025-12-31,1.11
PGIM India Large Cap Fund,Auto Ancillaries,2025-12-31,0.92
PGIM India Large Cap Fund,Automobile,2025-12-31,8.78
PGIM India Large Cap Fund,Banks,2025-12-31,20.47
PGIM India Large Cap Fund,Capital Goods - Electrical Equipment,2025-12-31,1.48
PGIM India Large Cap Fund,Capital Goods-Non Electrical Equipment,2025-12-31,1.24
PGIM India Large Cap Fund,Cement,2025-12-31,2.33
PGIM India Large Cap Fund,Consumer Durables,2025-12-31,1.51
PGIM India Large Cap Fund,Debt Others,2025-12-31,2.36
PGIM India Large Cap Fund,Diamond Gems and Jewellery,2025-12-31,2.05
PGIM India Large Cap Fund,E-Commerce/App based Aggregator,2025-12-31,3.04
PGIM India Large Cap Fund,FMCG,2025-12-31,3.75
PGIM India Large Cap Fund,Finance,2025-12-31,7.97
PGIM India Large Cap Fund,Healthcare,2025-12-31,0.97
PGIM India Large Cap Fund,Hotels & Restaurants,2025-12-31,0.49
PGIM India Large Cap Fund,IT - Software,2025-12-31,9.27
PGIM India Large Cap Fund,Infrastructure Developers & Operators,2025-12-31,4.03
PGIM India Large Cap Fund,Insurance,2025-12-31,2.2
PGIM India Large Cap Fund,Non Ferrous Metals,2025-12-31,0.59
PGIM India Large Cap Fund,Pharmaceuticals,2025-12-31,4.9
PGIM India Large Cap Fund,Power Generation & Distribution,2025-12-31,1.75
PGIM India Large Cap Fund,Preference n Warrants,2025-12-31,0.04
PGIM India Large Cap Fund,Realty,2025-12-31,1.06
PGIM India Large Cap Fund,Refineries,2025-12-31,9.05
PGIM India Large Cap Fund,Retail,2025-12-31,0.68
PGIM India Large Cap Fund,Steel,2025-12-31,0.98
PGIM India Large Cap Fund,T Bills,2025-12-31,0.08
PGIM India Large Cap Fund,Telecom-Service,2025-12-31,5.03
PGIM India Large Cap Fund,Tobacco Products,2025-12-31,0.91
PGIM India Large Cap Fund,Aerospace & Defence,2026-01-31,1.67
PGIM India Large Cap Fund,Alcoholic Beverages,2026-01-31,0.77
PGIM India Large Cap Fund,Auto Ancillaries,2026-01-31,0.91
PGIM India Large Cap Fund,Automobile,2026-01-31,8.31
PGIM India Large Cap Fund,Banks,2026-01-31,22.3
PGIM India Large Cap Fund,Capital Goods - Electrical Equipment,2026-01-31,1.03
PGIM India Large Cap Fund,Capital Goods-Non Electrical Equipment,2026-01-31,1.04
PGIM India Large Cap Fund,Cement,2026-01-31,2.45
PGIM India Large Cap Fund,Consumer Durables,2026-01-31,1.45
PGIM India Large Cap Fund,Debt Others,2026-01-31,2.32
PGIM India Large Cap Fund,Diamond Gems and Jewellery,2026-01-31,2.11
PGIM India Large Cap Fund,E-Commerce/App based Aggregator,2026-01-31,2.65
PGIM India Large Cap Fund,FMCG,2026-01-31,3.65
PGIM India Large Cap Fund,Finance,2026-01-31,8.62
PGIM India Large Cap Fund,Healthcare,2026-01-31,0.93
PGIM India Large Cap Fund,IT - Software,2026-01-31,9.52
PGIM India Large Cap Fund,Infrastructure Developers & Operators,2026-01-31,4.07
PGIM India Large Cap Fund,Insurance,2026-01-31,1.99
PGIM India Large Cap Fund,Non Ferrous Metals,2026-01-31,0.68
PGIM India Large Cap Fund,Paints/Varnish,2026-01-31,0.77
PGIM India Large Cap Fund,Pharmaceuticals,2026-01-31,4.89
PGIM India Large Cap Fund,Power Generation & Distribution,2026-01-31,1.98
PGIM India Large Cap Fund,Preference n Warrants,2026-01-31,0.04
PGIM India Large Cap Fund,Realty,2026-01-31,1.02
PGIM India Large Cap Fund,Refineries,2026-01-31,6.96
PGIM India Large Cap Fund,Retail,2026-01-31,1.02
PGIM India Large Cap Fund,Steel,2026-01-31,1.07
PGIM India Large Cap Fund,T Bills,2026-01-31,0.08
PGIM India Large Cap Fund,Telecom-Service,2026-01-31,4.93
PGIM India Large Cap Fund,Tobacco Products,2026-01-31,0.77
PGIM India Large Cap Fund,Aerospace & Defence,2026-02-28,1.53
PGIM India Large Cap Fund,Alcoholic Beverages,2026-02-28,0.79
PGIM India Large Cap Fund,Auto Ancillaries,2026-02-28,1.08
PGIM India Large Cap Fund,Automobile,2026-02-28,8.16
PGIM India Large Cap Fund,Banks,2026-02-28,22.72
PGIM India Large Cap Fund,Capital Goods - Electrical Equipment,2026-02-28,1.29
PGIM India Large Cap Fund,Capital Goods-Non Electrical Equipment,2026-02-28,1.24
PGIM India Large Cap Fund,Cement,2026-02-28,2.04
PGIM India Large Cap Fund,Consumer Durables,2026-02-28,1.53
PGIM India Large Cap Fund,Debt Others,2026-02-28,2.93
PGIM India Large Cap Fund,Diamond Gems and Jewellery,2026-02-28,2.3
PGIM India Large Cap Fund,E-Commerce/App based Aggregator,2026-02-28,2.26
PGIM India Large Cap Fund,FMCG,2026-02-28,3.39
PGIM India Large Cap Fund,Finance,2026-02-28,8.87
PGIM India Large Cap Fund,Healthcare,2026-02-28,1.06
PGIM India Large Cap Fund,IT - Software,2026-02-28,7.82
PGIM India Large Cap Fund,Infrastructure Developers & Operators,2026-02-28,4.44
PGIM India Large Cap Fund,Insurance,2026-02-28,1.77
PGIM India Large Cap Fund,Non Ferrous Metals,2026-02-28,0.65
PGIM India Large Cap Fund,Paints/Varnish,2026-02-28,0.99
PGIM India Large Cap Fund,Pharmaceuticals,2026-02-28,5.72
PGIM India Large Cap Fund,Power Generation & Distribution,2026-02-28,2.13
PGIM India Large Cap Fund,Preference n Warrants,2026-02-28,0.04
PGIM India Large Cap Fund,Realty,2026-02-28,0.98
PGIM India Large Cap Fund,Refineries,2026-02-28,6.64
PGIM India Large Cap Fund,Retail,2026-02-28,0.96
PGIM India Large Cap Fund,Steel,2026-02-28,1.11
PGIM India Large Cap Fund,T Bills,2026-02-28,0.09
PGIM India Large Cap Fund,Telecom-Service,2026-02-28,4.72
PGIM India Large Cap Fund,Tobacco Products,2026-02-28,0.75
PGIM India Large Cap Fund,Aerospace & Defence,2026-03-31,1.56
PGIM India Large Cap Fund,Alcoholic Beverages,2026-03-31,0.79
PGIM India Large Cap Fund,Auto Ancillaries,2026-03-31,0.96
PGIM India Large Cap Fund,Automobile,2026-03-31,7.72
PGIM India Large Cap Fund,Banks,2026-03-31,22.59
PGIM India Large Cap Fund,Capital Goods - Electrical Equipment,2026-03-31,1.32
PGIM India Large Cap Fund,Capital Goods-Non Electrical Equipment,2026-03-31,1.29
PGIM India Large Cap Fund,Cement,2026-03-31,1.96
PGIM India Large Cap Fund,Consumer Durables,2026-03-31,1.59
PGIM India Large Cap Fund,Debt Others,2026-03-31,2.14
PGIM India Large Cap Fund,Diamond Gems and Jewellery,2026-03-31,2.38
PGIM India Large Cap Fund,E-Commerce/App based Aggregator,2026-03-31,2.38
PGIM India Large Cap Fund,FMCG,2026-03-31,3.35
PGIM India Large Cap Fund,Finance,2026-03-31,8.24
PGIM India Large Cap Fund,Healthcare,2026-03-31,1.26
PGIM India Large Cap Fund,IT - Software,2026-03-31,8.52
PGIM India Large Cap Fund,Infrastructure Developers & Operators,2026-03-31,4.13
PGIM India Large Cap Fund,Insurance,2026-03-31,1.75
PGIM India Large Cap Fund,Non Ferrous Metals,2026-03-31,0.71
PGIM India Large Cap Fund,Paints/Varnish,2026-03-31,1.02
PGIM India Large Cap Fund,Pharmaceuticals,2026-03-31,5.73
PGIM India Large Cap Fund,Power Generation & Distribution,2026-03-31,2.35
PGIM India Large Cap Fund,Preference n Warrants,2026-03-31,0.05
PGIM India Large Cap Fund,Realty,2026-03-31,0.9
PGIM India Large Cap Fund,Refineries,2026-03-31,7.26
PGIM India Large Cap Fund,Retail,2026-03-31,0.97
PGIM India Large Cap Fund,Steel,2026-03-31,1.12
PGIM India Large Cap Fund,T Bills,2026-03-31,0.1
PGIM India Large Cap Fund,Telecom-Service,2026-03-31,5.08
PGIM India Large Cap Fund,Tobacco Products,2026-03-31,0.78
PGIM India Large Cap Fund,Aerospace & Defence,2026-04-30,1.68
PGIM India Large Cap Fund,Air Transport Service,2026-04-30,0.47
PGIM India Large Cap Fund,Alcoholic Beverages,2026-04-30,0.79
PGIM India Large Cap Fund,Auto Ancillaries,2026-04-30,1.02
PGIM India Large Cap Fund,Automobile,2026-04-30,6.8
PGIM India Large Cap Fund,Banks,2026-04-30,24.18
PGIM India Large Cap Fund,Capital Goods - Electrical Equipment,2026-04-30,2.08
PGIM India Large Cap Fund,Capital Goods-Non Electrical Equipment,2026-04-30,1.06
PGIM India Large Cap Fund,Cement,2026-04-30,1.94
PGIM India Large Cap Fund,Consumer Durables,2026-04-30,1.64
PGIM India Large Cap Fund,Debt Others,2026-04-30,1.69
PGIM India Large Cap Fund,Diamond Gems and Jewellery,2026-04-30,2.43
PGIM India Large Cap Fund,E-Commerce/App based Aggregator,2026-04-30,2.36
PGIM India Large Cap Fund,FMCG,2026-04-30,4.43
PGIM India Large Cap Fund,Finance,2026-04-30,8.64
PGIM India Large Cap Fund,Healthcare,2026-04-30,1.2
PGIM India Large Cap Fund,IT - Software,2026-04-30,7.25
PGIM India Large Cap Fund,Infrastructure Developers & Operators,2026-04-30,4.01
PGIM India Large Cap Fund,Insurance,2026-04-30,1.63
PGIM India Large Cap Fund,Non Ferrous Metals,2026-04-30,1.03
PGIM India Large Cap Fund,Paints/Varnish,2026-04-30,1.06
PGIM India Large Cap Fund,Pharmaceuticals,2026-04-30,5.63
PGIM India Large Cap Fund,Power Generation & Distribution,2026-04-30,2.32
PGIM India Large Cap Fund,Preference n Warrants,2026-04-30,0.04
PGIM India Large Cap Fund,Realty,2026-04-30,1.04
PGIM India Large Cap Fund,Refineries,2026-04-30,5.81
PGIM India Large Cap Fund,Retail,2026-04-30,1.23
PGIM India Large Cap Fund,Steel,2026-04-30,2.04
PGIM India Large Cap Fund,T Bills,2026-04-30,0.09
PGIM India Large Cap Fund,Telecom-Service,2026-04-30,3.63
PGIM India Large Cap Fund,Tobacco Products,2026-04-30,0.78
PGIM India Large Cap Fund,Aerospace & Defence,2026-05-31,1.85
PGIM India Large Cap Fund,Air Transport Service,2026-05-31,0.49
PGIM India Large Cap Fund,Alcoholic Beverages,2026-05-31,0.77
PGIM India Large Cap Fund,Auto Ancillaries,2026-05-31,1.25
PGIM India Large Cap Fund,Automobile,2026-05-31,6.83
PGIM India Large Cap Fund,Banks,2026-05-31,24.45
PGIM India Large Cap Fund,Capital Goods - Electrical Equipment,2026-05-31,2.41
PGIM India Large Cap Fund,Capital Goods-Non Electrical Equipment,2026-05-31,1.2
PGIM India Large Cap Fund,Cement,2026-05-31,1.96
PGIM India Large Cap Fund,Consumer Durables,2026-05-31,1.66
PGIM India Large Cap Fund,Debt Others,2026-05-31,1.56
PGIM India Large Cap Fund,Diamond Gems and Jewellery,2026-05-31,2.3
PGIM India Large Cap Fund,E-Commerce/App based Aggregator,2026-05-31,2.44
PGIM India Large Cap Fund,FMCG,2026-05-31,4.04
PGIM India Large Cap Fund,Finance,2026-05-31,7.8
PGIM India Large Cap Fund,Healthcare,2026-05-31,1.19
PGIM India Large Cap Fund,IT - Software,2026-05-31,7.25
PGIM India Large Cap Fund,Infrastructure Developers & Operators,2026-05-31,4.14
PGIM India Large Cap Fund,Insurance,2026-05-31,1.69
PGIM India Large Cap Fund,Non Ferrous Metals,2026-05-31,1.14
PGIM India Large Cap Fund,Paints/Varnish,2026-05-31,1.18
PGIM India Large Cap Fund,Pharmaceuticals,2026-05-31,5.91
PGIM India Large Cap Fund,Power Generation & Distribution,2026-05-31,2.29
PGIM India Large Cap Fund,Realty,2026-05-31,1.02
PGIM India Large Cap Fund,Refineries,2026-05-31,5.46
PGIM India Large Cap Fund,Retail,2026-05-31,1.24
PGIM India Large Cap Fund,Steel,2026-05-31,2.08
PGIM India Large Cap Fund,T Bills,2026-05-31,0.09
PGIM India Large Cap Fund,Telecom-Service,2026-05-31,3.58
PGIM India Large Cap Fund,Tobacco Products,2026-05-31,0.73
Parag Parikh Large Cap Fund,Aerospace & Defence,2026-03-31,2.0
Parag Parikh Large Cap Fund,Air Transport Service,2026-03-31,0.7
Parag Parikh Large Cap Fund,Alcoholic Beverages,2026-03-31,0.28
Parag Parikh Large Cap Fund,Auto Ancillaries,2026-03-31,0.57
Parag Parikh Large Cap Fund,Automobile,2026-03-31,6.78
Parag Parikh Large Cap Fund,Banks,2026-03-31,24.66
Parag Parikh Large Cap Fund,Capital Goods - Electrical Equipment,2026-03-31,0.79
Parag Parikh Large Cap Fund,Capital Goods-Non Electrical Equipment,2026-03-31,0.48
Parag Parikh Large Cap Fund,Cement,2026-03-31,1.43
Parag Parikh Large Cap Fund,Chemicals,2026-03-31,0.31
Parag Parikh Large Cap Fund,Consumer Durables,2026-03-31,0.02
Parag Parikh Large Cap Fund,Crude Oil & Natural Gas,2026-03-31,0.87
Parag Parikh Large Cap Fund,Debt Others,2026-03-31,2.59
Parag Parikh Large Cap Fund,Diamond Gems and Jewellery,2026-03-31,1.28
Parag Parikh Large Cap Fund,E-Commerce/App based Aggregator,2026-03-31,1.32
Parag Parikh Large Cap Fund,FMCG,2026-03-31,3.31
Parag Parikh Large Cap Fund,Finance,2026-03-31,6.33
Parag Parikh Large Cap Fund,Gas Distribution,2026-03-31,0.29
Parag Parikh Large Cap Fund,Govt. Securities,2026-03-31,0.04
Parag Parikh Large Cap Fund,Healthcare,2026-03-31,1.16
Parag Parikh Large Cap Fund,Hotels & Restaurants,2026-03-31,0.39
Parag Parikh Large Cap Fund,IT - Software,2026-03-31,7.85
Parag Parikh Large Cap Fund,Infrastructure Developers & Operators,2026-03-31,3.23
Parag Parikh Large Cap Fund,Insurance,2026-03-31,1.16
Parag Parikh Large Cap Fund,Marine Port & Services,2026-03-31,0.76
Parag Parikh Large Cap Fund,Mining & Mineral products,2026-03-31,0.8
Parag Parikh Large Cap Fund,Mutual Fund Units,2026-03-31,0.0
Parag Parikh Large Cap Fund,Non Ferrous Metals,2026-03-31,2.05
Parag Parikh Large Cap Fund,Paints/Varnish,2026-03-31,0.77
Parag Parikh Large Cap Fund,Pharmaceuticals,2026-03-31,3.71
Parag Parikh Large Cap Fund,Plantation & Plantation Products,2026-03-31,0.52
Parag Parikh Large Cap Fund,Power Generation & Distribution,2026-03-31,4.07
Parag Parikh Large Cap Fund,Realty,2026-03-31,0.4
Parag Parikh Large Cap Fund,Refineries,2026-03-31,7.99
Parag Parikh Large Cap Fund,Retail,2026-03-31,1.03
Parag Parikh Large Cap Fund,Steel,2026-03-31,2.4
Parag Parikh Large Cap Fund,T Bills,2026-03-31,0.06
Parag Parikh Large Cap Fund,Telecom-Service,2026-03-31,4.3
Parag Parikh Large Cap Fund,Textiles,2026-03-31,0.77
Parag Parikh Large Cap Fund,Tobacco Products,2026-03-31,2.18
Parag Parikh Large Cap Fund,Trading,2026-03-31,0.36
Parag Parikh Large Cap Fund,Aerospace & Defence,2026-04-30,2.16
Parag Parikh Large Cap Fund,Air Transport Service,2026-04-30,0.71
Parag Parikh Large Cap Fund,Alcoholic Beverages,2026-04-30,0.29
Parag Parikh Large Cap Fund,Auto Ancillaries,2026-04-30,0.62
Parag Parikh Large Cap Fund,Automobile,2026-04-30,6.79
Parag Parikh Large Cap Fund,Banks,2026-04-30,24.49
Parag Parikh Large Cap Fund,Capital Goods - Electrical Equipment,2026-04-30,0.94
Parag Parikh Large Cap Fund,Capital Goods-Non Electrical Equipment,2026-04-30,0.52
Parag Parikh Large Cap Fund,Cement,2026-04-30,1.19
Parag Parikh Large Cap Fund,Chemicals,2026-04-30,0.31
Parag Parikh Large Cap Fund,Crude Oil & Natural Gas,2026-04-30,0.85
Parag Parikh Large Cap Fund,Debt Others,2026-04-30,0.49
Parag Parikh Large Cap Fund,Diamond Gems and Jewellery,2026-04-30,1.33
Parag Parikh Large Cap Fund,E-Commerce/App based Aggregator,2026-04-30,1.31
Parag Parikh Large Cap Fund,FMCG,2026-04-30,3.58
Parag Parikh Large Cap Fund,Finance,2026-04-30,6.7
Parag Parikh Large Cap Fund,Gas Distribution,2026-04-30,0.32
Parag Parikh Large Cap Fund,Healthcare,2026-04-30,1.12
Parag Parikh Large Cap Fund,Hotels & Restaurants,2026-04-30,0.41
Parag Parikh Large Cap Fund,IT - Software,2026-04-30,7.23
Parag Parikh Large Cap Fund,Infrastructure Developers & Operators,2026-04-30,3.46
Parag Parikh Large Cap Fund,Insurance,2026-04-30,1.06
Parag Parikh Large Cap Fund,Marine Port & Services,2026-04-30,0.9
Parag Parikh Large Cap Fund,Mining & Mineral products,2026-04-30,0.8
Parag Parikh Large Cap Fund,Mutual Fund Units,2026-04-30,0.0
Parag Parikh Large Cap Fund,Non Ferrous Metals,2026-04-30,1.63
Parag Parikh Large Cap Fund,Other,2026-04-30,0.6
Parag Parikh Large Cap Fund,Paints/Varnish,2026-04-30,0.81
Parag Parikh Large Cap Fund,Pharmaceuticals,2026-04-30,3.63
Parag Parikh Large Cap Fund,Plantation & Plantation Products,2026-04-30,0.55
Parag Parikh Large Cap Fund,Power Generation & Distribution,2026-04-30,4.52
Parag Parikh Large Cap Fund,Realty,2026-04-30,0.47
Parag Parikh Large Cap Fund,Refineries,2026-04-30,7.94
Parag Parikh Large Cap Fund,Retail,2026-04-30,1.18
Parag Parikh Large Cap Fund,Steel,2026-04-30,2.48
Parag Parikh Large Cap Fund,T Bills,2026-04-30,0.73
Parag Parikh Large Cap Fund,Telecom-Service,2026-04-30,4.25
Parag Parikh Large Cap Fund,Textiles,2026-04-30,0.78
Parag Parikh Large Cap Fund,Tobacco Products,2026-04-30,2.23
Parag Parikh Large Cap Fund,Trading,2026-04-30,0.48
Parag Parikh Large Cap Fund,Unspecified Sector,2026-04-30,0.59
Parag Parikh Large Cap Fund,Aerospace & Defence,2026-05-31,2.17
Parag Parikh Large Cap Fund,Air Transport Service,2026-05-31,0.74
Parag Parikh Large Cap Fund,Alcoholic Beverages,2026-05-31,0.28
Parag Parikh Large Cap Fund,Auto Ancillaries,2026-05-31,0.72
Parag Parikh Large Cap Fund,Automobile,2026-05-31,6.88
Parag Parikh Large Cap Fund,Banks,2026-05-31,24.23
Parag Parikh Large Cap Fund,Capital Goods - Electrical Equipment,2026-05-31,1.0
Parag Parikh Large Cap Fund,Capital Goods-Non Electrical Equipment,2026-05-31,0.59
Parag Parikh Large Cap Fund,Cement,2026-05-31,1.46
Parag Parikh Large Cap Fund,Chemicals,2026-05-31,0.34
Parag Parikh Large Cap Fund,Crude Oil & Natural Gas,2026-05-31,0.91
Parag Parikh Large Cap Fund,Debt Others,2026-05-31,1.01
Parag Parikh Large Cap Fund,Diamond Gems and Jewellery,2026-05-31,1.25
Parag Parikh Large Cap Fund,E-Commerce/App based Aggregator,2026-05-31,1.34
Parag Parikh Large Cap Fund,FMCG,2026-05-31,3.49
Parag Parikh Large Cap Fund,Finance,2026-05-31,6.68
Parag Parikh Large Cap Fund,Gas Distribution,2026-05-31,0.33
Parag Parikh Large Cap Fund,Govt. Securities,2026-05-31,0.0
Parag Parikh Large Cap Fund,Healthcare,2026-05-31,1.16
Parag Parikh Large Cap Fund,Hotels & Restaurants,2026-05-31,0.43
Parag Parikh Large Cap Fund,IT - Software,2026-05-31,7.09
Parag Parikh Large Cap Fund,Infrastructure Developers & Operators,2026-05-31,3.56
Parag Parikh Large Cap Fund,Insurance,2026-05-31,1.09
Parag Parikh Large Cap Fund,Marine Port & Services,2026-05-31,0.99
Parag Parikh Large Cap Fund,Mining & Mineral products,2026-05-31,0.77
Parag Parikh Large Cap Fund,Mutual Fund Units,2026-05-31,0.0
Parag Parikh Large Cap Fund,Non Ferrous Metals,2026-05-31,2.0
Parag Parikh Large Cap Fund,Paints/Varnish,2026-05-31,0.9
Parag Parikh Large Cap Fund,Pharmaceuticals,2026-05-31,3.77
Parag Parikh Large Cap Fund,Plantation & Plantation Products,2026-05-31,0.57
Parag Parikh Large Cap Fund,Power Generation & Distribution,2026-05-31,4.76
Parag Parikh Large Cap Fund,Realty,2026-05-31,0.48
Parag Parikh Large Cap Fund,Refineries,2026-05-31,7.48
Parag Parikh Large Cap Fund,Retail,2026-05-31,1.14
Parag Parikh Large Cap Fund,Steel,2026-05-31,2.64
Parag Parikh Large Cap Fund,T Bills,2026-05-31,0.01
Parag Parikh Large Cap Fund,Telecom-Service,2026-05-31,4.18
Parag Parikh Large Cap Fund,Textiles,2026-05-31,0.88
Parag Parikh Large Cap Fund,Tobacco Products,2026-05-31,2.05
Parag Parikh Large Cap Fund,Trading,2026-05-31,0.63
Parag Parikh Large Cap Fund,Unspecified Sector,2026-05-31,0.58
Quant Large Cap Fund,Auto Ancillaries,2025-08-31,1.98
Quant Large Cap Fund,Automobile,2025-08-31,5.76
Quant Large Cap Fund,Crude Oil & Natural Gas,2025-08-31,3.08
Quant Large Cap Fund,Debt Others,2025-08-31,3.74
Quant Large Cap Fund,FMCG,2025-08-31,2.72
Quant Large Cap Fund,Finance,2025-08-31,12.58
Quant Large Cap Fund,Gas Distribution,2025-08-31,1.54
Quant Large Cap Fund,Healthcare,2025-08-31,2.09
Quant Large Cap Fund,IT - Software,2025-08-31,12.15
Quant Large Cap Fund,Infrastructure Developers & Operators,2025-08-31,7.79
Quant Large Cap Fund,Insurance,2025-08-31,6.73
Quant Large Cap Fund,Pharmaceuticals,2025-08-31,7.1
Quant Large Cap Fund,Plantation & Plantation Products,2025-08-31,2.13
Quant Large Cap Fund,Power Generation & Distribution,2025-08-31,7.93
Quant Large Cap Fund,Realty,2025-08-31,5.57
Quant Large Cap Fund,Refineries,2025-08-31,6.36
Quant Large Cap Fund,T Bills,2025-08-31,4.67
Quant Large Cap Fund,Telecom Equipment & Infra Services,2025-08-31,0.72
Quant Large Cap Fund,Trading,2025-08-31,5.36
Quant Large Cap Fund,Auto Ancillaries,2025-09-30,2.22
Quant Large Cap Fund,Automobile,2025-09-30,4.62
Quant Large Cap Fund,Banks,2025-09-30,4.57
Quant Large Cap Fund,Debt Others,2025-09-30,5.9
Quant Large Cap Fund,FMCG,2025-09-30,2.53
Quant Large Cap Fund,Finance,2025-09-30,18.75
Quant Large Cap Fund,Gas Distribution,2025-09-30,1.55
Quant Large Cap Fund,Healthcare,2025-09-30,1.99
Quant Large Cap Fund,IT - Software,2025-09-30,7.66
Quant Large Cap Fund,Infrastructure Developers & Operators,2025-09-30,9.26
Quant Large Cap Fund,Insurance,2025-09-30,5.77
Quant Large Cap Fund,Pharmaceuticals,2025-09-30,4.96
Quant Large Cap Fund,Plantation & Plantation Products,2025-09-30,1.09
Quant Large Cap Fund,Power Generation & Distribution,2025-09-30,4.66
Quant Large Cap Fund,Realty,2025-09-30,5.21
Quant Large Cap Fund,Refineries,2025-09-30,6.29
Quant Large Cap Fund,T Bills,2025-09-30,4.04
Quant Large Cap Fund,Trading,2025-09-30,8.91
Quant Large Cap Fund,Auto Ancillaries,2025-10-31,2.12
Quant Large Cap Fund,Automobile,2025-10-31,4.53
Quant Large Cap Fund,Banks,2025-10-31,9.87
Quant Large Cap Fund,Debt Others,2025-10-31,10.14
Quant Large Cap Fund,FMCG,2025-10-31,2.37
Quant Large Cap Fund,Finance,2025-10-31,17.67
Quant Large Cap Fund,Gas Distribution,2025-10-31,1.53
Quant Large Cap Fund,IT - Software,2025-10-31,1.66
Quant Large Cap Fund,Infrastructure Developers & Operators,2025-10-31,6.88
Quant Large Cap Fund,Insurance,2025-10-31,3.6
Quant Large Cap Fund,Pharmaceuticals,2025-10-31,4.85
Quant Large Cap Fund,Plantation & Plantation Products,2025-10-31,1.08
Quant Large Cap Fund,Power Generation & Distribution,2025-10-31,7.52
Quant Large Cap Fund,Realty,2025-10-31,5.21
Quant Large Cap Fund,Refineries,2025-10-31,6.56
Quant Large Cap Fund,T Bills,2025-10-31,5.97
Quant Large Cap Fund,Trading,2025-10-31,8.44
Quant Large Cap Fund,Auto Ancillaries,2025-11-30,6.79
Quant Large Cap Fund,Automobile,2025-11-30,4.47
Quant Large Cap Fund,Banks,2025-11-30,7.54
Quant Large Cap Fund,Debt Others,2025-11-30,15.71
Quant Large Cap Fund,Finance,2025-11-30,16.6
Quant Large Cap Fund,IT - Software,2025-11-30,4.45
Quant Large Cap Fund,Infrastructure Developers & Operators,2025-11-30,6.73
Quant Large Cap Fund,Insurance,2025-11-30,1.34
Quant Large Cap Fund,Pharmaceuticals,2025-11-30,6.63
Quant Large Cap Fund,Plantation & Plantation Products,2025-11-30,3.04
Quant Large Cap Fund,Power Generation & Distribution,2025-11-30,5.71
Quant Large Cap Fund,Realty,2025-11-30,3.03
Quant Large Cap Fund,Refineries,2025-11-30,6.69
Quant Large Cap Fund,T Bills,2025-11-30,5.28
Quant Large Cap Fund,Trading,2025-11-30,7.51
Quant Large Cap Fund,Auto Ancillaries,2025-12-31,6.78
Quant Large Cap Fund,Automobile,2025-12-31,5.47
Quant Large Cap Fund,Banks,2025-12-31,7.91
Quant Large Cap Fund,Debt Others,2025-12-31,9.38
Quant Large Cap Fund,Derivatives - Index,2025-12-31,5.96
Quant Large Cap Fund,Finance,2025-12-31,8.26
Quant Large Cap Fund,IT - Software,2025-12-31,11.65
Quant Large Cap Fund,Infrastructure Developers & Operators,2025-12-31,6.55
Quant Large Cap Fund,Insurance,2025-12-31,2.67
Quant Large Cap Fund,Pharmaceuticals,2025-12-31,4.98
Quant Large Cap Fund,Plantation & Plantation Products,2025-12-31,1.04
Quant Large Cap Fund,Power Generation & Distribution,2025-12-31,7.45
Quant Large Cap Fund,Realty,2025-12-31,2.79
Quant Large Cap Fund,Refineries,2025-12-31,5.47
Quant Large Cap Fund,T Bills,2025-12-31,5.96
Quant Large Cap Fund,Trading,2025-12-31,7.67
Quant Large Cap Fund,Auto Ancillaries,2026-01-31,6.57
Quant Large Cap Fund,Automobile,2026-01-31,9.71
Quant Large Cap Fund,Banks,2026-01-31,15.69
Quant Large Cap Fund,Debt Others,2026-01-31,6.56
Quant Large Cap Fund,Derivatives - Index,2026-01-31,5.9
Quant Large Cap Fund,FMCG,2026-01-31,1.67
Quant Large Cap Fund,Finance,2026-01-31,11.36
Quant Large Cap Fund,IT - Software,2026-01-31,7.7
Quant Large Cap Fund,Infrastructure Developers & Operators,2026-01-31,6.49
Quant Large Cap Fund,Insurance,2026-01-31,2.68
Quant Large Cap Fund,Mining & Mineral products,2026-01-31,1.57
Quant Large Cap Fund,Pharmaceuticals,2026-01-31,1.66
Quant Large Cap Fund,Power Generation & Distribution,2026-01-31,6.5
Quant Large Cap Fund,Refineries,2026-01-31,0.0
Quant Large Cap Fund,Steel,2026-01-31,3.77
Quant Large Cap Fund,T Bills,2026-01-31,4.89
Quant Large Cap Fund,Trading,2026-01-31,7.27
Quant Large Cap Fund,Aerospace & Defence,2026-02-28,1.49
Quant Large Cap Fund,Auto Ancillaries,2026-02-28,7.49
Quant Large Cap Fund,Automobile,2026-02-28,5.8
Quant Large Cap Fund,Banks,2026-02-28,19.98
Quant Large Cap Fund,Crude Oil & Natural Gas,2026-02-28,4.61
Quant Large Cap Fund,Debt Others,2026-02-28,17.32
Quant Large Cap Fund,Derivatives - Index,2026-02-28,-15.12
Quant Large Cap Fund,E-Commerce/App based Aggregator,2026-02-28,0.0
Quant Large Cap Fund,Finance,2026-02-28,14.85
Quant Large Cap Fund,IT - Software,2026-02-28,5.19
Quant Large Cap Fund,Insurance,2026-02-28,8.69
Quant Large Cap Fund,Mining & Mineral products,2026-02-28,1.48
Quant Large Cap Fund,Power Generation & Distribution,2026-02-28,7.02
Quant Large Cap Fund,Refineries,2026-02-28,2.88
Quant Large Cap Fund,Steel,2026-02-28,4.0
Quant Large Cap Fund,T Bills,2026-02-28,6.8
Quant Large Cap Fund,Trading,2026-02-28,7.52
Quant Large Cap Fund,Aerospace & Defence,2026-03-31,2.99
Quant Large Cap Fund,Auto Ancillaries,2026-03-31,6.62
Quant Large Cap Fund,Automobile,2026-03-31,4.71
Quant Large Cap Fund,Banks,2026-03-31,18.89
Quant Large Cap Fund,Debt Others,2026-03-31,-3.27
Quant Large Cap Fund,E-Commerce/App based Aggregator,2026-03-31,0.0
Quant Large Cap Fund,FMCG,2026-03-31,1.87
Quant Large Cap Fund,Finance,2026-03-31,22.05
Quant Large Cap Fund,Insurance,2026-03-31,8.03
Quant Large Cap Fund,Pharmaceuticals,2026-03-31,5.27
Quant Large Cap Fund,Power Generation & Distribution,2026-03-31,7.5
Quant Large Cap Fund,Refineries,2026-03-31,8.1
Quant Large Cap Fund,T Bills,2026-03-31,7.25
Quant Large Cap Fund,Telecom-Service,2026-03-31,2.97
Quant Large Cap Fund,Trading,2026-03-31,7.01
Quant Large Cap Fund,Auto Ancillaries,2026-04-30,8.73
Quant Large Cap Fund,Banks,2026-04-30,19.41
Quant Large Cap Fund,Consumer Durables,2026-04-30,4.61
Quant Large Cap Fund,Debt Others,2026-04-30,1.25
Quant Large Cap Fund,Finance,2026-04-30,13.41
Quant Large Cap Fund,IT - Software,2026-04-30,3.03
Quant Large Cap Fund,Insurance,2026-04-30,6.92
Quant Large Cap Fund,Power Generation & Distribution,2026-04-30,12.99
Quant Large Cap Fund,Refineries,2026-04-30,9.52
Quant Large Cap Fund,T Bills,2026-04-30,5.85
Quant Large Cap Fund,Telecom-Service,2026-04-30,5.95
Quant Large Cap Fund,Trading,2026-04-30,8.33
Quant Large Cap Fund,Auto Ancillaries,2026-05-31,8.94
Quant Large Cap Fund,Banks,2026-05-31,9.38
Quant Large Cap Fund,Consumer Durables,2026-05-31,5.77
Quant Large Cap Fund,Debt Others,2026-05-31,-4.29
Quant Large Cap Fund,FMCG,2026-05-31,2.58
Quant Large Cap Fund,Finance,2026-05-31,13.62
Quant Large Cap Fund,IT - Software,2026-05-31,6.83
Quant Large Cap Fund,Insurance,2026-05-31,7.54
Quant Large Cap Fund,Pharmaceuticals,2026-05-31,4.29
Quant Large Cap Fund,Power Generation & Distribution,2026-05-31,14.5
Quant Large Cap Fund,Refineries,2026-05-31,8.35
Quant Large Cap Fund,T Bills,2026-05-31,5.84
Quant Large Cap Fund,Telecom-Service,2026-05-31,7.41
Quant Large Cap Fund,Trading,2026-05-31,9.24
SBI Large Cap Fund,Agro Chemicals,2025-08-31,0.8
SBI Large Cap Fund,Auto Ancillaries,2025-08-31,3.09
SBI Large Cap Fund,Automobile,2025-08-31,3.59
SBI Large Cap Fund,Banks,2025-08-31,26.16
SBI Large Cap Fund,Bearings,2025-08-31,1.64
SBI Large Cap Fund,Capital Goods - Electrical Equipment,2025-08-31,1.77
SBI Large Cap Fund,Castings Forgings & Fastners,2025-08-31,0.4
SBI Large Cap Fund,Cement,2025-08-31,2.12
SBI Large Cap Fund,Debt Others,2025-08-31,0.78
SBI Large Cap Fund,Derivatives - Index,2025-08-31,0.03
SBI Large Cap Fund,E-Commerce/App based Aggregator,2025-08-31,2.46
SBI Large Cap Fund,FMCG,2025-08-31,7.01
SBI Large Cap Fund,Finance,2025-08-31,2.08
SBI Large Cap Fund,Gas Distribution,2025-08-31,0.96
SBI Large Cap Fund,IT - Software,2025-08-31,5.42
SBI Large Cap Fund,Infrastructure Developers & Operators,2025-08-31,5.08
SBI Large Cap Fund,Insurance,2025-08-31,4.42
SBI Large Cap Fund,Mining & Mineral products,2025-08-31,1.09
SBI Large Cap Fund,Non Ferrous Metals,2025-08-31,1.48
SBI Large Cap Fund,Paints/Varnish,2025-08-31,3.99
SBI Large Cap Fund,Pharmaceuticals,2025-08-31,5.68
SBI Large Cap Fund,Readymade Garments/ Apparells,2025-08-31,2.42
SBI Large Cap Fund,Refineries,2025-08-31,7.51
SBI Large Cap Fund,Retail,2025-08-31,3.06
SBI Large Cap Fund,Steel,2025-08-31,1.64
SBI Large Cap Fund,T Bills,2025-08-31,0.7
SBI Large Cap Fund,Telecom-Service,2025-08-31,2.63
SBI Large Cap Fund,Tobacco Products,2025-08-31,1.99
SBI Large Cap Fund,Agro Chemicals,2025-09-30,0.75
SBI Large Cap Fund,Auto Ancillaries,2025-09-30,3.3
SBI Large Cap Fund,Automobile,2025-09-30,4.08
SBI Large Cap Fund,Banks,2025-09-30,26.23
SBI Large Cap Fund,Bearings,2025-09-30,1.76
SBI Large Cap Fund,Capital Goods - Electrical Equipment,2025-09-30,1.74
SBI Large Cap Fund,Cement,2025-09-30,2.1
SBI Large Cap Fund,Debt Others,2025-09-30,2.27
SBI Large Cap Fund,Derivatives - Index,2025-09-30,0.07
SBI Large Cap Fund,E-Commerce/App based Aggregator,2025-09-30,2.53
SBI Large Cap Fund,FMCG,2025-09-30,6.99
SBI Large Cap Fund,Finance,2025-09-30,2.34
SBI Large Cap Fund,Gas Distribution,2025-09-30,0.97
SBI Large Cap Fund,IT - Software,2025-09-30,5.46
SBI Large Cap Fund,Infrastructure Developers & Operators,2025-09-30,5.13
SBI Large Cap Fund,Insurance,2025-09-30,4.35
SBI Large Cap Fund,Mining & Mineral products,2025-09-30,1.1
SBI Large Cap Fund,Non Ferrous Metals,2025-09-30,1.59
SBI Large Cap Fund,Paints/Varnish,2025-09-30,3.69
SBI Large Cap Fund,Pharmaceuticals,2025-09-30,5.65
SBI Large Cap Fund,Readymade Garments/ Apparells,2025-09-30,2.44
SBI Large Cap Fund,Refineries,2025-09-30,7.49
SBI Large Cap Fund,Retail,2025-09-30,2.89
SBI Large Cap Fund,Steel,2025-09-30,1.78
SBI Large Cap Fund,T Bills,2025-09-30,0.7
SBI Large Cap Fund,Telecom-Service,2025-09-30,2.6
SBI Large Cap Fund,Agro Chemicals,2025-10-31,0.74
SBI Large Cap Fund,Auto Ancillaries,2025-10-31,3.31
SBI Large Cap Fund,Automobile,2025-10-31,3.95
SBI Large Cap Fund,Banks,2025-10-31,24.39
SBI Large Cap Fund,Bearings,2025-10-31,1.67
SBI Large Cap Fund,Capital Goods - Electrical Equipment,2025-10-31,1.71
SBI Large Cap Fund,Cement,2025-10-31,1.97
SBI Large Cap Fund,Consumer Durables,2025-10-31,0.01
SBI Large Cap Fund,Debt Others,2025-10-31,4.14
SBI Large Cap Fund,Derivatives - Index,2025-10-31,0.03
SBI Large Cap Fund,E-Commerce/App based Aggregator,2025-10-31,2.38
SBI Large Cap Fund,FMCG,2025-10-31,6.7
SBI Large Cap Fund,Finance,2025-10-31,2.02
SBI Large Cap Fund,Gas Distribution,2025-10-31,0.97
SBI Large Cap Fund,IT - Software,2025-10-31,5.65
SBI Large Cap Fund,Infrastructure Developers & Operators,2025-10-31,5.45
SBI Large Cap Fund,Insurance,2025-10-31,4.16
SBI Large Cap Fund,Mining & Mineral products,2025-10-31,1.13
SBI Large Cap Fund,Non Ferrous Metals,2025-10-31,1.71
SBI Large Cap Fund,Paints/Varnish,2025-10-31,3.81
SBI Large Cap Fund,Pharmaceuticals,2025-10-31,5.95
SBI Large Cap Fund,Readymade Garments/ Apparells,2025-10-31,2.39
SBI Large Cap Fund,Refineries,2025-10-31,7.88
SBI Large Cap Fund,Retail,2025-10-31,2.6
SBI Large Cap Fund,Steel,2025-10-31,1.87
SBI Large Cap Fund,T Bills,2025-10-31,0.67
SBI Large Cap Fund,Telecom-Service,2025-10-31,2.74
SBI Large Cap Fund,Agro Chemicals,2025-11-30,0.69
SBI Large Cap Fund,Auto Ancillaries,2025-11-30,3.5
SBI Large Cap Fund,Automobile,2025-11-30,5.39
SBI Large Cap Fund,Banks,2025-11-30,24.64
SBI Large Cap Fund,Bearings,2025-11-30,1.58
SBI Large Cap Fund,Capital Goods - Electrical Equipment,2025-11-30,1.52
SBI Large Cap Fund,Cement,2025-11-30,1.8
SBI Large Cap Fund,Debt Others,2025-11-30,2.51
SBI Large Cap Fund,Derivatives - Index,2025-11-30,0.03
SBI Large Cap Fund,E-Commerce/App based Aggregator,2025-11-30,2.21
SBI Large Cap Fund,FMCG,2025-11-30,7.2
SBI Large Cap Fund,Finance,2025-11-30,2.06
SBI Large Cap Fund,Gas Distribution,2025-11-30,0.92
SBI Large Cap Fund,IT - Software,2025-11-30,5.77
SBI Large Cap Fund,Infrastructure Developers & Operators,2025-11-30,5.41
SBI Large Cap Fund,Insurance,2025-11-30,4.62
SBI Large Cap Fund,Mining & Mineral products,2025-11-30,0.99
SBI Large Cap Fund,Non Ferrous Metals,2025-11-30,1.6
SBI Large Cap Fund,Paints/Varnish,2025-11-30,4.29
SBI Large Cap Fund,Pharmaceuticals,2025-11-30,5.63
SBI Large Cap Fund,Readymade Garments/ Apparells,2025-11-30,2.18
SBI Large Cap Fund,Refineries,2025-11-30,8.24
SBI Large Cap Fund,Retail,2025-11-30,2.43
SBI Large Cap Fund,Steel,2025-11-30,1.68
SBI Large Cap Fund,T Bills,2025-11-30,0.35
SBI Large Cap Fund,Telecom-Service,2025-11-30,2.76
SBI Large Cap Fund,Agro Chemicals,2025-12-31,0.66
SBI Large Cap Fund,Auto Ancillaries,2025-12-31,3.9
SBI Large Cap Fund,Automobile,2025-12-31,4.66
SBI Large Cap Fund,Banks,2025-12-31,24.29
SBI Large Cap Fund,Bearings,2025-12-31,1.54
SBI Large Cap Fund,Capital Goods - Electrical Equipment,2025-12-31,1.57
SBI Large Cap Fund,Cement,2025-12-31,1.81
SBI Large Cap Fund,Debt Others,2025-12-31,3.78
SBI Large Cap Fund,Derivatives - Index,2025-12-31,0.12
SBI Large Cap Fund,E-Commerce/App based Aggregator,2025-12-31,2.04
SBI Large Cap Fund,FMCG,2025-12-31,6.56
SBI Large Cap Fund,Finance,2025-12-31,3.49
SBI Large Cap Fund,Gas Distribution,2025-12-31,0.89
SBI Large Cap Fund,IT - Software,2025-12-31,5.73
SBI Large Cap Fund,Infrastructure Developers & Operators,2025-12-31,5.41
SBI Large Cap Fund,Insurance,2025-12-31,5.0
SBI Large Cap Fund,Mining & Mineral products,2025-12-31,1.14
SBI Large Cap Fund,Non Ferrous Metals,2025-12-31,1.75
SBI Large Cap Fund,Other,2025-12-31,0.03
SBI Large Cap Fund,Paints/Varnish,2025-12-31,4.11
SBI Large Cap Fund,Pharmaceuticals,2025-12-31,5.51
SBI Large Cap Fund,Readymade Garments/ Apparells,2025-12-31,2.04
SBI Large Cap Fund,Refineries,2025-12-31,6.96
SBI Large Cap Fund,Retail,2025-12-31,2.4
SBI Large Cap Fund,Steel,2025-12-31,1.51
SBI Large Cap Fund,T Bills,2025-12-31,0.35
SBI Large Cap Fund,Telecom-Service,2025-12-31,2.75
SBI Large Cap Fund,Agro Chemicals,2026-01-31,0.66
SBI Large Cap Fund,Auto Ancillaries,2026-01-31,3.79
SBI Large Cap Fund,Automobile,2026-01-31,4.61
SBI Large Cap Fund,Banks,2026-01-31,25.63
SBI Large Cap Fund,Bearings,2026-01-31,1.5
SBI Large Cap Fund,Capital Goods - Electrical Equipment,2026-01-31,1.52
SBI Large Cap Fund,Cement,2026-01-31,1.87
SBI Large Cap Fund,Debt Others,2026-01-31,2.28
SBI Large Cap Fund,Derivatives - Index,2026-01-31,0.03
SBI Large Cap Fund,E-Commerce/App based Aggregator,2026-01-31,2.05
SBI Large Cap Fund,FMCG,2026-01-31,5.79
SBI Large Cap Fund,Finance,2026-01-31,3.82
SBI Large Cap Fund,Gas Distribution,2026-01-31,0.88
SBI Large Cap Fund,IT - Software,2026-01-31,6.09
SBI Large Cap Fund,Infrastructure Developers & Operators,2026-01-31,5.31
SBI Large Cap Fund,Insurance,2026-01-31,5.9
SBI Large Cap Fund,Mining & Mineral products,2026-01-31,1.31
SBI Large Cap Fund,Non Ferrous Metals,2026-01-31,1.93
SBI Large Cap Fund,Paints/Varnish,2026-01-31,3.68
SBI Large Cap Fund,Pharmaceuticals,2026-01-31,4.78
SBI Large Cap Fund,Readymade Garments/ Apparells,2026-01-31,1.91
SBI Large Cap Fund,Refineries,2026-01-31,6.31
SBI Large Cap Fund,Retail,2026-01-31,3.09
SBI Large Cap Fund,Steel,2026-01-31,1.66
SBI Large Cap Fund,T Bills,2026-01-31,0.98
SBI Large Cap Fund,Telecom-Service,2026-01-31,2.62
SBI Large Cap Fund,Agro Chemicals,2026-02-28,0.64
SBI Large Cap Fund,Auto Ancillaries,2026-02-28,4.27
SBI Large Cap Fund,Automobile,2026-02-28,4.46
SBI Large Cap Fund,Banks,2026-02-28,25.8
SBI Large Cap Fund,Bearings,2026-02-28,1.66
SBI Large Cap Fund,Capital Goods - Electrical Equipment,2026-02-28,1.64
SBI Large Cap Fund,Cement,2026-02-28,1.79
SBI Large Cap Fund,Crude Oil & Natural Gas,2026-02-28,1.01
SBI Large Cap Fund,Debt Others,2026-02-28,3.89
SBI Large Cap Fund,Derivatives - Index,2026-02-28,0.04
SBI Large Cap Fund,E-Commerce/App based Aggregator,2026-02-28,1.29
SBI Large Cap Fund,FMCG,2026-02-28,4.99
SBI Large Cap Fund,Finance,2026-02-28,3.27
SBI Large Cap Fund,Gas Distribution,2026-02-28,0.89
SBI Large Cap Fund,IT - Software,2026-02-28,4.76
SBI Large Cap Fund,Infrastructure Developers & Operators,2026-02-28,5.73
SBI Large Cap Fund,Insurance,2026-02-28,5.83
SBI Large Cap Fund,Mining & Mineral products,2026-02-28,1.37
SBI Large Cap Fund,Non Ferrous Metals,2026-02-28,1.84
SBI Large Cap Fund,Paints/Varnish,2026-02-28,3.57
SBI Large Cap Fund,Pharmaceuticals,2026-02-28,4.2
SBI Large Cap Fund,Readymade Garments/ Apparells,2026-02-28,1.84
SBI Large Cap Fund,Refineries,2026-02-28,6.25
SBI Large Cap Fund,Retail,2026-02-28,2.95
SBI Large Cap Fund,Steel,2026-02-28,1.81
SBI Large Cap Fund,T Bills,2026-02-28,0.75
SBI Large Cap Fund,Telecom-Service,2026-02-28,2.48
SBI Large Cap Fund,Tobacco Products,2026-02-28,0.98
SBI Large Cap Fund,Agro Chemicals,2026-03-31,0.63
SBI Large Cap Fund,Air Transport Service,2026-03-31,0.89
SBI Large Cap Fund,Auto Ancillaries,2026-03-31,3.95
SBI Large Cap Fund,Automobile,2026-03-31,3.98
SBI Large Cap Fund,Banks,2026-03-31,27.55
SBI Large Cap Fund,Bearings,2026-03-31,1.6
SBI Large Cap Fund,Capital Goods - Electrical Equipment,2026-03-31,1.93
SBI Large Cap Fund,Cement,2026-03-31,1.79
SBI Large Cap Fund,Debt Others,2026-03-31,2.62
SBI Large Cap Fund,Derivatives - Index,2026-03-31,0.04
SBI Large Cap Fund,E-Commerce/App based Aggregator,2026-03-31,1.36
SBI Large Cap Fund,FMCG,2026-03-31,4.33
SBI Large Cap Fund,Finance,2026-03-31,2.99
SBI Large Cap Fund,Gas Distribution,2026-03-31,0.82
SBI Large Cap Fund,IT - Software,2026-03-31,5.27
SBI Large Cap Fund,Infrastructure Developers & Operators,2026-03-31,5.3
SBI Large Cap Fund,Insurance,2026-03-31,5.44
SBI Large Cap Fund,Non Ferrous Metals,2026-03-31,2.74
SBI Large Cap Fund,Paints/Varnish,2026-03-31,3.67
SBI Large Cap Fund,Pharmaceuticals,2026-03-31,5.54
SBI Large Cap Fund,Readymade Garments/ Apparells,2026-03-31,2.06
SBI Large Cap Fund,Realty,2026-03-31,-0.34
SBI Large Cap Fund,Refineries,2026-03-31,6.79
SBI Large Cap Fund,Retail,2026-03-31,3.35
SBI Large Cap Fund,Steel,2026-03-31,1.84
SBI Large Cap Fund,T Bills,2026-03-31,0.85
SBI Large Cap Fund,Telecom-Service,2026-03-31,2.66
SBI Large Cap Fund,Agro Chemicals,2026-04-30,0.65
SBI Large Cap Fund,Air Transport Service,2026-04-30,0.88
SBI Large Cap Fund,Auto Ancillaries,2026-04-30,4.25
SBI Large Cap Fund,Automobile,2026-04-30,3.81
SBI Large Cap Fund,Banks,2026-04-30,26.37
SBI Large Cap Fund,Bearings,2026-04-30,1.59
SBI Large Cap Fund,Capital Goods - Electrical Equipment,2026-04-30,2.21
SBI Large Cap Fund,Cement,2026-04-30,2.15
SBI Large Cap Fund,Debt Others,2026-04-30,1.92
SBI Large Cap Fund,Derivatives - Index,2026-04-30,0.04
SBI Large Cap Fund,E-Commerce/App based Aggregator,2026-04-30,1.34
SBI Large Cap Fund,FMCG,2026-04-30,4.46
SBI Large Cap Fund,Finance,2026-04-30,3.18
SBI Large Cap Fund,Gas Distribution,2026-04-30,0.89
SBI Large Cap Fund,IT - Software,2026-04-30,5.73
SBI Large Cap Fund,Infrastructure Developers & Operators,2026-04-30,5.56
SBI Large Cap Fund,Insurance,2026-04-30,4.99
SBI Large Cap Fund,Marine Port & Services,2026-04-30,0.62
SBI Large Cap Fund,Non Ferrous Metals,2026-04-30,0.53
SBI Large Cap Fund,Other,2026-04-30,0.96
SBI Large Cap Fund,Paints/Varnish,2026-04-30,3.79
SBI Large Cap Fund,Pharmaceuticals,2026-04-30,6.22
SBI Large Cap Fund,Power Generation & Distribution,2026-04-30,0.35
SBI Large Cap Fund,Readymade Garments/ Apparells,2026-04-30,2.18
SBI Large Cap Fund,Realty,2026-04-30,0.0
SBI Large Cap Fund,Refineries,2026-04-30,6.56
SBI Large Cap Fund,Retail,2026-04-30,3.55
SBI Large Cap Fund,Steel,2026-04-30,1.86
SBI Large Cap Fund,T Bills,2026-04-30,0.78
SBI Large Cap Fund,Telecom-Service,2026-04-30,2.58
SBI Large Cap Fund,Agro Chemicals,2026-05-31,0.59
SBI Large Cap Fund,Air Transport Service,2026-05-31,0.91
SBI Large Cap Fund,Auto Ancillaries,2026-05-31,4.92
SBI Large Cap Fund,Automobile,2026-05-31,2.69
SBI Large Cap Fund,Banks,2026-05-31,25.67
SBI Large Cap Fund,Bearings,2026-05-31,1.57
SBI Large Cap Fund,Capital Goods - Electrical Equipment,2026-05-31,2.7
SBI Large Cap Fund,Cement,2026-05-31,2.98
SBI Large Cap Fund,Crude Oil & Natural Gas,2026-05-31,0.24
SBI Large Cap Fund,Debt Others,2026-05-31,2.25
SBI Large Cap Fund,Derivatives - Index,2026-05-31,0.04
SBI Large Cap Fund,E-Commerce/App based Aggregator,2026-05-31,1.36
SBI Large Cap Fund,FMCG,2026-05-31,4.39
SBI Large Cap Fund,Finance,2026-05-31,3.24
SBI Large Cap Fund,Gas Distribution,2026-05-31,0.89
SBI Large Cap Fund,IT - Software,2026-05-31,5.97
SBI Large Cap Fund,Infrastructure Developers & Operators,2026-05-31,5.64
SBI Large Cap Fund,Insurance,2026-05-31,5.03
SBI Large Cap Fund,Marine Port & Services,2026-05-31,0.67
SBI Large Cap Fund,Non Ferrous Metals,2026-05-31,0.49
SBI Large Cap Fund,Paints/Varnish,2026-05-31,4.14
SBI Large Cap Fund,Pharmaceuticals,2026-05-31,6.37
SBI Large Cap Fund,Power Generation & Distribution,2026-05-31,0.54
SBI Large Cap Fund,Readymade Garments/ Apparells,2026-05-31,2.26
SBI Large Cap Fund,Refineries,2026-05-31,6.05
SBI Large Cap Fund,Retail,2026-05-31,3.19
SBI Large Cap Fund,Steel,2026-05-31,2.24
SBI Large Cap Fund,T Bills,2026-05-31,0.78
SBI Large Cap Fund,Telecom-Service,2026-05-31,2.19
Samco Large Cap Fund,Aerospace & Defence,2025-08-31,3.76
Samco Large Cap Fund,Air Transport Service,2025-08-31,4.24
Samco Large Cap Fund,Auto Ancillaries,2025-08-31,2.91
Samco Large Cap Fund,Automobile,2025-08-31,8.15
Samco Large Cap Fund,Banks,2025-08-31,7.57
Samco Large Cap Fund,Cement,2025-08-31,2.84
Samco Large Cap Fund,Debt Others,2025-08-31,98.51
Samco Large Cap Fund,E-Commerce/App based Aggregator,2025-08-31,2.33
Samco Large Cap Fund,Finance,2025-08-31,10.56
Samco Large Cap Fund,Insurance,2025-08-31,6.42
Samco Large Cap Fund,Pharmaceuticals,2025-08-31,3.46
Samco Large Cap Fund,Preference n Warrants,2025-08-31,0.04
Samco Large Cap Fund,Refineries,2025-08-31,2.64
Samco Large Cap Fund,Steel,2025-08-31,2.28
Samco Large Cap Fund,Telecom-Service,2025-08-31,3.89
Samco Large Cap Fund,Textiles,2025-08-31,2.11
Samco Large Cap Fund,Aerospace & Defence,2025-09-30,4.24
Samco Large Cap Fund,Air Transport Service,2025-09-30,3.34
Samco Large Cap Fund,Auto Ancillaries,2025-09-30,2.87
Samco Large Cap Fund,Automobile,2025-09-30,10.98
Samco Large Cap Fund,Banks,2025-09-30,7.58
Samco Large Cap Fund,Cement,2025-09-30,3.7
Samco Large Cap Fund,Debt Others,2025-09-30,80.21
Samco Large Cap Fund,E-Commerce/App based Aggregator,2025-09-30,2.49
Samco Large Cap Fund,FMCG,2025-09-30,2.14
Samco Large Cap Fund,Finance,2025-09-30,8.3
Samco Large Cap Fund,Healthcare,2025-09-30,1.26
Samco Large Cap Fund,Insurance,2025-09-30,6.36
Samco Large Cap Fund,Pharmaceuticals,2025-09-30,3.12
Samco Large Cap Fund,Preference n Warrants,2025-09-30,0.05
Samco Large Cap Fund,Steel,2025-09-30,2.62
Samco Large Cap Fund,Telecom-Service,2025-09-30,4.0
Samco Large Cap Fund,Textiles,2025-09-30,2.17
Samco Large Cap Fund,Aerospace & Defence,2025-10-31,10.79
Samco Large Cap Fund,Air Transport Service,2025-10-31,3.37
Samco Large Cap Fund,Auto Ancillaries,2025-10-31,4.64
Samco Large Cap Fund,Automobile,2025-10-31,26.71
Samco Large Cap Fund,Banks,2025-10-31,14.42
Samco Large Cap Fund,Debt Others,2025-10-31,1.62
Samco Large Cap Fund,E-Commerce/App based Aggregator,2025-10-31,4.71
Samco Large Cap Fund,Finance,2025-10-31,6.03
Samco Large Cap Fund,Healthcare,2025-10-31,4.25
Samco Large Cap Fund,Infrastructure Developers & Operators,2025-10-31,2.96
Samco Large Cap Fund,Insurance,2025-10-31,3.28
Samco Large Cap Fund,Non Ferrous Metals,2025-10-31,3.34
Samco Large Cap Fund,Power Generation & Distribution,2025-10-31,3.41
Samco Large Cap Fund,Preference n Warrants,2025-10-31,0.05
Samco Large Cap Fund,Steel,2025-10-31,7.05
Samco Large Cap Fund,Telecom-Service,2025-10-31,4.38
Samco Large Cap Fund,Aerospace & Defence,2025-11-30,4.6
Samco Large Cap Fund,Air Transport Service,2025-11-30,3.95
Samco Large Cap Fund,Auto Ancillaries,2025-11-30,2.89
Samco Large Cap Fund,Automobile,2025-11-30,23.78
Samco Large Cap Fund,Banks,2025-11-30,16.61
Samco Large Cap Fund,Debt Others,2025-11-30,8.05
Samco Large Cap Fund,Diamond Gems and Jewellery,2025-11-30,3.4
Samco Large Cap Fund,E-Commerce/App based Aggregator,2025-11-30,2.64
Samco Large Cap Fund,Finance,2025-11-30,4.72
Samco Large Cap Fund,Infrastructure Developers & Operators,2025-11-30,2.91
Samco Large Cap Fund,Insurance,2025-11-30,4.38
Samco Large Cap Fund,Non Ferrous Metals,2025-11-30,3.97
Samco Large Cap Fund,Power Generation & Distribution,2025-11-30,4.04
Samco Large Cap Fund,Preference n Warrants,2025-11-30,0.05
Samco Large Cap Fund,Steel,2025-11-30,9.25
Samco Large Cap Fund,Telecom-Service,2025-11-30,4.76
Samco Large Cap Fund,Aerospace & Defence,2025-12-31,3.31
Samco Large Cap Fund,Auto Ancillaries,2025-12-31,2.99
Samco Large Cap Fund,Automobile,2025-12-31,23.14
Samco Large Cap Fund,Banks,2025-12-31,14.09
Samco Large Cap Fund,Debt Others,2025-12-31,22.86
Samco Large Cap Fund,Diamond Gems and Jewellery,2025-12-31,3.65
Samco Large Cap Fund,Finance,2025-12-31,9.79
Samco Large Cap Fund,Infrastructure Developers & Operators,2025-12-31,2.91
Samco Large Cap Fund,Insurance,2025-12-31,4.69
Samco Large Cap Fund,Non Ferrous Metals,2025-12-31,4.66
Samco Large Cap Fund,Power Generation & Distribution,2025-12-31,2.15
Samco Large Cap Fund,Preference n Warrants,2025-12-31,0.05
Samco Large Cap Fund,Refineries,2025-12-31,3.2
Samco Large Cap Fund,Steel,2025-12-31,2.95
Samco Large Cap Fund,Telecom-Service,2025-12-31,4.94
Samco Large Cap Fund,Automobile,2026-01-31,14.3
Samco Large Cap Fund,Banks,2026-01-31,9.45
Samco Large Cap Fund,Debt Others,2026-01-31,76.35
Samco Large Cap Fund,Diamond Gems and Jewellery,2026-01-31,3.6
Samco Large Cap Fund,Finance,2026-01-31,6.14
Samco Large Cap Fund,Infrastructure Developers & Operators,2026-01-31,3.05
Samco Large Cap Fund,Insurance,2026-01-31,3.97
Samco Large Cap Fund,Mining & Mineral products,2026-01-31,2.69
Samco Large Cap Fund,Non Ferrous Metals,2026-01-31,9.34
Samco Large Cap Fund,Power Generation & Distribution,2026-01-31,0.54
Samco Large Cap Fund,Preference n Warrants,2026-01-31,0.06
Samco Large Cap Fund,Steel,2026-01-31,3.34
Samco Large Cap Fund,Telecom-Service,2026-01-31,3.46
Samco Large Cap Fund,Aerospace & Defence,2026-02-28,4.27
Samco Large Cap Fund,Auto Ancillaries,2026-02-28,3.91
Samco Large Cap Fund,Automobile,2026-02-28,10.12
Samco Large Cap Fund,Banks,2026-02-28,22.34
Samco Large Cap Fund,Debt Others,2026-02-28,0.17
Samco Large Cap Fund,Diamond Gems and Jewellery,2026-02-28,3.73
Samco Large Cap Fund,Finance,2026-02-28,8.36
Samco Large Cap Fund,Infrastructure Developers & Operators,2026-02-28,3.86
Samco Large Cap Fund,Insurance,2026-02-28,3.64
Samco Large Cap Fund,Mining & Mineral products,2026-02-28,5.08
Samco Large Cap Fund,Non Ferrous Metals,2026-02-28,7.49
Samco Large Cap Fund,Pharmaceuticals,2026-02-28,3.59
Samco Large Cap Fund,Power Generation & Distribution,2026-02-28,5.29
Samco Large Cap Fund,Refineries,2026-02-28,8.03
Samco Large Cap Fund,Steel,2026-02-28,10.12
Samco Large Cap Fund,Aerospace & Defence,2026-03-31,1.25
Samco Large Cap Fund,Auto Ancillaries,2026-03-31,0.63
Samco Large Cap Fund,Automobile,2026-03-31,1.59
Samco Large Cap Fund,Banks,2026-03-31,3.62
Samco Large Cap Fund,Crude Oil & Natural Gas,2026-03-31,0.83
Samco Large Cap Fund,Debt Others,2026-03-31,80.35
Samco Large Cap Fund,Diamond Gems and Jewellery,2026-03-31,1.05
Samco Large Cap Fund,FMCG,2026-03-31,0.49
Samco Large Cap Fund,Finance,2026-03-31,1.11
Samco Large Cap Fund,Infrastructure Developers & Operators,2026-03-31,0.01
Samco Large Cap Fund,Insurance,2026-03-31,0.7
Samco Large Cap Fund,Mining & Mineral products,2026-03-31,1.05
Samco Large Cap Fund,Non Ferrous Metals,2026-03-31,2.71
Samco Large Cap Fund,Pharmaceuticals,2026-03-31,1.11
Samco Large Cap Fund,Power Generation & Distribution,2026-03-31,1.41
Samco Large Cap Fund,Refineries,2026-03-31,0.05
Samco Large Cap Fund,Steel,2026-03-31,2.04
Samco Large Cap Fund,Aerospace & Defence,2026-04-30,3.72
Samco Large Cap Fund,Auto Ancillaries,2026-04-30,3.63
Samco Large Cap Fund,Automobile,2026-04-30,6.48
Samco Large Cap Fund,Banks,2026-04-30,17.51
Samco Large Cap Fund,Capital Goods - Electrical Equipment,2026-04-30,4.74
Samco Large Cap Fund,Capital Goods-Non Electrical Equipment,2026-04-30,5.82
Samco Large Cap Fund,Crude Oil & Natural Gas,2026-04-30,3.98
Samco Large Cap Fund,Debt Others,2026-04-30,0.51
Samco Large Cap Fund,Diamond Gems and Jewellery,2026-04-30,4.94
Samco Large Cap Fund,Finance,2026-04-30,4.61
Samco Large Cap Fund,Mining & Mineral products,2026-04-30,3.18
Samco Large Cap Fund,Non Ferrous Metals,2026-04-30,11.19
Samco Large Cap Fund,Other,2026-04-30,4.6
Samco Large Cap Fund,Pharmaceuticals,2026-04-30,3.86
Samco Large Cap Fund,Power Generation & Distribution,2026-04-30,10.13
Samco Large Cap Fund,Preference n Warrants,2026-04-30,0.06
Samco Large Cap Fund,Steel,2026-04-30,11.04
Samco Large Cap Fund,Aerospace & Defence,2026-05-31,3.66
Samco Large Cap Fund,Auto Ancillaries,2026-05-31,4.36
Samco Large Cap Fund,Automobile,2026-05-31,10.03
Samco Large Cap Fund,Banks,2026-05-31,5.56
Samco Large Cap Fund,Capital Goods - Electrical Equipment,2026-05-31,7.32
Samco Large Cap Fund,Capital Goods-Non Electrical Equipment,2026-05-31,6.51
Samco Large Cap Fund,Crude Oil & Natural Gas,2026-05-31,4.69
Samco Large Cap Fund,Debt Others,2026-05-31,0.63
Samco Large Cap Fund,Diamond Gems and Jewellery,2026-05-31,3.01
Samco Large Cap Fund,Finance,2026-05-31,3.57
Samco Large Cap Fund,Marine Port & Services,2026-05-31,3.73
Samco Large Cap Fund,Non Ferrous Metals,2026-05-31,14.56
Samco Large Cap Fund,Pharmaceuticals,2026-05-31,4.76
Samco Large Cap Fund,Power Generation & Distribution,2026-05-31,15.54
Samco Large Cap Fund,Steel,2026-05-31,12.07
Sundaram Large Cap Fund,Agro Chemicals,2025-08-31,1.87
Sundaram Large Cap Fund,Air Transport Service,2025-08-31,2.48
Sundaram Large Cap Fund,Auto Ancillaries,2025-08-31,2.28
Sundaram Large Cap Fund,Automobile,2025-08-31,7.24
Sundaram Large Cap Fund,Banks,2025-08-31,27.57
Sundaram Large Cap Fund,Cables,2025-08-31,0.98
Sundaram Large Cap Fund,Cement,2025-08-31,2.37
Sundaram Large Cap Fund,Crude Oil & Natural Gas,2025-08-31,1.69
Sundaram Large Cap Fund,Debt Others,2025-08-31,5.2
Sundaram Large Cap Fund,E-Commerce/App based Aggregator,2025-08-31,0.97
Sundaram Large Cap Fund,FMCG,2025-08-31,1.75
Sundaram Large Cap Fund,IT - Software,2025-08-31,8.68
Sundaram Large Cap Fund,Infrastructure Developers & Operators,2025-08-31,3.03
Sundaram Large Cap Fund,Insurance,2025-08-31,6.07
Sundaram Large Cap Fund,Pharmaceuticals,2025-08-31,7.09
Sundaram Large Cap Fund,Plantation & Plantation Products,2025-08-31,1.03
Sundaram Large Cap Fund,Power Generation & Distribution,2025-08-31,1.95
Sundaram Large Cap Fund,Preference n Warrants,2025-08-31,0.03
Sundaram Large Cap Fund,Quick Service Restaurant,2025-08-31,1.12
Sundaram Large Cap Fund,Refineries,2025-08-31,7.28
Sundaram Large Cap Fund,Retail,2025-08-31,3.73
Sundaram Large Cap Fund,Telecom-Service,2025-08-31,5.59
Sundaram Large Cap Fund,Agro Chemicals,2025-09-30,2.17
Sundaram Large Cap Fund,Air Transport Service,2025-09-30,2.47
Sundaram Large Cap Fund,Auto Ancillaries,2025-09-30,2.26
Sundaram Large Cap Fund,Automobile,2025-09-30,7.62
Sundaram Large Cap Fund,Banks,2025-09-30,28.01
Sundaram Large Cap Fund,Cables,2025-09-30,1.05
Sundaram Large Cap Fund,Cement,2025-09-30,2.31
Sundaram Large Cap Fund,Crude Oil & Natural Gas,2025-09-30,1.8
Sundaram Large Cap Fund,Debt Others,2025-09-30,7.99
Sundaram Large Cap Fund,E-Commerce/App based Aggregator,2025-09-30,0.94
Sundaram Large Cap Fund,FMCG,2025-09-30,1.61
Sundaram Large Cap Fund,IT - Software,2025-09-30,8.45
Sundaram Large Cap Fund,Infrastructure Developers & Operators,2025-09-30,3.1
Sundaram Large Cap Fund,Insurance,2025-09-30,3.98
Sundaram Large Cap Fund,Pharmaceuticals,2025-09-30,5.14
Sundaram Large Cap Fund,Plantation & Plantation Products,2025-09-30,1.1
Sundaram Large Cap Fund,Power Generation & Distribution,2025-09-30,2.04
Sundaram Large Cap Fund,Preference n Warrants,2025-09-30,0.03
Sundaram Large Cap Fund,Quick Service Restaurant,2025-09-30,1.1
Sundaram Large Cap Fund,Refineries,2025-09-30,7.68
Sundaram Large Cap Fund,Retail,2025-09-30,3.53
Sundaram Large Cap Fund,Telecom-Service,2025-09-30,5.6
Sundaram Large Cap Fund,Agro Chemicals,2025-10-31,2.16
Sundaram Large Cap Fund,Air Transport Service,2025-10-31,2.43
Sundaram Large Cap Fund,Auto Ancillaries,2025-10-31,2.17
Sundaram Large Cap Fund,Automobile,2025-10-31,7.59
Sundaram Large Cap Fund,Banks,2025-10-31,28.39
Sundaram Large Cap Fund,Cables,2025-10-31,1.02
Sundaram Large Cap Fund,Cement,2025-10-31,2.21
Sundaram Large Cap Fund,Crude Oil & Natural Gas,2025-10-31,1.84
Sundaram Large Cap Fund,Debt Others,2025-10-31,2.96
Sundaram Large Cap Fund,E-Commerce/App based Aggregator,2025-10-31,2.92
Sundaram Large Cap Fund,FMCG,2025-10-31,3.03
Sundaram Large Cap Fund,IT - Software,2025-10-31,8.55
Sundaram Large Cap Fund,Infrastructure Developers & Operators,2025-10-31,3.33
Sundaram Large Cap Fund,Insurance,2025-10-31,3.24
Sundaram Large Cap Fund,Pharmaceuticals,2025-10-31,5.17
Sundaram Large Cap Fund,Plantation & Plantation Products,2025-10-31,1.11
Sundaram Large Cap Fund,Power Generation & Distribution,2025-10-31,1.97
Sundaram Large Cap Fund,Preference n Warrants,2025-10-31,0.03
Sundaram Large Cap Fund,Quick Service Restaurant,2025-10-31,1.04
Sundaram Large Cap Fund,Refineries,2025-10-31,7.61
Sundaram Large Cap Fund,Retail,2025-10-31,5.23
Sundaram Large Cap Fund,Telecom-Service,2025-10-31,5.98
Sundaram Large Cap Fund,Agro Chemicals,2025-11-30,2.03
Sundaram Large Cap Fund,Air Transport Service,2025-11-30,2.52
Sundaram Large Cap Fund,Auto Ancillaries,2025-11-30,2.26
Sundaram Large Cap Fund,Automobile,2025-11-30,7.79
Sundaram Large Cap Fund,Banks,2025-11-30,28.89
Sundaram Large Cap Fund,Cables,2025-11-30,1.04
Sundaram Large Cap Fund,Cement,2025-11-30,2.12
Sundaram Large Cap Fund,Crude Oil & Natural Gas,2025-11-30,1.74
Sundaram Large Cap Fund,Debt Others,2025-11-30,2.19
Sundaram Large Cap Fund,E-Commerce/App based Aggregator,2025-11-30,2.7
Sundaram Large Cap Fund,FMCG,2025-11-30,2.96
Sundaram Large Cap Fund,IT - Software,2025-11-30,8.94
Sundaram Large Cap Fund,Infrastructure Developers & Operators,2025-11-30,3.33
Sundaram Large Cap Fund,Insurance,2025-11-30,3.23
Sundaram Large Cap Fund,Pharmaceuticals,2025-11-30,5.49
Sundaram Large Cap Fund,Plantation & Plantation Products,2025-11-30,1.11
Sundaram Large Cap Fund,Power Generation & Distribution,2025-11-30,1.89
Sundaram Large Cap Fund,Preference n Warrants,2025-11-30,0.03
Sundaram Large Cap Fund,Quick Service Restaurant,2025-11-30,1.04
Sundaram Large Cap Fund,Refineries,2025-11-30,7.79
Sundaram Large Cap Fund,Retail,2025-11-30,4.87
Sundaram Large Cap Fund,Telecom-Service,2025-11-30,6.05
Sundaram Large Cap Fund,Agro Chemicals,2025-12-31,1.95
Sundaram Large Cap Fund,Air Transport Service,2025-12-31,2.18
Sundaram Large Cap Fund,Auto Ancillaries,2025-12-31,2.49
Sundaram Large Cap Fund,Automobile,2025-12-31,6.07
Sundaram Large Cap Fund,Banks,2025-12-31,29.8
Sundaram Large Cap Fund,Cables,2025-12-31,1.13
Sundaram Large Cap Fund,Cement,2025-12-31,2.17
Sundaram Large Cap Fund,Crude Oil & Natural Gas,2025-12-31,1.8
Sundaram Large Cap Fund,Debt Others,2025-12-31,2.68
Sundaram Large Cap Fund,E-Commerce/App based Aggregator,2025-12-31,2.77
Sundaram Large Cap Fund,FMCG,2025-12-31,3.04
Sundaram Large Cap Fund,IT - Software,2025-12-31,9.13
Sundaram Large Cap Fund,Infrastructure Developers & Operators,2025-12-31,3.37
Sundaram Large Cap Fund,Insurance,2025-12-31,2.01
Sundaram Large Cap Fund,Pharmaceuticals,2025-12-31,6.37
Sundaram Large Cap Fund,Plantation & Plantation Products,2025-12-31,1.13
Sundaram Large Cap Fund,Power Generation & Distribution,2025-12-31,1.93
Sundaram Large Cap Fund,Preference n Warrants,2025-12-31,0.03
Sundaram Large Cap Fund,Quick Service Restaurant,2025-12-31,0.97
Sundaram Large Cap Fund,Refineries,2025-12-31,8.09
Sundaram Large Cap Fund,Retail,2025-12-31,4.76
Sundaram Large Cap Fund,Telecom-Service,2025-12-31,6.12
Sundaram Large Cap Fund,Agro Chemicals,2026-01-31,1.98
Sundaram Large Cap Fund,Air Transport Service,2026-01-31,2.04
Sundaram Large Cap Fund,Auto Ancillaries,2026-01-31,2.44
Sundaram Large Cap Fund,Automobile,2026-01-31,5.99
Sundaram Large Cap Fund,Banks,2026-01-31,31.76
Sundaram Large Cap Fund,Cables,2026-01-31,0.59
Sundaram Large Cap Fund,Cement,2026-01-31,2.41
Sundaram Large Cap Fund,Debt Others,2026-01-31,4.92
Sundaram Large Cap Fund,E-Commerce/App based Aggregator,2026-01-31,2.41
Sundaram Large Cap Fund,FMCG,2026-01-31,3.08
Sundaram Large Cap Fund,IT - Software,2026-01-31,9.82
Sundaram Large Cap Fund,Infrastructure Developers & Operators,2026-01-31,3.34
Sundaram Large Cap Fund,Insurance,2026-01-31,3.02
Sundaram Large Cap Fund,Pharmaceuticals,2026-01-31,7.21
Sundaram Large Cap Fund,Plantation & Plantation Products,2026-01-31,1.11
Sundaram Large Cap Fund,Power Generation & Distribution,2026-01-31,2.14
Sundaram Large Cap Fund,Preference n Warrants,2026-01-31,0.03
Sundaram Large Cap Fund,Quick Service Restaurant,2026-01-31,0.89
Sundaram Large Cap Fund,Refineries,2026-01-31,4.32
Sundaram Large Cap Fund,Retail,2026-01-31,4.6
Sundaram Large Cap Fund,Telecom-Service,2026-01-31,5.89
Sundaram Large Cap Fund,Agro Chemicals,2026-02-28,1.95
Sundaram Large Cap Fund,Air Transport Service,2026-02-28,2.16
Sundaram Large Cap Fund,Auto Ancillaries,2026-02-28,2.53
Sundaram Large Cap Fund,Automobile,2026-02-28,6.16
Sundaram Large Cap Fund,Banks,2026-02-28,32.52
Sundaram Large Cap Fund,Capital Goods-Non Electrical Equipment,2026-02-28,0.29
Sundaram Large Cap Fund,Cement,2026-02-28,2.42
Sundaram Large Cap Fund,Debt Others,2026-02-28,4.76
Sundaram Large Cap Fund,E-Commerce/App based Aggregator,2026-02-28,2.23
Sundaram Large Cap Fund,FMCG,2026-02-28,3.34
Sundaram Large Cap Fund,Hotels & Restaurants,2026-02-28,1.0
Sundaram Large Cap Fund,IT - Software,2026-02-28,7.83
Sundaram Large Cap Fund,Infrastructure Developers & Operators,2026-02-28,3.66
Sundaram Large Cap Fund,Insurance,2026-02-28,3.13
Sundaram Large Cap Fund,Pharmaceuticals,2026-02-28,6.79
Sundaram Large Cap Fund,Plantation & Plantation Products,2026-02-28,1.13
Sundaram Large Cap Fund,Power Generation & Distribution,2026-02-28,2.32
Sundaram Large Cap Fund,Preference n Warrants,2026-02-28,0.04
Sundaram Large Cap Fund,Quick Service Restaurant,2026-02-28,0.94
Sundaram Large Cap Fund,Refineries,2026-02-28,4.34
Sundaram Large Cap Fund,Retail,2026-02-28,4.81
Sundaram Large Cap Fund,Telecom-Service,2026-02-28,5.66
Sundaram Large Cap Fund,Agro Chemicals,2026-03-31,1.91
Sundaram Large Cap Fund,Air Transport Service,2026-03-31,1.98
Sundaram Large Cap Fund,Auto Ancillaries,2026-03-31,2.63
Sundaram Large Cap Fund,Automobile,2026-03-31,6.02
Sundaram Large Cap Fund,Banks,2026-03-31,30.57
Sundaram Large Cap Fund,Capital Goods-Non Electrical Equipment,2026-03-31,0.3
Sundaram Large Cap Fund,Cement,2026-03-31,2.31
Sundaram Large Cap Fund,Debt Others,2026-03-31,3.25
Sundaram Large Cap Fund,E-Commerce/App based Aggregator,2026-03-31,2.23
Sundaram Large Cap Fund,Electronics,2026-03-31,1.43
Sundaram Large Cap Fund,FMCG,2026-03-31,3.34
Sundaram Large Cap Fund,Hotels & Restaurants,2026-03-31,0.96
Sundaram Large Cap Fund,IT - Software,2026-03-31,8.62
Sundaram Large Cap Fund,Infrastructure Developers & Operators,2026-03-31,3.37
Sundaram Large Cap Fund,Insurance,2026-03-31,3.09
Sundaram Large Cap Fund,Mutual Fund Units,2026-03-31,0.0
Sundaram Large Cap Fund,Pharmaceuticals,2026-03-31,7.38
Sundaram Large Cap Fund,Plantation & Plantation Products,2026-03-31,1.12
Sundaram Large Cap Fund,Power Generation & Distribution,2026-03-31,2.52
Sundaram Large Cap Fund,Quick Service Restaurant,2026-03-31,0.88
Sundaram Large Cap Fund,Refineries,2026-03-31,4.7
Sundaram Large Cap Fund,Retail,2026-03-31,5.2
Sundaram Large Cap Fund,T Bills,2026-03-31,0.16
Sundaram Large Cap Fund,Telecom-Service,2026-03-31,6.03
Sundaram Large Cap Fund,Agro Chemicals,2026-04-30,2.02
Sundaram Large Cap Fund,Air Transport Service,2026-04-30,2.03
Sundaram Large Cap Fund,Auto Ancillaries,2026-04-30,2.74
Sundaram Large Cap Fund,Automobile,2026-04-30,7.19
Sundaram Large Cap Fund,Banks,2026-04-30,30.87
Sundaram Large Cap Fund,Capital Goods-Non Electrical Equipment,2026-04-30,0.33
Sundaram Large Cap Fund,Cement,2026-04-30,2.35
Sundaram Large Cap Fund,Consumer Durables,2026-04-30,0.01
Sundaram Large Cap Fund,Debt Others,2026-04-30,4.0
Sundaram Large Cap Fund,E-Commerce/App based Aggregator,2026-04-30,2.16
Sundaram Large Cap Fund,Electronics,2026-04-30,1.64
Sundaram Large Cap Fund,FMCG,2026-04-30,2.39
Sundaram Large Cap Fund,Hotels & Restaurants,2026-04-30,1.51
Sundaram Large Cap Fund,IT - Software,2026-04-30,7.95
Sundaram Large Cap Fund,Infrastructure Developers & Operators,2026-04-30,3.64
Sundaram Large Cap Fund,Insurance,2026-04-30,2.99
Sundaram Large Cap Fund,Pharmaceuticals,2026-04-30,3.71
Sundaram Large Cap Fund,Plantation & Plantation Products,2026-04-30,1.2
Sundaram Large Cap Fund,Power Generation & Distribution,2026-04-30,2.56
Sundaram Large Cap Fund,Quick Service Restaurant,2026-04-30,1.64
Sundaram Large Cap Fund,Refineries,2026-04-30,5.22
Sundaram Large Cap Fund,Retail,2026-04-30,5.84
Sundaram Large Cap Fund,Telecom-Service,2026-04-30,6.02
Sundaram Large Cap Fund,Agro Chemicals,2026-05-31,1.87
Sundaram Large Cap Fund,Air Transport Service,2026-05-31,2.13
Sundaram Large Cap Fund,Auto Ancillaries,2026-05-31,3.3
Sundaram Large Cap Fund,Automobile,2026-05-31,7.16
Sundaram Large Cap Fund,Banks,2026-05-31,28.73
Sundaram Large Cap Fund,Capital Goods-Non Electrical Equipment,2026-05-31,0.38
Sundaram Large Cap Fund,Cement,2026-05-31,2.37
Sundaram Large Cap Fund,Consumer Durables,2026-05-31,0.01
Sundaram Large Cap Fund,Debt Others,2026-05-31,3.07
Sundaram Large Cap Fund,E-Commerce/App based Aggregator,2026-05-31,2.15
Sundaram Large Cap Fund,Electronics,2026-05-31,1.95
Sundaram Large Cap Fund,FMCG,2026-05-31,2.58
Sundaram Large Cap Fund,Finance,2026-05-31,2.15
Sundaram Large Cap Fund,Hotels & Restaurants,2026-05-31,1.58
Sundaram Large Cap Fund,IT - Software,2026-05-31,8.05
Sundaram Large Cap Fund,Infrastructure Developers & Operators,2026-05-31,3.77
Sundaram Large Cap Fund,Insurance,2026-05-31,3.09
Sundaram Large Cap Fund,Pharmaceuticals,2026-05-31,3.91
Sundaram Large Cap Fund,Plantation & Plantation Products,2026-05-31,1.26
Sundaram Large Cap Fund,Power Generation & Distribution,2026-05-31,2.54
Sundaram Large Cap Fund,Quick Service Restaurant,2026-05-31,1.5
Sundaram Large Cap Fund,Refineries,2026-05-31,4.96
Sundaram Large Cap Fund,Retail,2026-05-31,5.54
Sundaram Large Cap Fund,Telecom-Service,2026-05-31,5.95
Tata Large Cap Fund,Alcoholic Beverages,2025-08-31,2.08
Tata Large Cap Fund,Auto Ancillaries,2025-08-31,1.86
Tata Large Cap Fund,Automobile,2025-08-31,10.8
Tata Large Cap Fund,Banks,2025-08-31,26.88
Tata Large Cap Fund,Capital Goods - Electrical Equipment,2025-08-31,2.4
Tata Large Cap Fund,Castings Forgings & Fastners,2025-08-31,1.21
Tata Large Cap Fund,Cement,2025-08-31,4.33
Tata Large Cap Fund,Consumer Durables,2025-08-31,2.0
Tata Large Cap Fund,Debt Others,2025-08-31,2.41
Tata Large Cap Fund,Electronics,2025-08-31,0.67
Tata Large Cap Fund,FMCG,2025-08-31,3.2
Tata Large Cap Fund,Finance,2025-08-31,4.32
Tata Large Cap Fund,IT - Software,2025-08-31,9.83
Tata Large Cap Fund,Infrastructure Developers & Operators,2025-08-31,3.73
Tata Large Cap Fund,Insurance,2025-08-31,2.21
Tata Large Cap Fund,Marine Port & Services,2025-08-31,1.23
Tata Large Cap Fund,Pharmaceuticals,2025-08-31,3.33
Tata Large Cap Fund,Power Generation & Distribution,2025-08-31,4.37
Tata Large Cap Fund,Quick Service Restaurant,2025-08-31,1.24
Tata Large Cap Fund,Refineries,2025-08-31,5.45
Tata Large Cap Fund,Steel,2025-08-31,4.06
Tata Large Cap Fund,Telecom-Service,2025-08-31,2.35
Tata Large Cap Fund,Textiles,2025-08-31,0.04
Tata Large Cap Fund,Alcoholic Beverages,2025-09-30,2.05
Tata Large Cap Fund,Auto Ancillaries,2025-09-30,2.07
Tata Large Cap Fund,Automobile,2025-09-30,10.87
Tata Large Cap Fund,Banks,2025-09-30,26.75
Tata Large Cap Fund,Capital Goods - Electrical Equipment,2025-09-30,2.41
Tata Large Cap Fund,Castings Forgings & Fastners,2025-09-30,1.29
Tata Large Cap Fund,Cement,2025-09-30,4.16
Tata Large Cap Fund,Consumer Durables,2025-09-30,1.86
Tata Large Cap Fund,Debt Others,2025-09-30,2.33
Tata Large Cap Fund,Electronics,2025-09-30,0.61
Tata Large Cap Fund,FMCG,2025-09-30,3.39
Tata Large Cap Fund,Finance,2025-09-30,4.74
Tata Large Cap Fund,IT - Software,2025-09-30,9.2
Tata Large Cap Fund,Infrastructure Developers & Operators,2025-09-30,3.69
Tata Large Cap Fund,Insurance,2025-09-30,2.11
Tata Large Cap Fund,Marine Port & Services,2025-09-30,1.28
Tata Large Cap Fund,Non Ferrous Metals,2025-09-30,0.85
Tata Large Cap Fund,Pharmaceuticals,2025-09-30,2.62
Tata Large Cap Fund,Power Generation & Distribution,2025-09-30,4.54
Tata Large Cap Fund,Quick Service Restaurant,2025-09-30,1.16
Tata Large Cap Fund,Refineries,2025-09-30,5.34
Tata Large Cap Fund,Steel,2025-09-30,4.37
Tata Large Cap Fund,Telecom-Service,2025-09-30,2.27
Tata Large Cap Fund,Textiles,2025-09-30,0.04
Tata Large Cap Fund,Alcoholic Beverages,2025-10-31,2.13
Tata Large Cap Fund,Auto Ancillaries,2025-10-31,1.98
Tata Large Cap Fund,Automobile,2025-10-31,10.49
Tata Large Cap Fund,Banks,2025-10-31,26.91
Tata Large Cap Fund,Capital Goods - Electrical Equipment,2025-10-31,2.44
Tata Large Cap Fund,Castings Forgings & Fastners,2025-10-31,1.35
Tata Large Cap Fund,Cement,2025-10-31,2.76
Tata Large Cap Fund,Consumer Durables,2025-10-31,2.81
Tata Large Cap Fund,Debt Others,2025-10-31,2.83
Tata Large Cap Fund,Electronics,2025-10-31,0.59
Tata Large Cap Fund,FMCG,2025-10-31,3.82
Tata Large Cap Fund,Finance,2025-10-31,4.7
Tata Large Cap Fund,IT - Software,2025-10-31,10.0
Tata Large Cap Fund,Infrastructure Developers & Operators,2025-10-31,3.91
Tata Large Cap Fund,Insurance,2025-10-31,1.97
Tata Large Cap Fund,Marine Port & Services,2025-10-31,1.27
Tata Large Cap Fund,Non Ferrous Metals,2025-10-31,0.91
Tata Large Cap Fund,Pharmaceuticals,2025-10-31,1.08
Tata Large Cap Fund,Power Generation & Distribution,2025-10-31,4.58
Tata Large Cap Fund,Quick Service Restaurant,2025-10-31,0.96
Tata Large Cap Fund,Refineries,2025-10-31,5.59
Tata Large Cap Fund,Steel,2025-10-31,4.49
Tata Large Cap Fund,Telecom-Service,2025-10-31,2.39
Tata Large Cap Fund,Textiles,2025-10-31,0.04
Tata Large Cap Fund,Alcoholic Beverages,2025-11-30,2.13
Tata Large Cap Fund,Auto Ancillaries,2025-11-30,2.16
Tata Large Cap Fund,Automobile,2025-11-30,10.68
Tata Large Cap Fund,Banks,2025-11-30,27.09
Tata Large Cap Fund,Capital Goods - Electrical Equipment,2025-11-30,1.7
Tata Large Cap Fund,Castings Forgings & Fastners,2025-11-30,1.44
Tata Large Cap Fund,Cement,2025-11-30,2.94
Tata Large Cap Fund,Consumer Durables,2025-11-30,2.15
Tata Large Cap Fund,Debt Others,2025-11-30,3.34
Tata Large Cap Fund,Electronics,2025-11-30,0.56
Tata Large Cap Fund,FMCG,2025-11-30,3.78
Tata Large Cap Fund,Finance,2025-11-30,4.62
Tata Large Cap Fund,IT - Software,2025-11-30,10.25
Tata Large Cap Fund,Infrastructure Developers & Operators,2025-11-30,3.9
Tata Large Cap Fund,Insurance,2025-11-30,2.03
Tata Large Cap Fund,Marine Port & Services,2025-11-30,1.31
Tata Large Cap Fund,Non Ferrous Metals,2025-11-30,0.86
Tata Large Cap Fund,Pharmaceuticals,2025-11-30,1.05
Tata Large Cap Fund,Power Generation & Distribution,2025-11-30,4.39
Tata Large Cap Fund,Quick Service Restaurant,2025-11-30,1.21
Tata Large Cap Fund,Refineries,2025-11-30,5.82
Tata Large Cap Fund,Steel,2025-11-30,4.17
Tata Large Cap Fund,Telecom-Service,2025-11-30,2.42
Tata Large Cap Fund,Alcoholic Beverages,2025-12-31,2.11
Tata Large Cap Fund,Auto Ancillaries,2025-12-31,2.22
Tata Large Cap Fund,Automobile,2025-12-31,10.16
Tata Large Cap Fund,Banks,2025-12-31,26.85
Tata Large Cap Fund,Capital Goods - Electrical Equipment,2025-12-31,1.63
Tata Large Cap Fund,Castings Forgings & Fastners,2025-12-31,1.47
Tata Large Cap Fund,Cement,2025-12-31,2.99
Tata Large Cap Fund,Consumer Durables,2025-12-31,1.86
Tata Large Cap Fund,Debt Others,2025-12-31,3.15
Tata Large Cap Fund,Electronics,2025-12-31,0.52
Tata Large Cap Fund,FMCG,2025-12-31,3.63
Tata Large Cap Fund,Finance,2025-12-31,4.66
Tata Large Cap Fund,IT - Software,2025-12-31,10.19
Tata Large Cap Fund,Infrastructure Developers & Operators,2025-12-31,3.89
Tata Large Cap Fund,Insurance,2025-12-31,1.98
Tata Large Cap Fund,Marine Port & Services,2025-12-31,1.27
Tata Large Cap Fund,Non Ferrous Metals,2025-12-31,0.94
Tata Large Cap Fund,Other,2025-12-31,0.14
Tata Large Cap Fund,Pharmaceuticals,2025-12-31,1.12
Tata Large Cap Fund,Power Generation & Distribution,2025-12-31,4.41
Tata Large Cap Fund,Quick Service Restaurant,2025-12-31,1.19
Tata Large Cap Fund,Refineries,2025-12-31,5.81
Tata Large Cap Fund,Steel,2025-12-31,4.29
Tata Large Cap Fund,Telecom Equipment & Infra Services,2025-12-31,1.11
Tata Large Cap Fund,Telecom-Service,2025-12-31,2.41
Tata Large Cap Fund,Auto Ancillaries,2026-01-31,1.98
Tata Large Cap Fund,Automobile,2026-01-31,8.88
Tata Large Cap Fund,Banks,2026-01-31,30.27
Tata Large Cap Fund,Capital Goods - Electrical Equipment,2026-01-31,1.6
Tata Large Cap Fund,Castings Forgings & Fastners,2026-01-31,1.49
Tata Large Cap Fund,Cement,2026-01-31,2.89
Tata Large Cap Fund,Consumer Durables,2026-01-31,1.74
Tata Large Cap Fund,Debt Others,2026-01-31,2.2
Tata Large Cap Fund,Electronics,2026-01-31,0.54
Tata Large Cap Fund,FMCG,2026-01-31,5.4
Tata Large Cap Fund,Finance,2026-01-31,4.62
Tata Large Cap Fund,IT - Software,2026-01-31,10.67
Tata Large Cap Fund,Infrastructure Developers & Operators,2026-01-31,3.32
Tata Large Cap Fund,Insurance,2026-01-31,1.99
Tata Large Cap Fund,Marine Port & Services,2026-01-31,1.26
Tata Large Cap Fund,Non Ferrous Metals,2026-01-31,1.05
Tata Large Cap Fund,Pharmaceuticals,2026-01-31,1.1
Tata Large Cap Fund,Power Generation & Distribution,2026-01-31,4.41
Tata Large Cap Fund,Quick Service Restaurant,2026-01-31,1.08
Tata Large Cap Fund,Refineries,2026-01-31,5.31
Tata Large Cap Fund,Steel,2026-01-31,4.67
Tata Large Cap Fund,Telecom Equipment & Infra Services,2026-01-31,1.21
Tata Large Cap Fund,Telecom-Service,2026-01-31,2.32
Tata Large Cap Fund,Agro Chemicals,2026-02-28,1.37
Tata Large Cap Fund,Air Transport Service,2026-02-28,1.56
Tata Large Cap Fund,Auto Ancillaries,2026-02-28,2.32
Tata Large Cap Fund,Automobile,2026-02-28,5.13
Tata Large Cap Fund,Banks,2026-02-28,32.11
Tata Large Cap Fund,Capital Goods - Electrical Equipment,2026-02-28,1.66
Tata Large Cap Fund,Cement,2026-02-28,2.97
Tata Large Cap Fund,Consumer Durables,2026-02-28,1.97
Tata Large Cap Fund,Debt Others,2026-02-28,2.91
Tata Large Cap Fund,Electronics,2026-02-28,0.5
Tata Large Cap Fund,FMCG,2026-02-28,5.14
Tata Large Cap Fund,Finance,2026-02-28,4.87
Tata Large Cap Fund,IT - Software,2026-02-28,8.91
Tata Large Cap Fund,Infrastructure Developers & Operators,2026-02-28,3.58
Tata Large Cap Fund,Insurance,2026-02-28,1.93
Tata Large Cap Fund,Marine Port & Services,2026-02-28,1.34
Tata Large Cap Fund,Non Ferrous Metals,2026-02-28,1.0
Tata Large Cap Fund,Pharmaceuticals,2026-02-28,1.12
Tata Large Cap Fund,Power Generation & Distribution,2026-02-28,4.89
Tata Large Cap Fund,Quick Service Restaurant,2026-02-28,1.07
Tata Large Cap Fund,Refineries,2026-02-28,5.26
Tata Large Cap Fund,Steel,2026-02-28,4.97
Tata Large Cap Fund,Telecom Equipment & Infra Services,2026-02-28,1.23
Tata Large Cap Fund,Telecom-Service,2026-02-28,2.19
Tata Large Cap Fund,Agro Chemicals,2026-03-31,1.39
Tata Large Cap Fund,Air Transport Service,2026-03-31,2.09
Tata Large Cap Fund,Auto Ancillaries,2026-03-31,2.08
Tata Large Cap Fund,Automobile,2026-03-31,4.09
Tata Large Cap Fund,Banks,2026-03-31,29.38
Tata Large Cap Fund,Capital Goods - Electrical Equipment,2026-03-31,1.69
Tata Large Cap Fund,Cement,2026-03-31,2.85
Tata Large Cap Fund,Consumer Durables,2026-03-31,1.96
Tata Large Cap Fund,Debt Others,2026-03-31,3.39
Tata Large Cap Fund,Electronics,2026-03-31,0.48
Tata Large Cap Fund,FMCG,2026-03-31,4.64
Tata Large Cap Fund,Finance,2026-03-31,4.65
Tata Large Cap Fund,IT - Software,2026-03-31,9.55
Tata Large Cap Fund,Infrastructure Developers & Operators,2026-03-31,3.33
Tata Large Cap Fund,Insurance,2026-03-31,1.81
Tata Large Cap Fund,Marine Port & Services,2026-03-31,1.31
Tata Large Cap Fund,Non Ferrous Metals,2026-03-31,1.08
Tata Large Cap Fund,Pharmaceuticals,2026-03-31,1.68
Tata Large Cap Fund,Power Generation & Distribution,2026-03-31,6.89
Tata Large Cap Fund,Quick Service Restaurant,2026-03-31,1.19
Tata Large Cap Fund,Refineries,2026-03-31,5.76
Tata Large Cap Fund,Steel,2026-03-31,5.06
Tata Large Cap Fund,Telecom Equipment & Infra Services,2026-03-31,1.28
Tata Large Cap Fund,Telecom-Service,2026-03-31,2.37
Tata Large Cap Fund,Air Transport Service,2026-04-30,2.08
Tata Large Cap Fund,Auto Ancillaries,2026-04-30,2.19
Tata Large Cap Fund,Automobile,2026-04-30,3.88
Tata Large Cap Fund,Banks,2026-04-30,27.05
Tata Large Cap Fund,Capital Goods - Electrical Equipment,2026-04-30,2.12
Tata Large Cap Fund,Cement,2026-04-30,2.88
Tata Large Cap Fund,Consumer Durables,2026-04-30,2.12
Tata Large Cap Fund,Debt Others,2026-04-30,2.31
Tata Large Cap Fund,Electronics,2026-04-30,0.52
Tata Large Cap Fund,FMCG,2026-04-30,4.78
Tata Large Cap Fund,Finance,2026-04-30,6.99
Tata Large Cap Fund,Hotels & Restaurants,2026-04-30,1.49
Tata Large Cap Fund,IT - Software,2026-04-30,8.84
Tata Large Cap Fund,Infrastructure Developers & Operators,2026-04-30,3.48
Tata Large Cap Fund,Marine Port & Services,2026-04-30,1.51
Tata Large Cap Fund,Non Ferrous Metals,2026-04-30,2.48
Tata Large Cap Fund,Pharmaceuticals,2026-04-30,1.71
Tata Large Cap Fund,Power Generation & Distribution,2026-04-30,5.81
Tata Large Cap Fund,Quick Service Restaurant,2026-04-30,1.07
Tata Large Cap Fund,Refineries,2026-04-30,5.59
Tata Large Cap Fund,Steel,2026-04-30,4.03
Tata Large Cap Fund,Telecom Equipment & Infra Services,2026-04-30,1.14
Tata Large Cap Fund,Telecom-Service,2026-04-30,5.93
Tata Large Cap Fund,Air Transport Service,2026-05-31,2.14
Tata Large Cap Fund,Auto Ancillaries,2026-05-31,2.64
Tata Large Cap Fund,Automobile,2026-05-31,3.49
Tata Large Cap Fund,Banks,2026-05-31,23.77
Tata Large Cap Fund,Capital Goods - Electrical Equipment,2026-05-31,2.91
Tata Large Cap Fund,Cement,2026-05-31,3.66
Tata Large Cap Fund,Consumer Durables,2026-05-31,0.8
Tata Large Cap Fund,Debt Others,2026-05-31,2.41
Tata Large Cap Fund,Electronics,2026-05-31,0.6
Tata Large Cap Fund,FMCG,2026-05-31,4.67
Tata Large Cap Fund,Finance,2026-05-31,7.03
Tata Large Cap Fund,Hotels & Restaurants,2026-05-31,1.53
Tata Large Cap Fund,IT - Software,2026-05-31,8.6
Tata Large Cap Fund,Infrastructure Developers & Operators,2026-05-31,3.54
Tata Large Cap Fund,Marine Port & Services,2026-05-31,1.48
Tata Large Cap Fund,Non Ferrous Metals,2026-05-31,1.65
Tata Large Cap Fund,Pharmaceuticals,2026-05-31,4.82
Tata Large Cap Fund,Power Generation & Distribution,2026-05-31,6.3
Tata Large Cap Fund,Quick Service Restaurant,2026-05-31,1.01
Tata Large Cap Fund,Refineries,2026-05-31,6.28
Tata Large Cap Fund,Steel,2026-05-31,2.05
Tata Large Cap Fund,Stock/ Commodity Brokers,2026-05-31,1.38
Tata Large Cap Fund,Telecom Equipment & Infra Services,2026-05-31,1.48
Tata Large Cap Fund,Telecom-Service,2026-05-31,5.76
Taurus Large Cap Fund,Auto Ancillaries,2025-08-31,1.63
Taurus Large Cap Fund,Automobile,2025-08-31,7.52
Taurus Large Cap Fund,Banks,2025-08-31,25.25
Taurus Large Cap Fund,Cables,2025-08-31,1.16
Taurus Large Cap Fund,Capital Goods - Electrical Equipment,2025-08-31,4.06
Taurus Large Cap Fund,Crude Oil & Natural Gas,2025-08-31,2.01
Taurus Large Cap Fund,Debt Others,2025-08-31,1.97
Taurus Large Cap Fund,Diamond Gems and Jewellery,2025-08-31,1.03
Taurus Large Cap Fund,FMCG,2025-08-31,2.42
Taurus Large Cap Fund,Finance,2025-08-31,4.85
Taurus Large Cap Fund,IT - Software,2025-08-31,4.37
Taurus Large Cap Fund,Infrastructure Developers & Operators,2025-08-31,1.37
Taurus Large Cap Fund,Insurance,2025-08-31,0.87
Taurus Large Cap Fund,Mining & Mineral products,2025-08-31,2.45
Taurus Large Cap Fund,Pharmaceuticals,2025-08-31,10.29
Taurus Large Cap Fund,Power Generation & Distribution,2025-08-31,3.26
Taurus Large Cap Fund,Realty,2025-08-31,2.74
Taurus Large Cap Fund,Refineries,2025-08-31,8.13
Taurus Large Cap Fund,Telecom-Service,2025-08-31,4.06
Taurus Large Cap Fund,Textiles,2025-08-31,1.93
Taurus Large Cap Fund,Tobacco Products,2025-08-31,8.63
Taurus Large Cap Fund,Auto Ancillaries,2025-09-30,1.84
Taurus Large Cap Fund,Automobile,2025-09-30,9.16
Taurus Large Cap Fund,Banks,2025-09-30,25.79
Taurus Large Cap Fund,Cables,2025-09-30,1.15
Taurus Large Cap Fund,Capital Goods - Electrical Equipment,2025-09-30,2.96
Taurus Large Cap Fund,Crude Oil & Natural Gas,2025-09-30,2.04
Taurus Large Cap Fund,Debt Others,2025-09-30,1.4
Taurus Large Cap Fund,Diamond Gems and Jewellery,2025-09-30,0.95
Taurus Large Cap Fund,FMCG,2025-09-30,1.27
Taurus Large Cap Fund,Finance,2025-09-30,6.09
Taurus Large Cap Fund,IT - Software,2025-09-30,5.04
Taurus Large Cap Fund,Infrastructure Developers & Operators,2025-09-30,1.38
Taurus Large Cap Fund,Insurance,2025-09-30,0.87
Taurus Large Cap Fund,Mining & Mineral products,2025-09-30,2.53
Taurus Large Cap Fund,Pharmaceuticals,2025-09-30,9.78
Taurus Large Cap Fund,Power Generation & Distribution,2025-09-30,3.29
Taurus Large Cap Fund,Realty,2025-09-30,1.72
Taurus Large Cap Fund,Refineries,2025-09-30,8.44
Taurus Large Cap Fund,Telecom-Service,2025-09-30,4.0
Taurus Large Cap Fund,Textiles,2025-09-30,1.91
Taurus Large Cap Fund,Tobacco Products,2025-09-30,8.39
Taurus Large Cap Fund,Aerospace & Defence,2025-10-31,2.92
Taurus Large Cap Fund,Auto Ancillaries,2025-10-31,1.76
Taurus Large Cap Fund,Automobile,2025-10-31,7.26
Taurus Large Cap Fund,Banks,2025-10-31,25.89
Taurus Large Cap Fund,Capital Goods - Electrical Equipment,2025-10-31,1.44
Taurus Large Cap Fund,Crude Oil & Natural Gas,2025-10-31,3.03
Taurus Large Cap Fund,Debt Others,2025-10-31,1.51
Taurus Large Cap Fund,Diamond Gems and Jewellery,2025-10-31,1.01
Taurus Large Cap Fund,Finance,2025-10-31,7.79
Taurus Large Cap Fund,IT - Software,2025-10-31,5.26
Taurus Large Cap Fund,Infrastructure Developers & Operators,2025-10-31,1.46
Taurus Large Cap Fund,Insurance,2025-10-31,0.85
Taurus Large Cap Fund,Mining & Mineral products,2025-10-31,2.42
Taurus Large Cap Fund,Pharmaceuticals,2025-10-31,11.57
Taurus Large Cap Fund,Power Generation & Distribution,2025-10-31,3.25
Taurus Large Cap Fund,Refineries,2025-10-31,8.03
Taurus Large Cap Fund,Telecom-Service,2025-10-31,4.2
Taurus Large Cap Fund,Textiles,2025-10-31,1.92
Taurus Large Cap Fund,Tobacco Products,2025-10-31,8.43
Taurus Large Cap Fund,Aerospace & Defence,2025-11-30,3.79
Taurus Large Cap Fund,Auto Ancillaries,2025-11-30,1.92
Taurus Large Cap Fund,Automobile,2025-11-30,5.43
Taurus Large Cap Fund,Banks,2025-11-30,25.24
Taurus Large Cap Fund,Capital Goods - Electrical Equipment,2025-11-30,1.14
Taurus Large Cap Fund,Crude Oil & Natural Gas,2025-11-30,2.85
Taurus Large Cap Fund,Debt Others,2025-11-30,1.99
Taurus Large Cap Fund,Diamond Gems and Jewellery,2025-11-30,1.04
Taurus Large Cap Fund,Finance,2025-11-30,9.43
Taurus Large Cap Fund,IT - Software,2025-11-30,5.45
Taurus Large Cap Fund,Infrastructure Developers & Operators,2025-11-30,1.45
Taurus Large Cap Fund,Insurance,2025-11-30,0.87
Taurus Large Cap Fund,Mining & Mineral products,2025-11-30,2.31
Taurus Large Cap Fund,Pharmaceuticals,2025-11-30,10.61
Taurus Large Cap Fund,Power Generation & Distribution,2025-11-30,3.0
Taurus Large Cap Fund,Refineries,2025-11-30,7.8
Taurus Large Cap Fund,Steel,2025-11-30,0.99
Taurus Large Cap Fund,Telecom-Service,2025-11-30,4.88
Taurus Large Cap Fund,Textiles,2025-11-30,1.8
Taurus Large Cap Fund,Tobacco Products,2025-11-30,8.01
Taurus Large Cap Fund,Aerospace & Defence,2025-12-31,4.43
Taurus Large Cap Fund,Auto Ancillaries,2025-12-31,0.14
Taurus Large Cap Fund,Automobile,2025-12-31,5.43
Taurus Large Cap Fund,Banks,2025-12-31,23.44
Taurus Large Cap Fund,Consumer Durables,2025-12-31,0.52
Taurus Large Cap Fund,Crude Oil & Natural Gas,2025-12-31,2.8
Taurus Large Cap Fund,Debt Others,2025-12-31,1.82
Taurus Large Cap Fund,Diamond Gems and Jewellery,2025-12-31,1.08
Taurus Large Cap Fund,Finance,2025-12-31,9.32
Taurus Large Cap Fund,IT - Software,2025-12-31,5.47
Taurus Large Cap Fund,Infrastructure Developers & Operators,2025-12-31,1.45
Taurus Large Cap Fund,Insurance,2025-12-31,1.5
Taurus Large Cap Fund,Mining & Mineral products,2025-12-31,2.45
Taurus Large Cap Fund,Pharmaceuticals,2025-12-31,12.18
Taurus Large Cap Fund,Power Generation & Distribution,2025-12-31,2.93
Taurus Large Cap Fund,Refineries,2025-12-31,7.85
Taurus Large Cap Fund,Steel,2025-12-31,1.08
Taurus Large Cap Fund,Telecom-Service,2025-12-31,4.88
Taurus Large Cap Fund,Textiles,2025-12-31,1.85
Taurus Large Cap Fund,Tobacco Products,2025-12-31,7.95
Taurus Large Cap Fund,Trading,2025-12-31,1.43
Taurus Large Cap Fund,Aerospace & Defence,2026-01-31,5.53
Taurus Large Cap Fund,Automobile,2026-01-31,4.25
Taurus Large Cap Fund,Banks,2026-01-31,22.94
Taurus Large Cap Fund,Capital Goods - Electrical Equipment,2026-01-31,1.71
Taurus Large Cap Fund,Consumer Durables,2026-01-31,2.57
Taurus Large Cap Fund,Crude Oil & Natural Gas,2026-01-31,3.92
Taurus Large Cap Fund,Debt Others,2026-01-31,4.42
Taurus Large Cap Fund,Diamond Gems and Jewellery,2026-01-31,1.09
Taurus Large Cap Fund,Finance,2026-01-31,7.63
Taurus Large Cap Fund,Healthcare,2026-01-31,1.51
Taurus Large Cap Fund,IT - Software,2026-01-31,3.31
Taurus Large Cap Fund,Insurance,2026-01-31,1.55
Taurus Large Cap Fund,Mining & Mineral products,2026-01-31,2.8
Taurus Large Cap Fund,Pharmaceuticals,2026-01-31,8.16
Taurus Large Cap Fund,Power Generation & Distribution,2026-01-31,2.95
Taurus Large Cap Fund,Realty,2026-01-31,1.79
Taurus Large Cap Fund,Refineries,2026-01-31,3.18
Taurus Large Cap Fund,Telecom-Service,2026-01-31,4.97
Taurus Large Cap Fund,Textiles,2026-01-31,1.91
Taurus Large Cap Fund,Tobacco Products,2026-01-31,8.76
Taurus Large Cap Fund,Trading,2026-01-31,5.05
Taurus Large Cap Fund,Aerospace & Defence,2026-02-28,5.03
Taurus Large Cap Fund,Automobile,2026-02-28,4.24
Taurus Large Cap Fund,Banks,2026-02-28,23.39
Taurus Large Cap Fund,Capital Goods - Electrical Equipment,2026-02-28,0.64
Taurus Large Cap Fund,Consumer Durables,2026-02-28,1.69
Taurus Large Cap Fund,Crude Oil & Natural Gas,2026-02-28,3.08
Taurus Large Cap Fund,Debt Others,2026-02-28,10.93
Taurus Large Cap Fund,Diamond Gems and Jewellery,2026-02-28,1.19
Taurus Large Cap Fund,Entertainment,2026-02-28,1.61
Taurus Large Cap Fund,FMCG,2026-02-28,0.52
Taurus Large Cap Fund,Finance,2026-02-28,5.65
Taurus Large Cap Fund,Healthcare,2026-02-28,0.73
Taurus Large Cap Fund,Hotels & Restaurants,2026-02-28,1.41
Taurus Large Cap Fund,IT - Software,2026-02-28,2.71
Taurus Large Cap Fund,Insurance,2026-02-28,1.56
Taurus Large Cap Fund,Mining & Mineral products,2026-02-28,1.99
Taurus Large Cap Fund,Pharmaceuticals,2026-02-28,8.66
Taurus Large Cap Fund,Power Generation & Distribution,2026-02-28,3.43
Taurus Large Cap Fund,Realty,2026-02-28,2.3
Taurus Large Cap Fund,Refineries,2026-02-28,3.17
Taurus Large Cap Fund,Telecom-Service,2026-02-28,4.74
Taurus Large Cap Fund,Textiles,2026-02-28,1.89
Taurus Large Cap Fund,Tobacco Products,2026-02-28,9.44
Taurus Large Cap Fund,Aerospace & Defence,2026-03-31,5.04
Taurus Large Cap Fund,Automobile,2026-03-31,5.43
Taurus Large Cap Fund,Banks,2026-03-31,21.54
Taurus Large Cap Fund,Consumer Durables,2026-03-31,1.62
Taurus Large Cap Fund,Crude Oil & Natural Gas,2026-03-31,3.42
Taurus Large Cap Fund,Debt Others,2026-03-31,4.08
Taurus Large Cap Fund,Diamond Gems and Jewellery,2026-03-31,1.19
Taurus Large Cap Fund,Entertainment,2026-03-31,2.53
Taurus Large Cap Fund,FMCG,2026-03-31,0.49
Taurus Large Cap Fund,Finance,2026-03-31,7.88
Taurus Large Cap Fund,Healthcare,2026-03-31,1.69
Taurus Large Cap Fund,Hotels & Restaurants,2026-03-31,1.81
Taurus Large Cap Fund,IT - Software,2026-03-31,2.86
Taurus Large Cap Fund,Insurance,2026-03-31,1.62
Taurus Large Cap Fund,Mining & Mineral products,2026-03-31,2.27
Taurus Large Cap Fund,Pharmaceuticals,2026-03-31,8.89
Taurus Large Cap Fund,Power Generation & Distribution,2026-03-31,3.72
Taurus Large Cap Fund,Realty,2026-03-31,2.58
Taurus Large Cap Fund,Refineries,2026-03-31,4.27
Taurus Large Cap Fund,Sugar,2026-03-31,0.78
Taurus Large Cap Fund,Telecom-Service,2026-03-31,4.92
Taurus Large Cap Fund,Textiles,2026-03-31,1.89
Taurus Large Cap Fund,Tobacco Products,2026-03-31,9.48
Taurus Large Cap Fund,Aerospace & Defence,2026-04-30,5.96
Taurus Large Cap Fund,Automobile,2026-04-30,5.17
Taurus Large Cap Fund,Banks,2026-04-30,18.96
Taurus Large Cap Fund,Capital Goods - Electrical Equipment,2026-04-30,1.65
Taurus Large Cap Fund,Consumer Durables,2026-04-30,1.7
Taurus Large Cap Fund,Crude Oil & Natural Gas,2026-04-30,3.26
Taurus Large Cap Fund,Debt Others,2026-04-30,1.44
Taurus Large Cap Fund,Diamond Gems and Jewellery,2026-04-30,1.19
Taurus Large Cap Fund,Entertainment,2026-04-30,2.66
Taurus Large Cap Fund,FMCG,2026-04-30,2.4
Taurus Large Cap Fund,Finance,2026-04-30,5.83
Taurus Large Cap Fund,Healthcare,2026-04-30,1.79
Taurus Large Cap Fund,Hotels & Restaurants,2026-04-30,2.31
Taurus Large Cap Fund,IT - Software,2026-04-30,3.97
Taurus Large Cap Fund,Insurance,2026-04-30,1.59
Taurus Large Cap Fund,Mining & Mineral products,2026-04-30,2.2
Taurus Large Cap Fund,Pharmaceuticals,2026-04-30,8.74
Taurus Large Cap Fund,Power Generation & Distribution,2026-04-30,5.59
Taurus Large Cap Fund,Realty,2026-04-30,2.73
Taurus Large Cap Fund,Refineries,2026-04-30,3.78
Taurus Large Cap Fund,Sugar,2026-04-30,1.11
Taurus Large Cap Fund,Telecom-Service,2026-04-30,4.71
Taurus Large Cap Fund,Textiles,2026-04-30,1.87
Taurus Large Cap Fund,Tobacco Products,2026-04-30,9.39
Taurus Large Cap Fund,Aerospace & Defence,2026-05-31,5.08
Taurus Large Cap Fund,Automobile,2026-05-31,5.11
Taurus Large Cap Fund,Banks,2026-05-31,18.57
Taurus Large Cap Fund,Capital Goods - Electrical Equipment,2026-05-31,2.61
Taurus Large Cap Fund,Consumer Durables,2026-05-31,1.77
Taurus Large Cap Fund,Crude Oil & Natural Gas,2026-05-31,0.2
Taurus Large Cap Fund,Debt Others,2026-05-31,9.2
Taurus Large Cap Fund,Diamond Gems and Jewellery,2026-05-31,1.12
Taurus Large Cap Fund,Entertainment,2026-05-31,1.48
Taurus Large Cap Fund,FMCG,2026-05-31,1.75
Taurus Large Cap Fund,Finance,2026-05-31,4.34
Taurus Large Cap Fund,Healthcare,2026-05-31,1.01
Taurus Large Cap Fund,Hotels & Restaurants,2026-05-31,2.41
Taurus Large Cap Fund,IT - Software,2026-05-31,4.14
Taurus Large Cap Fund,Insurance,2026-05-31,2.17
Taurus Large Cap Fund,Mining & Mineral products,2026-05-31,2.12
Taurus Large Cap Fund,Pharmaceuticals,2026-05-31,9.02
Taurus Large Cap Fund,Power Generation & Distribution,2026-05-31,5.23
Taurus Large Cap Fund,Realty,2026-05-31,2.78
Taurus Large Cap Fund,Refineries,2026-05-31,4.48
Taurus Large Cap Fund,Telecom-Service,2026-05-31,4.62
Taurus Large Cap Fund,Textiles,2026-05-31,2.12
Taurus Large Cap Fund,Tobacco Products,2026-05-31,8.67
UTI-Large Cap Fund,Air Transport Service,2025-08-31,1.0
UTI-Large Cap Fund,Auto Ancillaries,2025-08-31,0.8
UTI-Large Cap Fund,Automobile,2025-08-31,5.39
UTI-Large Cap Fund,Banks,2025-08-31,26.36
UTI-Large Cap Fund,Cables,2025-08-31,1.68
UTI-Large Cap Fund,Cement,2025-08-31,0.62
UTI-Large Cap Fund,Chemicals,2025-08-31,0.55
UTI-Large Cap Fund,Consumer Durables,2025-08-31,0.95
UTI-Large Cap Fund,Crude Oil & Natural Gas,2025-08-31,1.01
UTI-Large Cap Fund,Debt Others,2025-08-31,3.24
UTI-Large Cap Fund,Diamond Gems and Jewellery,2025-08-31,1.47
UTI-Large Cap Fund,E-Commerce/App based Aggregator,2025-08-31,2.4
UTI-Large Cap Fund,FMCG,2025-08-31,2.24
UTI-Large Cap Fund,Finance,2025-08-31,4.79
UTI-Large Cap Fund,Fixed Deposits,2025-08-31,0.04
UTI-Large Cap Fund,Govt. Securities,2025-08-31,0.39
UTI-Large Cap Fund,Healthcare,2025-08-31,0.82
UTI-Large Cap Fund,IT - Software,2025-08-31,11.24
UTI-Large Cap Fund,Infrastructure Developers & Operators,2025-08-31,3.49
UTI-Large Cap Fund,Insurance,2025-08-31,2.96
UTI-Large Cap Fund,Leather,2025-08-31,0.57
UTI-Large Cap Fund,Mining & Mineral products,2025-08-31,0.84
UTI-Large Cap Fund,Other,2025-08-31,0.0
UTI-Large Cap Fund,Paints/Varnish,2025-08-31,0.86
UTI-Large Cap Fund,Pharmaceuticals,2025-08-31,3.68
UTI-Large Cap Fund,Plantation & Plantation Products,2025-08-31,1.47
UTI-Large Cap Fund,Plastic products,2025-08-31,0.94
UTI-Large Cap Fund,Power Generation & Distribution,2025-08-31,1.33
UTI-Large Cap Fund,Quick Service Restaurant,2025-08-31,0.86
UTI-Large Cap Fund,Refineries,2025-08-31,4.47
UTI-Large Cap Fund,Retail,2025-08-31,4.49
UTI-Large Cap Fund,Steel,2025-08-31,1.66
UTI-Large Cap Fund,Telecom-Service,2025-08-31,4.31
UTI-Large Cap Fund,Tobacco Products,2025-08-31,2.86
UTI-Large Cap Fund,Tyres,2025-08-31,0.2
UTI-Large Cap Fund,Aerospace & Defence,2025-09-30,1.03
UTI-Large Cap Fund,Air Transport Service,2025-09-30,0.99
UTI-Large Cap Fund,Auto Ancillaries,2025-09-30,0.84
UTI-Large Cap Fund,Automobile,2025-09-30,5.14
UTI-Large Cap Fund,Banks,2025-09-30,26.51
UTI-Large Cap Fund,Cables,2025-09-30,1.72
UTI-Large Cap Fund,Cement,2025-09-30,0.99
UTI-Large Cap Fund,Chemicals,2025-09-30,0.55
UTI-Large Cap Fund,Consumer Durables,2025-09-30,0.93
UTI-Large Cap Fund,Crude Oil & Natural Gas,2025-09-30,1.03
UTI-Large Cap Fund,Debt Others,2025-09-30,2.24
UTI-Large Cap Fund,Diamond Gems and Jewellery,2025-09-30,1.37
UTI-Large Cap Fund,E-Commerce/App based Aggregator,2025-09-30,2.45
UTI-Large Cap Fund,FMCG,2025-09-30,2.08
UTI-Large Cap Fund,Finance,2025-09-30,4.98
UTI-Large Cap Fund,Fixed Deposits,2025-09-30,0.04
UTI-Large Cap Fund,Govt. Securities,2025-09-30,0.4
UTI-Large Cap Fund,Healthcare,2025-09-30,0.77
UTI-Large Cap Fund,IT - Software,2025-09-30,11.13
UTI-Large Cap Fund,Infrastructure Developers & Operators,2025-09-30,3.54
UTI-Large Cap Fund,Insurance,2025-09-30,2.66
UTI-Large Cap Fund,Leather,2025-09-30,0.65
UTI-Large Cap Fund,Mining & Mineral products,2025-09-30,0.93
UTI-Large Cap Fund,Other,2025-09-30,0.0
UTI-Large Cap Fund,Paints/Varnish,2025-09-30,0.8
UTI-Large Cap Fund,Pharmaceuticals,2025-09-30,3.55
UTI-Large Cap Fund,Plantation & Plantation Products,2025-09-30,1.56
UTI-Large Cap Fund,Plastic products,2025-09-30,0.94
UTI-Large Cap Fund,Power Generation & Distribution,2025-09-30,1.38
UTI-Large Cap Fund,Quick Service Restaurant,2025-09-30,0.97
UTI-Large Cap Fund,Refineries,2025-09-30,4.61
UTI-Large Cap Fund,Retail,2025-09-30,4.17
UTI-Large Cap Fund,Steel,2025-09-30,2.11
UTI-Large Cap Fund,Telecom-Service,2025-09-30,3.87
UTI-Large Cap Fund,Tobacco Products,2025-09-30,2.8
UTI-Large Cap Fund,Tyres,2025-09-30,0.21
UTI-Large Cap Fund,Aerospace & Defence,2025-10-31,1.31
UTI-Large Cap Fund,Air Transport Service,2025-10-31,0.92
UTI-Large Cap Fund,Auto Ancillaries,2025-10-31,0.87
UTI-Large Cap Fund,Automobile,2025-10-31,3.79
UTI-Large Cap Fund,Banks,2025-10-31,26.73
UTI-Large Cap Fund,Cables,2025-10-31,1.78
UTI-Large Cap Fund,Cement,2025-10-31,0.95
UTI-Large Cap Fund,Chemicals,2025-10-31,0.56
UTI-Large Cap Fund,Consumer Durables,2025-10-31,1.6
UTI-Large Cap Fund,Crude Oil & Natural Gas,2025-10-31,1.08
UTI-Large Cap Fund,Debt Others,2025-10-31,3.43
UTI-Large Cap Fund,Diamond Gems and Jewellery,2025-10-31,1.49
UTI-Large Cap Fund,E-Commerce/App based Aggregator,2025-10-31,2.37
UTI-Large Cap Fund,FMCG,2025-10-31,2.01
UTI-Large Cap Fund,Finance,2025-10-31,4.85
UTI-Large Cap Fund,Fixed Deposits,2025-10-31,0.02
UTI-Large Cap Fund,Govt. Securities,2025-10-31,0.39
UTI-Large Cap Fund,Healthcare,2025-10-31,0.88
UTI-Large Cap Fund,IT - Software,2025-10-31,11.4
UTI-Large Cap Fund,Infrastructure Developers & Operators,2025-10-31,3.82
UTI-Large Cap Fund,Insurance,2025-10-31,2.26
UTI-Large Cap Fund,Leather,2025-10-31,0.55
UTI-Large Cap Fund,Mining & Mineral products,2025-10-31,0.97
UTI-Large Cap Fund,Other,2025-10-31,0.0
UTI-Large Cap Fund,Paints/Varnish,2025-10-31,0.84
UTI-Large Cap Fund,Pharmaceuticals,2025-10-31,2.3
UTI-Large Cap Fund,Plantation & Plantation Products,2025-10-31,1.58
UTI-Large Cap Fund,Plastic products,2025-10-31,0.98
UTI-Large Cap Fund,Power Generation & Distribution,2025-10-31,1.34
UTI-Large Cap Fund,Quick Service Restaurant,2025-10-31,0.92
UTI-Large Cap Fund,Refineries,2025-10-31,4.68
UTI-Large Cap Fund,Retail,2025-10-31,3.83
UTI-Large Cap Fund,Steel,2025-10-31,2.27
UTI-Large Cap Fund,Telecom-Service,2025-10-31,4.14
UTI-Large Cap Fund,Tobacco Products,2025-10-31,2.87
UTI-Large Cap Fund,Tyres,2025-10-31,0.25
UTI-Large Cap Fund,Aerospace & Defence,2025-11-30,1.25
UTI-Large Cap Fund,Air Transport Service,2025-11-30,0.96
UTI-Large Cap Fund,Auto Ancillaries,2025-11-30,0.93
UTI-Large Cap Fund,Automobile,2025-11-30,4.68
UTI-Large Cap Fund,Banks,2025-11-30,27.17
UTI-Large Cap Fund,Cables,2025-11-30,1.71
UTI-Large Cap Fund,Cement,2025-11-30,0.96
UTI-Large Cap Fund,Chemicals,2025-11-30,0.55
UTI-Large Cap Fund,Consumer Durables,2025-11-30,2.2
UTI-Large Cap Fund,Crude Oil & Natural Gas,2025-11-30,1.02
UTI-Large Cap Fund,Debt Others,2025-11-30,1.03
UTI-Large Cap Fund,Diamond Gems and Jewellery,2025-11-30,1.53
UTI-Large Cap Fund,E-Commerce/App based Aggregator,2025-11-30,3.04
UTI-Large Cap Fund,FMCG,2025-11-30,1.99
UTI-Large Cap Fund,Finance,2025-11-30,4.61
UTI-Large Cap Fund,Fixed Deposits,2025-11-30,0.02
UTI-Large Cap Fund,Govt. Securities,2025-11-30,0.38
UTI-Large Cap Fund,Healthcare,2025-11-30,0.85
UTI-Large Cap Fund,IT - Software,2025-11-30,11.49
UTI-Large Cap Fund,Infrastructure Developers & Operators,2025-11-30,3.81
UTI-Large Cap Fund,Insurance,2025-11-30,1.95
UTI-Large Cap Fund,Leather,2025-11-30,0.57
UTI-Large Cap Fund,Mining & Mineral products,2025-11-30,0.94
UTI-Large Cap Fund,Other,2025-11-30,0.0
UTI-Large Cap Fund,Paints/Varnish,2025-11-30,1.27
UTI-Large Cap Fund,Pharmaceuticals,2025-11-30,2.2
UTI-Large Cap Fund,Plantation & Plantation Products,2025-11-30,1.57
UTI-Large Cap Fund,Plastic products,2025-11-30,0.99
UTI-Large Cap Fund,Power Generation & Distribution,2025-11-30,1.04
UTI-Large Cap Fund,Quick Service Restaurant,2025-11-30,0.93
UTI-Large Cap Fund,Refineries,2025-11-30,5.94
UTI-Large Cap Fund,Retail,2025-11-30,2.81
UTI-Large Cap Fund,Steel,2025-11-30,2.26
UTI-Large Cap Fund,Telecom-Service,2025-11-30,4.19
UTI-Large Cap Fund,Tobacco Products,2025-11-30,2.73
UTI-Large Cap Fund,Tyres,2025-11-30,0.25
UTI-Large Cap Fund,Aerospace & Defence,2025-12-31,1.22
UTI-Large Cap Fund,Air Transport Service,2025-12-31,0.83
UTI-Large Cap Fund,Auto Ancillaries,2025-12-31,0.94
UTI-Large Cap Fund,Automobile,2025-12-31,5.78
UTI-Large Cap Fund,Banks,2025-12-31,26.75
UTI-Large Cap Fund,Cables,2025-12-31,1.44
UTI-Large Cap Fund,Cement,2025-12-31,0.98
UTI-Large Cap Fund,Chemicals,2025-12-31,0.58
UTI-Large Cap Fund,Consumer Durables,2025-12-31,2.22
UTI-Large Cap Fund,Crude Oil & Natural Gas,2025-12-31,0.63
UTI-Large Cap Fund,Debt Others,2025-12-31,1.7
UTI-Large Cap Fund,Diamond Gems and Jewellery,2025-12-31,1.6
UTI-Large Cap Fund,E-Commerce/App based Aggregator,2025-12-31,2.89
UTI-Large Cap Fund,FMCG,2025-12-31,2.49
UTI-Large Cap Fund,Finance,2025-12-31,4.47
UTI-Large Cap Fund,Fixed Deposits,2025-12-31,0.02
UTI-Large Cap Fund,Govt. Securities,2025-12-31,0.38
UTI-Large Cap Fund,Healthcare,2025-12-31,0.86
UTI-Large Cap Fund,IT - Software,2025-12-31,11.61
UTI-Large Cap Fund,Infrastructure Developers & Operators,2025-12-31,3.75
UTI-Large Cap Fund,Insurance,2025-12-31,1.88
UTI-Large Cap Fund,Leather,2025-12-31,0.59
UTI-Large Cap Fund,Mining & Mineral products,2025-12-31,0.89
UTI-Large Cap Fund,Other,2025-12-31,0.0
UTI-Large Cap Fund,Paints/Varnish,2025-12-31,1.33
UTI-Large Cap Fund,Pharmaceuticals,2025-12-31,2.15
UTI-Large Cap Fund,Plantation & Plantation Products,2025-12-31,1.6
UTI-Large Cap Fund,Plastic products,2025-12-31,0.96
UTI-Large Cap Fund,Power Generation & Distribution,2025-12-31,0.29
UTI-Large Cap Fund,Quick Service Restaurant,2025-12-31,0.87
UTI-Large Cap Fund,Refineries,2025-12-31,6.05
UTI-Large Cap Fund,Retail,2025-12-31,2.69
UTI-Large Cap Fund,Steel,2025-12-31,2.46
UTI-Large Cap Fund,Telecom-Service,2025-12-31,4.12
UTI-Large Cap Fund,Tobacco Products,2025-12-31,2.74
UTI-Large Cap Fund,Tyres,2025-12-31,0.26
UTI-Large Cap Fund,Aerospace & Defence,2026-01-31,1.33
UTI-Large Cap Fund,Air Transport Service,2026-01-31,0.78
UTI-Large Cap Fund,Auto Ancillaries,2026-01-31,0.95
UTI-Large Cap Fund,Automobile,2026-01-31,5.55
UTI-Large Cap Fund,Banks,2026-01-31,27.39
UTI-Large Cap Fund,Cables,2026-01-31,0.95
UTI-Large Cap Fund,Cement,2026-01-31,1.67
UTI-Large Cap Fund,Chemicals,2026-01-31,0.26
UTI-Large Cap Fund,Consumer Durables,2026-01-31,2.2
UTI-Large Cap Fund,Crude Oil & Natural Gas,2026-01-31,0.73
UTI-Large Cap Fund,Debt Others,2026-01-31,3.42
UTI-Large Cap Fund,Diamond Gems and Jewellery,2026-01-31,1.63
UTI-Large Cap Fund,E-Commerce/App based Aggregator,2026-01-31,2.92
UTI-Large Cap Fund,FMCG,2026-01-31,2.45
UTI-Large Cap Fund,Finance,2026-01-31,4.34
UTI-Large Cap Fund,Fixed Deposits,2026-01-31,0.0
UTI-Large Cap Fund,Govt. Securities,2026-01-31,0.4
UTI-Large Cap Fund,Healthcare,2026-01-31,0.86
UTI-Large Cap Fund,IT - Software,2026-01-31,12.25
UTI-Large Cap Fund,Infrastructure Developers & Operators,2026-01-31,3.74
UTI-Large Cap Fund,Insurance,2026-01-31,1.22
UTI-Large Cap Fund,Leather,2026-01-31,0.53
UTI-Large Cap Fund,Mining & Mineral products,2026-01-31,1.04
UTI-Large Cap Fund,Other,2026-01-31,0.0
UTI-Large Cap Fund,Paints/Varnish,2026-01-31,1.21
UTI-Large Cap Fund,Pharmaceuticals,2026-01-31,2.16
UTI-Large Cap Fund,Plantation & Plantation Products,2026-01-31,1.58
UTI-Large Cap Fund,Plastic products,2026-01-31,1.06
UTI-Large Cap Fund,Power Generation & Distribution,2026-01-31,0.11
UTI-Large Cap Fund,Quick Service Restaurant,2026-01-31,0.8
UTI-Large Cap Fund,Refineries,2026-01-31,5.58
UTI-Large Cap Fund,Retail,2026-01-31,2.69
UTI-Large Cap Fund,Steel,2026-01-31,2.63
UTI-Large Cap Fund,Telecom-Service,2026-01-31,3.79
UTI-Large Cap Fund,Tobacco Products,2026-01-31,1.52
UTI-Large Cap Fund,Tyres,2026-01-31,0.26
UTI-Large Cap Fund,Aerospace & Defence,2026-02-28,1.23
UTI-Large Cap Fund,Air Transport Service,2026-02-28,0.68
UTI-Large Cap Fund,Auto Ancillaries,2026-02-28,1.1
UTI-Large Cap Fund,Automobile,2026-02-28,5.81
UTI-Large Cap Fund,Banks,2026-02-28,28.38
UTI-Large Cap Fund,Cables,2026-02-28,0.91
UTI-Large Cap Fund,Cement,2026-02-28,1.69
UTI-Large Cap Fund,Chemicals,2026-02-28,0.24
UTI-Large Cap Fund,Consumer Durables,2026-02-28,2.38
UTI-Large Cap Fund,Crude Oil & Natural Gas,2026-02-28,1.02
UTI-Large Cap Fund,Debt Others,2026-02-28,1.6
UTI-Large Cap Fund,Diamond Gems and Jewellery,2026-02-28,1.66
UTI-Large Cap Fund,E-Commerce/App based Aggregator,2026-02-28,3.23
UTI-Large Cap Fund,FMCG,2026-02-28,2.53
UTI-Large Cap Fund,Finance,2026-02-28,4.62
UTI-Large Cap Fund,Fixed Deposits,2026-02-28,0.0
UTI-Large Cap Fund,Govt. Securities,2026-02-28,0.4
UTI-Large Cap Fund,Healthcare,2026-02-28,0.89
UTI-Large Cap Fund,IT - Software,2026-02-28,10.7
UTI-Large Cap Fund,Infrastructure Developers & Operators,2026-02-28,4.64
UTI-Large Cap Fund,Insurance,2026-02-28,1.21
UTI-Large Cap Fund,Leather,2026-02-28,0.54
UTI-Large Cap Fund,Mining & Mineral products,2026-02-28,1.51
UTI-Large Cap Fund,Other,2026-02-28,0.0
UTI-Large Cap Fund,Paints/Varnish,2026-02-28,1.2
UTI-Large Cap Fund,Pharmaceuticals,2026-02-28,2.36
UTI-Large Cap Fund,Plantation & Plantation Products,2026-02-28,1.62
UTI-Large Cap Fund,Plastic products,2026-02-28,1.22
UTI-Large Cap Fund,Power Generation & Distribution,2026-02-28,0.33
UTI-Large Cap Fund,Quick Service Restaurant,2026-02-28,0.85
UTI-Large Cap Fund,Refineries,2026-02-28,5.34
UTI-Large Cap Fund,Retail,2026-02-28,2.45
UTI-Large Cap Fund,Steel,2026-02-28,2.63
UTI-Large Cap Fund,Telecom-Service,2026-02-28,3.57
UTI-Large Cap Fund,Tobacco Products,2026-02-28,1.2
UTI-Large Cap Fund,Tyres,2026-02-28,0.28
UTI-Large Cap Fund,Aerospace & Defence,2026-03-31,1.44
UTI-Large Cap Fund,Air Transport Service,2026-03-31,0.36
UTI-Large Cap Fund,Auto Ancillaries,2026-03-31,1.12
UTI-Large Cap Fund,Automobile,2026-03-31,5.8
UTI-Large Cap Fund,Banks,2026-03-31,26.56
UTI-Large Cap Fund,Cables,2026-03-31,0.47
UTI-Large Cap Fund,Cement,2026-03-31,2.03
UTI-Large Cap Fund,Chemicals,2026-03-31,0.25
UTI-Large Cap Fund,Consumer Durables,2026-03-31,2.4
UTI-Large Cap Fund,Crude Oil & Natural Gas,2026-03-31,1.33
UTI-Large Cap Fund,Debt Others,2026-03-31,2.86
UTI-Large Cap Fund,Diamond Gems and Jewellery,2026-03-31,1.56
UTI-Large Cap Fund,E-Commerce/App based Aggregator,2026-03-31,3.4
UTI-Large Cap Fund,FMCG,2026-03-31,2.16
UTI-Large Cap Fund,Finance,2026-03-31,4.12
UTI-Large Cap Fund,Fixed Deposits,2026-03-31,0.0
UTI-Large Cap Fund,Govt. Securities,2026-03-31,0.45
UTI-Large Cap Fund,Healthcare,2026-03-31,0.92
UTI-Large Cap Fund,IT - Software,2026-03-31,11.47
UTI-Large Cap Fund,Infrastructure Developers & Operators,2026-03-31,3.97
UTI-Large Cap Fund,Insurance,2026-03-31,1.23
UTI-Large Cap Fund,Leather,2026-03-31,0.52
UTI-Large Cap Fund,Mining & Mineral products,2026-03-31,1.95
UTI-Large Cap Fund,Mutual Fund Units,2026-03-31,0.0
UTI-Large Cap Fund,Other,2026-03-31,0.0
UTI-Large Cap Fund,Paints/Varnish,2026-03-31,1.23
UTI-Large Cap Fund,Pharmaceuticals,2026-03-31,2.7
UTI-Large Cap Fund,Plantation & Plantation Products,2026-03-31,1.54
UTI-Large Cap Fund,Plastic products,2026-03-31,0.95
UTI-Large Cap Fund,Power Generation & Distribution,2026-03-31,0.23
UTI-Large Cap Fund,Quick Service Restaurant,2026-03-31,0.8
UTI-Large Cap Fund,Refineries,2026-03-31,6.01
UTI-Large Cap Fund,Retail,2026-03-31,2.48
UTI-Large Cap Fund,Steel,2026-03-31,2.25
UTI-Large Cap Fund,T Bills,2026-03-31,0.12
UTI-Large Cap Fund,Telecom-Service,2026-03-31,3.82
UTI-Large Cap Fund,Tobacco Products,2026-03-31,1.24
UTI-Large Cap Fund,Tyres,2026-03-31,0.27
UTI-Large Cap Fund,Aerospace & Defence,2026-04-30,1.66
UTI-Large Cap Fund,Air Transport Service,2026-04-30,0.36
UTI-Large Cap Fund,Auto Ancillaries,2026-04-30,1.01
UTI-Large Cap Fund,Automobile,2026-04-30,6.17
UTI-Large Cap Fund,Banks,2026-04-30,26.67
UTI-Large Cap Fund,Cables,2026-04-30,0.52
UTI-Large Cap Fund,Cement,2026-04-30,2.03
UTI-Large Cap Fund,Chemicals,2026-04-30,0.24
UTI-Large Cap Fund,Consumer Durables,2026-04-30,1.82
UTI-Large Cap Fund,Crude Oil & Natural Gas,2026-04-30,1.3
UTI-Large Cap Fund,Debt Others,2026-04-30,2.1
UTI-Large Cap Fund,Diamond Gems and Jewellery,2026-04-30,1.42
UTI-Large Cap Fund,E-Commerce/App based Aggregator,2026-04-30,3.61
UTI-Large Cap Fund,FMCG,2026-04-30,1.53
UTI-Large Cap Fund,Finance,2026-04-30,4.49
UTI-Large Cap Fund,Fixed Deposits,2026-04-30,0.0
UTI-Large Cap Fund,Govt. Securities,2026-04-30,0.42
UTI-Large Cap Fund,Healthcare,2026-04-30,0.94
UTI-Large Cap Fund,IT - Software,2026-04-30,10.43
UTI-Large Cap Fund,Infrastructure Developers & Operators,2026-04-30,4.23
UTI-Large Cap Fund,Insurance,2026-04-30,2.03
UTI-Large Cap Fund,Leather,2026-04-30,0.55
UTI-Large Cap Fund,Marine Port & Services,2026-04-30,1.13
UTI-Large Cap Fund,Mining & Mineral products,2026-04-30,1.1
UTI-Large Cap Fund,Other,2026-04-30,0.4
UTI-Large Cap Fund,Paints/Varnish,2026-04-30,1.29
UTI-Large Cap Fund,Pharmaceuticals,2026-04-30,1.97
UTI-Large Cap Fund,Plantation & Plantation Products,2026-04-30,1.36
UTI-Large Cap Fund,Plastic products,2026-04-30,0.85
UTI-Large Cap Fund,Power Generation & Distribution,2026-04-30,0.23
UTI-Large Cap Fund,Quick Service Restaurant,2026-04-30,0.82
UTI-Large Cap Fund,Realty,2026-04-30,0.76
UTI-Large Cap Fund,Refineries,2026-04-30,5.94
UTI-Large Cap Fund,Retail,2026-04-30,2.62
UTI-Large Cap Fund,Steel,2026-04-30,2.28
UTI-Large Cap Fund,Telecom-Service,2026-04-30,4.17
UTI-Large Cap Fund,Tobacco Products,2026-04-30,1.26
UTI-Large Cap Fund,Tyres,2026-04-30,0.26
UTI-Large Cap Fund,Aerospace & Defence,2026-05-31,1.68
UTI-Large Cap Fund,Air Transport Service,2026-05-31,0.28
UTI-Large Cap Fund,Auto Ancillaries,2026-05-31,0.3
UTI-Large Cap Fund,Automobile,2026-05-31,6.49
UTI-Large Cap Fund,Banks,2026-05-31,26.86
UTI-Large Cap Fund,Cables,2026-05-31,0.31
UTI-Large Cap Fund,Cement,2026-05-31,2.05
UTI-Large Cap Fund,Chemicals,2026-05-31,0.47
UTI-Large Cap Fund,Consumer Durables,2026-05-31,1.68
UTI-Large Cap Fund,Crude Oil & Natural Gas,2026-05-31,1.27
UTI-Large Cap Fund,Debt Others,2026-05-31,2.35
UTI-Large Cap Fund,Diamond Gems and Jewellery,2026-05-31,1.34
UTI-Large Cap Fund,E-Commerce/App based Aggregator,2026-05-31,3.74
UTI-Large Cap Fund,FMCG,2026-05-31,0.78
UTI-Large Cap Fund,Finance,2026-05-31,4.27
UTI-Large Cap Fund,Fixed Deposits,2026-05-31,0.0
UTI-Large Cap Fund,Govt. Securities,2026-05-31,0.42
UTI-Large Cap Fund,Healthcare,2026-05-31,1.09
UTI-Large Cap Fund,IT - Software,2026-05-31,10.26
UTI-Large Cap Fund,Infrastructure Developers & Operators,2026-05-31,4.15
UTI-Large Cap Fund,Insurance,2026-05-31,2.32
UTI-Large Cap Fund,Leather,2026-05-31,0.56
UTI-Large Cap Fund,Marine Port & Services,2026-05-31,1.25
UTI-Large Cap Fund,Mining & Mineral products,2026-05-31,1.07
UTI-Large Cap Fund,Non Ferrous Metals,2026-05-31,0.1
UTI-Large Cap Fund,Paints/Varnish,2026-05-31,1.44
UTI-Large Cap Fund,Pharmaceuticals,2026-05-31,3.14
UTI-Large Cap Fund,Plantation & Plantation Products,2026-05-31,1.42
UTI-Large Cap Fund,Plastic products,2026-05-31,0.89
UTI-Large Cap Fund,Power Generation & Distribution,2026-05-31,0.94
UTI-Large Cap Fund,Quick Service Restaurant,2026-05-31,0.75
UTI-Large Cap Fund,Realty,2026-05-31,0.78
UTI-Large Cap Fund,Refineries,2026-05-31,5.91
UTI-Large Cap Fund,Retail,2026-05-31,1.82
UTI-Large Cap Fund,Steel,2026-05-31,2.28
UTI-Large Cap Fund,Telecom-Service,2026-05-31,4.11
UTI-Large Cap Fund,Tobacco Products,2026-05-31,1.17
UTI-Large Cap Fund,Tyres,2026-05-31,0.27
UTI-Large Cap Fund,Aerospace & Defence,2026-06-30,1.69
UTI-Large Cap Fund,Air Transport Service,2026-06-30,0.22
UTI-Large Cap Fund,Auto Ancillaries,2026-06-30,0.2
UTI-Large Cap Fund,Automobile,2026-06-30,6.61
UTI-Large Cap Fund,Banks,2026-06-30,29.24
UTI-Large Cap Fund,Cables,2026-06-30,0.09
UTI-Large Cap Fund,Cement,2026-06-30,1.99
UTI-Large Cap Fund,Chemicals,2026-06-30,0.47
UTI-Large Cap Fund,Consumer Durables,2026-06-30,1.39
UTI-Large Cap Fund,Crude Oil & Natural Gas,2026-06-30,1.06
UTI-Large Cap Fund,Debt Others,2026-06-30,3.17
UTI-Large Cap Fund,Diamond Gems and Jewellery,2026-06-30,1.21
UTI-Large Cap Fund,E-Commerce/App based Aggregator,2026-06-30,4.01
UTI-Large Cap Fund,FMCG,2026-06-30,0.46
UTI-Large Cap Fund,Finance,2026-06-30,3.96
UTI-Large Cap Fund,Fixed Deposits,2026-06-30,0.0
UTI-Large Cap Fund,Govt. Securities,2026-06-30,0.42
UTI-Large Cap Fund,Healthcare,2026-06-30,1.66
UTI-Large Cap Fund,IT - Software,2026-06-30,9.26
UTI-Large Cap Fund,Infrastructure Developers & Operators,2026-06-30,4.08
UTI-Large Cap Fund,Insurance,2026-06-30,2.39
UTI-Large Cap Fund,Leather,2026-06-30,0.55
UTI-Large Cap Fund,Marine Port & Services,2026-06-30,0.7
UTI-Large Cap Fund,Mining & Mineral products,2026-06-30,1.01
UTI-Large Cap Fund,Non Ferrous Metals,2026-06-30,0.38
UTI-Large Cap Fund,Paints/Varnish,2026-06-30,0.92
UTI-Large Cap Fund,Pharmaceuticals,2026-06-30,3.33
UTI-Large Cap Fund,Plantation & Plantation Products,2026-06-30,1.29
UTI-Large Cap Fund,Plastic products,2026-06-30,0.75
UTI-Large Cap Fund,Power Generation & Distribution,2026-06-30,1.04
UTI-Large Cap Fund,Quick Service Restaurant,2026-06-30,0.72
UTI-Large Cap Fund,Realty,2026-06-30,0.81
UTI-Large Cap Fund,Refineries,2026-06-30,5.74
UTI-Large Cap Fund,Retail,2026-06-30,1.84
UTI-Large Cap Fund,Steel,2026-06-30,1.81
UTI-Large Cap Fund,Telecom-Service,2026-06-30,4.12
UTI-Large Cap Fund,Tobacco Products,2026-06-30,1.16
UTI-Large Cap Fund,Tyres,2026-06-30,0.27
Union Largecap Fund,Aerospace & Defence,2025-08-31,4.91
Union Largecap Fund,Air Transport Service,2025-08-31,1.26
Union Largecap Fund,Auto Ancillaries,2025-08-31,1.2
Union Largecap Fund,Automobile,2025-08-31,6.39
Union Largecap Fund,Banks,2025-08-31,24.01
Union Largecap Fund,Capital Goods - Electrical Equipment,2025-08-31,2.7
Union Largecap Fund,Capital Goods-Non Electrical Equipment,2025-08-31,0.68
Union Largecap Fund,Cement,2025-08-31,2.07
Union Largecap Fund,Chemicals,2025-08-31,2.01
Union Largecap Fund,Consumer Durables,2025-08-31,2.65
Union Largecap Fund,Debt Others,2025-08-31,2.01
Union Largecap Fund,Diamond Gems and Jewellery,2025-08-31,1.22
Union Largecap Fund,E-Commerce/App based Aggregator,2025-08-31,2.78
Union Largecap Fund,FMCG,2025-08-31,0.9
Union Largecap Fund,Finance,2025-08-31,6.16
Union Largecap Fund,Healthcare,2025-08-31,0.9
Union Largecap Fund,IT - Software,2025-08-31,8.9
Union Largecap Fund,Infrastructure Developers & Operators,2025-08-31,3.57
Union Largecap Fund,Insurance,2025-08-31,0.61
Union Largecap Fund,Miscellaneous,2025-08-31,1.85
Union Largecap Fund,Pharmaceuticals,2025-08-31,3.51
Union Largecap Fund,Plantation & Plantation Products,2025-08-31,2.26
Union Largecap Fund,Power Generation & Distribution,2025-08-31,4.05
Union Largecap Fund,Preference n Warrants,2025-08-31,0.02
Union Largecap Fund,Refineries,2025-08-31,6.26
Union Largecap Fund,Retail,2025-08-31,0.59
Union Largecap Fund,Steel,2025-08-31,0.96
Union Largecap Fund,T Bills,2025-08-31,0.07
Union Largecap Fund,Telecom-Service,2025-08-31,3.61
Union Largecap Fund,Tobacco Products,2025-08-31,1.89
Union Largecap Fund,Aerospace & Defence,2025-09-30,5.51
Union Largecap Fund,Air Transport Service,2025-09-30,1.21
Union Largecap Fund,Auto Ancillaries,2025-09-30,1.46
Union Largecap Fund,Automobile,2025-09-30,6.62
Union Largecap Fund,Banks,2025-09-30,23.23
Union Largecap Fund,Cables,2025-09-30,0.99
Union Largecap Fund,Capital Goods - Electrical Equipment,2025-09-30,2.98
Union Largecap Fund,Capital Goods-Non Electrical Equipment,2025-09-30,0.68
Union Largecap Fund,Cement,2025-09-30,1.89
Union Largecap Fund,Chemicals,2025-09-30,1.91
Union Largecap Fund,Consumer Durables,2025-09-30,2.79
Union Largecap Fund,Debt Others,2025-09-30,1.97
Union Largecap Fund,Diamond Gems and Jewellery,2025-09-30,1.09
Union Largecap Fund,E-Commerce/App based Aggregator,2025-09-30,3.1
Union Largecap Fund,FMCG,2025-09-30,0.83
Union Largecap Fund,Finance,2025-09-30,6.24
Union Largecap Fund,Healthcare,2025-09-30,0.84
Union Largecap Fund,IT - Software,2025-09-30,8.4
Union Largecap Fund,Infrastructure Developers & Operators,2025-09-30,3.51
Union Largecap Fund,Insurance,2025-09-30,0.58
Union Largecap Fund,Miscellaneous,2025-09-30,1.76
Union Largecap Fund,Pharmaceuticals,2025-09-30,3.38
Union Largecap Fund,Plantation & Plantation Products,2025-09-30,2.32
Union Largecap Fund,Power Generation & Distribution,2025-09-30,3.52
Union Largecap Fund,Preference n Warrants,2025-09-30,0.02
Union Largecap Fund,Refineries,2025-09-30,4.73
Union Largecap Fund,Retail,2025-09-30,1.3
Union Largecap Fund,Steel,2025-09-30,1.81
Union Largecap Fund,T Bills,2025-09-30,0.06
Union Largecap Fund,Telecom-Service,2025-09-30,3.48
Union Largecap Fund,Tobacco Products,2025-09-30,1.79
Union Largecap Fund,Aerospace & Defence,2025-10-31,5.54
Union Largecap Fund,Air Transport Service,2025-10-31,1.18
Union Largecap Fund,Auto Ancillaries,2025-10-31,1.35
Union Largecap Fund,Automobile,2025-10-31,6.53
Union Largecap Fund,Banks,2025-10-31,22.92
Union Largecap Fund,Cables,2025-10-31,1.02
Union Largecap Fund,Capital Goods - Electrical Equipment,2025-10-31,2.86
Union Largecap Fund,Cement,2025-10-31,2.11
Union Largecap Fund,Chemicals,2025-10-31,1.65
Union Largecap Fund,Consumer Durables,2025-10-31,4.32
Union Largecap Fund,Debt Others,2025-10-31,0.97
Union Largecap Fund,Diamond Gems and Jewellery,2025-10-31,1.18
Union Largecap Fund,E-Commerce/App based Aggregator,2025-10-31,3.01
Union Largecap Fund,FMCG,2025-10-31,0.79
Union Largecap Fund,Finance,2025-10-31,6.39
Union Largecap Fund,Healthcare,2025-10-31,1.33
Union Largecap Fund,IT - Software,2025-10-31,8.55
Union Largecap Fund,Infrastructure Developers & Operators,2025-10-31,3.75
Union Largecap Fund,Insurance,2025-10-31,0.62
Union Largecap Fund,Miscellaneous,2025-10-31,1.68
Union Largecap Fund,Non Ferrous Metals,2025-10-31,0.39
Union Largecap Fund,Pharmaceuticals,2025-10-31,3.43
Union Largecap Fund,Plantation & Plantation Products,2025-10-31,2.33
Union Largecap Fund,Power Generation & Distribution,2025-10-31,2.37
Union Largecap Fund,Preference n Warrants,2025-10-31,0.02
Union Largecap Fund,Refineries,2025-10-31,5.0
Union Largecap Fund,Retail,2025-10-31,1.26
Union Largecap Fund,Steel,2025-10-31,1.88
Union Largecap Fund,T Bills,2025-10-31,0.06
Union Largecap Fund,Telecom-Service,2025-10-31,3.69
Union Largecap Fund,Tobacco Products,2025-10-31,1.82
Union Largecap Fund,Aerospace & Defence,2025-11-30,4.83
Union Largecap Fund,Air Transport Service,2025-11-30,1.23
Union Largecap Fund,Auto Ancillaries,2025-11-30,1.42
Union Largecap Fund,Automobile,2025-11-30,6.68
Union Largecap Fund,Banks,2025-11-30,23.76
Union Largecap Fund,Cables,2025-11-30,0.98
Union Largecap Fund,Capital Goods - Electrical Equipment,2025-11-30,3.32
Union Largecap Fund,Cement,2025-11-30,2.14
Union Largecap Fund,Chemicals,2025-11-30,0.95
Union Largecap Fund,Consumer Durables,2025-11-30,3.93
Union Largecap Fund,Debt Others,2025-11-30,0.88
Union Largecap Fund,Diamond Gems and Jewellery,2025-11-30,1.44
Union Largecap Fund,E-Commerce/App based Aggregator,2025-11-30,2.85
Union Largecap Fund,FMCG,2025-11-30,0.78
Union Largecap Fund,Finance,2025-11-30,6.44
Union Largecap Fund,Healthcare,2025-11-30,1.34
Union Largecap Fund,IT - Software,2025-11-30,8.18
Union Largecap Fund,Infrastructure Developers & Operators,2025-11-30,3.76
Union Largecap Fund,Insurance,2025-11-30,0.62
Union Largecap Fund,Miscellaneous,2025-11-30,1.83
Union Largecap Fund,Non Ferrous Metals,2025-11-30,0.37
Union Largecap Fund,Pharmaceuticals,2025-11-30,3.57
Union Largecap Fund,Plantation & Plantation Products,2025-11-30,2.33
Union Largecap Fund,Power Generation & Distribution,2025-11-30,2.24
Union Largecap Fund,Preference n Warrants,2025-11-30,0.02
Union Largecap Fund,Refineries,2025-11-30,5.6
Union Largecap Fund,Retail,2025-11-30,1.14
Union Largecap Fund,Steel,2025-11-30,1.76
Union Largecap Fund,T Bills,2025-11-30,0.12
Union Largecap Fund,Telecom-Service,2025-11-30,3.75
Union Largecap Fund,Tobacco Products,2025-11-30,1.74
Union Largecap Fund,Aerospace & Defence,2025-12-31,4.68
Union Largecap Fund,Auto Ancillaries,2025-12-31,1.42
Union Largecap Fund,Automobile,2025-12-31,6.94
Union Largecap Fund,Banks,2025-12-31,25.6
Union Largecap Fund,Cables,2025-12-31,1.01
Union Largecap Fund,Capital Goods - Electrical Equipment,2025-12-31,3.72
Union Largecap Fund,Cement,2025-12-31,2.15
Union Largecap Fund,Chemicals,2025-12-31,0.99
Union Largecap Fund,Consumer Durables,2025-12-31,1.61
Union Largecap Fund,Debt Others,2025-12-31,0.97
Union Largecap Fund,Diamond Gems and Jewellery,2025-12-31,1.82
Union Largecap Fund,E-Commerce/App based Aggregator,2025-12-31,2.77
Union Largecap Fund,FMCG,2025-12-31,0.75
Union Largecap Fund,Finance,2025-12-31,7.18
Union Largecap Fund,Healthcare,2025-12-31,1.22
Union Largecap Fund,Hotels & Restaurants,2025-12-31,0.55
Union Largecap Fund,IT - Software,2025-12-31,7.8
Union Largecap Fund,Infrastructure Developers & Operators,2025-12-31,3.84
Union Largecap Fund,Insurance,2025-12-31,0.65
Union Largecap Fund,Miscellaneous,2025-12-31,1.67
Union Largecap Fund,Non Ferrous Metals,2025-12-31,0.56
Union Largecap Fund,Other,2025-12-31,0.01
Union Largecap Fund,Pharmaceuticals,2025-12-31,4.05
Union Largecap Fund,Plantation & Plantation Products,2025-12-31,2.4
Union Largecap Fund,Power Generation & Distribution,2025-12-31,1.26
Union Largecap Fund,Preference n Warrants,2025-12-31,0.02
Union Largecap Fund,Refineries,2025-12-31,5.7
Union Largecap Fund,Retail,2025-12-31,1.16
Union Largecap Fund,Steel,2025-12-31,1.86
Union Largecap Fund,T Bills,2025-12-31,0.06
Union Largecap Fund,Telecom-Service,2025-12-31,3.82
Union Largecap Fund,Tobacco Products,2025-12-31,1.76
Union Largecap Fund,Aerospace & Defence,2026-01-31,5.42
Union Largecap Fund,Auto Ancillaries,2026-01-31,1.34
Union Largecap Fund,Automobile,2026-01-31,6.6
Union Largecap Fund,Banks,2026-01-31,26.35
Union Largecap Fund,Cables,2026-01-31,0.96
Union Largecap Fund,Capital Goods - Electrical Equipment,2026-01-31,3.16
Union Largecap Fund,Cement,2026-01-31,2.32
Union Largecap Fund,Chemicals,2026-01-31,0.8
Union Largecap Fund,Consumer Durables,2026-01-31,1.6
Union Largecap Fund,Debt Others,2026-01-31,1.14
Union Largecap Fund,Diamond Gems and Jewellery,2026-01-31,1.84
Union Largecap Fund,E-Commerce/App based Aggregator,2026-01-31,2.58
Union Largecap Fund,FMCG,2026-01-31,0.8
Union Largecap Fund,Finance,2026-01-31,7.36
Union Largecap Fund,Healthcare,2026-01-31,1.15
Union Largecap Fund,Hotels & Restaurants,2026-01-31,0.52
Union Largecap Fund,IT - Software,2026-01-31,8.19
Union Largecap Fund,Infrastructure Developers & Operators,2026-01-31,3.81
Union Largecap Fund,Insurance,2026-01-31,0.66
Union Largecap Fund,Miscellaneous,2026-01-31,1.66
Union Largecap Fund,Non Ferrous Metals,2026-01-31,0.84
Union Largecap Fund,Pharmaceuticals,2026-01-31,3.68
Union Largecap Fund,Plantation & Plantation Products,2026-01-31,2.49
Union Largecap Fund,Power Generation & Distribution,2026-01-31,1.52
Union Largecap Fund,Preference n Warrants,2026-01-31,0.02
Union Largecap Fund,Refineries,2026-01-31,5.49
Union Largecap Fund,Retail,2026-01-31,0.45
Union Largecap Fund,Steel,2026-01-31,2.67
Union Largecap Fund,T Bills,2026-01-31,0.06
Union Largecap Fund,Telecom-Service,2026-01-31,3.68
Union Largecap Fund,Tobacco Products,2026-01-31,0.84
Union Largecap Fund,Aerospace & Defence,2026-02-28,4.61
Union Largecap Fund,Auto Ancillaries,2026-02-28,0.92
Union Largecap Fund,Automobile,2026-02-28,6.98
Union Largecap Fund,Banks,2026-02-28,26.82
Union Largecap Fund,Cables,2026-02-28,0.95
Union Largecap Fund,Capital Goods - Electrical Equipment,2026-02-28,4.02
Union Largecap Fund,Cement,2026-02-28,2.36
Union Largecap Fund,Chemicals,2026-02-28,0.45
Union Largecap Fund,Consumer Durables,2026-02-28,1.75
Union Largecap Fund,Debt Others,2026-02-28,1.12
Union Largecap Fund,Diamond Gems and Jewellery,2026-02-28,2.03
Union Largecap Fund,E-Commerce/App based Aggregator,2026-02-28,2.2
Union Largecap Fund,FMCG,2026-02-28,0.78
Union Largecap Fund,Finance,2026-02-28,7.36
Union Largecap Fund,Financial Services,2026-02-28,0.54
Union Largecap Fund,Healthcare,2026-02-28,1.33
Union Largecap Fund,Hotels & Restaurants,2026-02-28,0.52
Union Largecap Fund,IT - Software,2026-02-28,6.58
Union Largecap Fund,Infrastructure Developers & Operators,2026-02-28,4.06
Union Largecap Fund,Insurance,2026-02-28,0.67
Union Largecap Fund,Miscellaneous,2026-02-28,1.55
Union Largecap Fund,Non Ferrous Metals,2026-02-28,0.82
Union Largecap Fund,Pharmaceuticals,2026-02-28,4.04
Union Largecap Fund,Plantation & Plantation Products,2026-02-28,2.53
Union Largecap Fund,Power Generation & Distribution,2026-02-28,1.64
Union Largecap Fund,Preference n Warrants,2026-02-28,0.02
Union Largecap Fund,Refineries,2026-02-28,5.54
Union Largecap Fund,Retail,2026-02-28,0.47
Union Largecap Fund,Steel,2026-02-28,2.9
Union Largecap Fund,T Bills,2026-02-28,0.06
Union Largecap Fund,Telecom-Service,2026-02-28,3.55
Union Largecap Fund,Tobacco Products,2026-02-28,0.83
Union Largecap Fund,Aerospace & Defence,2026-03-31,4.66
Union Largecap Fund,Auto Ancillaries,2026-03-31,0.9
Union Largecap Fund,Automobile,2026-03-31,6.94
Union Largecap Fund,Banks,2026-03-31,25.41
Union Largecap Fund,Cables,2026-03-31,0.85
Union Largecap Fund,Capital Goods - Electrical Equipment,2026-03-31,4.0
Union Largecap Fund,Cement,2026-03-31,2.3
Union Largecap Fund,Chemicals,2026-03-31,1.07
Union Largecap Fund,Consumer Durables,2026-03-31,1.79
Union Largecap Fund,Debt Others,2026-03-31,1.05
Union Largecap Fund,Diamond Gems and Jewellery,2026-03-31,2.08
Union Largecap Fund,E-Commerce/App based Aggregator,2026-03-31,2.19
Union Largecap Fund,FMCG,2026-03-31,0.78
Union Largecap Fund,Finance,2026-03-31,6.78
Union Largecap Fund,Financial Services,2026-03-31,0.59
Union Largecap Fund,Healthcare,2026-03-31,1.31
Union Largecap Fund,Hotels & Restaurants,2026-03-31,0.35
Union Largecap Fund,IT - Software,2026-03-31,6.95
Union Largecap Fund,Infrastructure Developers & Operators,2026-03-31,3.74
Union Largecap Fund,Insurance,2026-03-31,0.66
Union Largecap Fund,Miscellaneous,2026-03-31,1.43
Union Largecap Fund,Non Ferrous Metals,2026-03-31,0.88
Union Largecap Fund,Pharmaceuticals,2026-03-31,4.45
Union Largecap Fund,Plantation & Plantation Products,2026-03-31,2.53
Union Largecap Fund,Power Generation & Distribution,2026-03-31,2.21
Union Largecap Fund,Preference n Warrants,2026-03-31,0.02
Union Largecap Fund,Refineries,2026-03-31,6.0
Union Largecap Fund,Retail,2026-03-31,0.45
Union Largecap Fund,Steel,2026-03-31,2.92
Union Largecap Fund,T Bills,2026-03-31,0.07
Union Largecap Fund,Telecom-Service,2026-03-31,3.78
Union Largecap Fund,Tobacco Products,2026-03-31,0.86
Union Largecap Fund,Aerospace & Defence,2026-04-30,4.98
Union Largecap Fund,Auto Ancillaries,2026-04-30,0.89
Union Largecap Fund,Automobile,2026-04-30,6.69
Union Largecap Fund,Banks,2026-04-30,24.85
Union Largecap Fund,Cables,2026-04-30,0.92
Union Largecap Fund,Capital Goods - Electrical Equipment,2026-04-30,4.74
Union Largecap Fund,Cement,2026-04-30,2.25
Union Largecap Fund,Chemicals,2026-04-30,1.09
Union Largecap Fund,Consumer Durables,2026-04-30,1.81
Union Largecap Fund,Debt Others,2026-04-30,0.92
Union Largecap Fund,Diamond Gems and Jewellery,2026-04-30,2.12
Union Largecap Fund,E-Commerce/App based Aggregator,2026-04-30,2.05
Union Largecap Fund,FMCG,2026-04-30,0.78
Union Largecap Fund,Finance,2026-04-30,7.06
Union Largecap Fund,Financial Services,2026-04-30,0.68
Union Largecap Fund,Healthcare,2026-04-30,1.24
Union Largecap Fund,Hotels & Restaurants,2026-04-30,0.36
Union Largecap Fund,IT - Software,2026-04-30,6.03
Union Largecap Fund,Infrastructure Developers & Operators,2026-04-30,3.93
Union Largecap Fund,Insurance,2026-04-30,0.62
Union Largecap Fund,Miscellaneous,2026-04-30,1.4
Union Largecap Fund,Non Ferrous Metals,2026-04-30,0.95
Union Largecap Fund,Pharmaceuticals,2026-04-30,4.14
Union Largecap Fund,Plantation & Plantation Products,2026-04-30,2.62
Union Largecap Fund,Power Generation & Distribution,2026-04-30,2.73
Union Largecap Fund,Preference n Warrants,2026-04-30,0.02
Union Largecap Fund,Refineries,2026-04-30,6.03
Union Largecap Fund,Retail,2026-04-30,0.52
Union Largecap Fund,Steel,2026-04-30,2.98
Union Largecap Fund,T Bills,2026-04-30,0.07
Union Largecap Fund,Telecom-Service,2026-04-30,3.67
Union Largecap Fund,Tobacco Products,2026-04-30,0.86
Union Largecap Fund,Aerospace & Defence,2026-05-31,5.35
Union Largecap Fund,Auto Ancillaries,2026-05-31,0.88
Union Largecap Fund,Automobile,2026-05-31,6.05
Union Largecap Fund,Banks,2026-05-31,24.45
Union Largecap Fund,Cables,2026-05-31,1.09
Union Largecap Fund,Capital Goods - Electrical Equipment,2026-05-31,5.44
Union Largecap Fund,Cement,2026-05-31,2.23
Union Largecap Fund,Chemicals,2026-05-31,1.14
Union Largecap Fund,Consumer Durables,2026-05-31,1.49
Union Largecap Fund,Debt Others,2026-05-31,0.74
Union Largecap Fund,Diamond Gems and Jewellery,2026-05-31,1.98
Union Largecap Fund,E-Commerce/App based Aggregator,2026-05-31,2.1
Union Largecap Fund,FMCG,2026-05-31,0.75
Union Largecap Fund,Finance,2026-05-31,7.07
Union Largecap Fund,Financial Services,2026-05-31,0.68
Union Largecap Fund,Healthcare,2026-05-31,2.24
Union Largecap Fund,IT - Software,2026-05-31,5.95
Union Largecap Fund,Infrastructure Developers & Operators,2026-05-31,3.92
Union Largecap Fund,Insurance,2026-05-31,0.46
Union Largecap Fund,Miscellaneous,2026-05-31,1.48
Union Largecap Fund,Non Ferrous Metals,2026-05-31,1.03
Union Largecap Fund,Pharmaceuticals,2026-05-31,4.31
Union Largecap Fund,Plantation & Plantation Products,2026-05-31,2.71
Union Largecap Fund,Power Generation & Distribution,2026-05-31,2.66
Union Largecap Fund,Refineries,2026-05-31,5.6
Union Largecap Fund,Retail,2026-05-31,0.53
Union Largecap Fund,Steel,2026-05-31,2.99
Union Largecap Fund,T Bills,2026-05-31,0.07
Union Largecap Fund,Telecom-Service,2026-05-31,3.82
Union Largecap Fund,Tobacco Products,2026-05-31,0.79
WhiteOak Capital Large Cap Fund,Aerospace & Defence,2025-08-31,2.68
WhiteOak Capital Large Cap Fund,Air Transport Service,2025-08-31,1.42
WhiteOak Capital Large Cap Fund,Automobile,2025-08-31,6.84
WhiteOak Capital Large Cap Fund,Banks,2025-08-31,26.51
WhiteOak Capital Large Cap Fund,Cables,2025-08-31,0.4
WhiteOak Capital Large Cap Fund,Capital Goods - Electrical Equipment,2025-08-31,1.78
WhiteOak Capital Large Cap Fund,Capital Goods-Non Electrical Equipment,2025-08-31,0.29
WhiteOak Capital Large Cap Fund,Cement,2025-08-31,1.18
WhiteOak Capital Large Cap Fund,Chemicals,2025-08-31,1.92
WhiteOak Capital Large Cap Fund,Crude Oil & Natural Gas,2025-08-31,0.87
WhiteOak Capital Large Cap Fund,Debt Others,2025-08-31,8.94
WhiteOak Capital Large Cap Fund,Diamond Gems and Jewellery,2025-08-31,2.1
WhiteOak Capital Large Cap Fund,E-Commerce/App based Aggregator,2025-08-31,4.97
WhiteOak Capital Large Cap Fund,FMCG,2025-08-31,2.73
WhiteOak Capital Large Cap Fund,Finance,2025-08-31,4.33
WhiteOak Capital Large Cap Fund,Financial Services,2025-08-31,0.69
WhiteOak Capital Large Cap Fund,Healthcare,2025-08-31,0.74
WhiteOak Capital Large Cap Fund,IT - Software,2025-08-31,7.92
WhiteOak Capital Large Cap Fund,Infrastructure Developers & Operators,2025-08-31,1.24
WhiteOak Capital Large Cap Fund,Insurance,2025-08-31,1.09
WhiteOak Capital Large Cap Fund,Miscellaneous,2025-08-31,0.76
WhiteOak Capital Large Cap Fund,Non Ferrous Metals,2025-08-31,1.19
WhiteOak Capital Large Cap Fund,Pharmaceuticals,2025-08-31,4.53
WhiteOak Capital Large Cap Fund,Power Generation & Distribution,2025-08-31,1.35
WhiteOak Capital Large Cap Fund,Refineries,2025-08-31,3.0
WhiteOak Capital Large Cap Fund,Retail,2025-08-31,1.33
WhiteOak Capital Large Cap Fund,Steel,2025-08-31,0.63
WhiteOak Capital Large Cap Fund,T Bills,2025-08-31,2.93
WhiteOak Capital Large Cap Fund,Telecom-Service,2025-08-31,5.64
WhiteOak Capital Large Cap Fund,Aerospace & Defence,2025-09-30,2.99
WhiteOak Capital Large Cap Fund,Air Transport Service,2025-09-30,0.0
WhiteOak Capital Large Cap Fund,Automobile,2025-09-30,7.83
WhiteOak Capital Large Cap Fund,Banks,2025-09-30,27.08
WhiteOak Capital Large Cap Fund,Cables,2025-09-30,0.41
WhiteOak Capital Large Cap Fund,Capital Goods - Electrical Equipment,2025-09-30,1.79
WhiteOak Capital Large Cap Fund,Capital Goods-Non Electrical Equipment,2025-09-30,0.3
WhiteOak Capital Large Cap Fund,Cement,2025-09-30,1.16
WhiteOak Capital Large Cap Fund,Chemicals,2025-09-30,1.8
WhiteOak Capital Large Cap Fund,Crude Oil & Natural Gas,2025-09-30,0.86
WhiteOak Capital Large Cap Fund,Debt Others,2025-09-30,9.51
WhiteOak Capital Large Cap Fund,Diamond Gems and Jewellery,2025-09-30,1.89
WhiteOak Capital Large Cap Fund,E-Commerce/App based Aggregator,2025-09-30,4.96
WhiteOak Capital Large Cap Fund,FMCG,2025-09-30,2.93
WhiteOak Capital Large Cap Fund,Finance,2025-09-30,4.65
WhiteOak Capital Large Cap Fund,Financial Services,2025-09-30,0.53
WhiteOak Capital Large Cap Fund,Healthcare,2025-09-30,0.7
WhiteOak Capital Large Cap Fund,IT - Software,2025-09-30,7.0
WhiteOak Capital Large Cap Fund,Infrastructure Developers & Operators,2025-09-30,1.02
WhiteOak Capital Large Cap Fund,Insurance,2025-09-30,0.01
WhiteOak Capital Large Cap Fund,Miscellaneous,2025-09-30,0.72
WhiteOak Capital Large Cap Fund,Non Ferrous Metals,2025-09-30,1.25
WhiteOak Capital Large Cap Fund,Pharmaceuticals,2025-09-30,5.0
WhiteOak Capital Large Cap Fund,Power Generation & Distribution,2025-09-30,1.33
WhiteOak Capital Large Cap Fund,Refineries,2025-09-30,2.92
WhiteOak Capital Large Cap Fund,Retail,2025-09-30,1.14
WhiteOak Capital Large Cap Fund,Steel,2025-09-30,0.86
WhiteOak Capital Large Cap Fund,T Bills,2025-09-30,3.97
WhiteOak Capital Large Cap Fund,Telecom-Service,2025-09-30,5.39
WhiteOak Capital Large Cap Fund,Aerospace & Defence,2025-10-31,3.04
WhiteOak Capital Large Cap Fund,Air Transport Service,2025-10-31,0.19
WhiteOak Capital Large Cap Fund,Automobile,2025-10-31,7.61
WhiteOak Capital Large Cap Fund,Banks,2025-10-31,27.01
WhiteOak Capital Large Cap Fund,Capital Goods - Electrical Equipment,2025-10-31,1.7
WhiteOak Capital Large Cap Fund,Cement,2025-10-31,1.09
WhiteOak Capital Large Cap Fund,Chemicals,2025-10-31,1.78
WhiteOak Capital Large Cap Fund,Crude Oil & Natural Gas,2025-10-31,0.87
WhiteOak Capital Large Cap Fund,Debt Others,2025-10-31,8.0
WhiteOak Capital Large Cap Fund,Diamond Gems and Jewellery,2025-10-31,2.05
WhiteOak Capital Large Cap Fund,E-Commerce/App based Aggregator,2025-10-31,4.71
WhiteOak Capital Large Cap Fund,FMCG,2025-10-31,3.12
WhiteOak Capital Large Cap Fund,Finance,2025-10-31,5.57
WhiteOak Capital Large Cap Fund,Healthcare,2025-10-31,0.68
WhiteOak Capital Large Cap Fund,IT - Software,2025-10-31,8.26
WhiteOak Capital Large Cap Fund,Infrastructure Developers & Operators,2025-10-31,1.37
WhiteOak Capital Large Cap Fund,Insurance,2025-10-31,0.98
WhiteOak Capital Large Cap Fund,Miscellaneous,2025-10-31,0.67
WhiteOak Capital Large Cap Fund,Non Ferrous Metals,2025-10-31,1.42
WhiteOak Capital Large Cap Fund,Pharmaceuticals,2025-10-31,5.34
WhiteOak Capital Large Cap Fund,Power Generation & Distribution,2025-10-31,1.3
WhiteOak Capital Large Cap Fund,Refineries,2025-10-31,3.32
WhiteOak Capital Large Cap Fund,Retail,2025-10-31,0.7
WhiteOak Capital Large Cap Fund,Steel,2025-10-31,1.19
WhiteOak Capital Large Cap Fund,T Bills,2025-10-31,2.41
WhiteOak Capital Large Cap Fund,Telecom-Service,2025-10-31,5.62
WhiteOak Capital Large Cap Fund,Aerospace & Defence,2025-11-30,2.84
WhiteOak Capital Large Cap Fund,Air Transport Service,2025-11-30,0.2
WhiteOak Capital Large Cap Fund,Automobile,2025-11-30,7.81
WhiteOak Capital Large Cap Fund,Banks,2025-11-30,27.12
WhiteOak Capital Large Cap Fund,Capital Goods - Electrical Equipment,2025-11-30,1.0
WhiteOak Capital Large Cap Fund,Cement,2025-11-30,1.03
WhiteOak Capital Large Cap Fund,Chemicals,2025-11-30,1.75
WhiteOak Capital Large Cap Fund,Consumer Durables,2025-11-30,0.4
WhiteOak Capital Large Cap Fund,Crude Oil & Natural Gas,2025-11-30,0.8
WhiteOak Capital Large Cap Fund,Debt Others,2025-11-30,7.69
WhiteOak Capital Large Cap Fund,Diamond Gems and Jewellery,2025-11-30,2.06
WhiteOak Capital Large Cap Fund,E-Commerce/App based Aggregator,2025-11-30,4.2
WhiteOak Capital Large Cap Fund,FMCG,2025-11-30,3.36
WhiteOak Capital Large Cap Fund,Finance,2025-11-30,5.94
WhiteOak Capital Large Cap Fund,Healthcare,2025-11-30,0.48
WhiteOak Capital Large Cap Fund,IT - Software,2025-11-30,7.65
WhiteOak Capital Large Cap Fund,Infrastructure Developers & Operators,2025-11-30,1.44
WhiteOak Capital Large Cap Fund,Insurance,2025-11-30,0.4
WhiteOak Capital Large Cap Fund,Miscellaneous,2025-11-30,0.8
WhiteOak Capital Large Cap Fund,Non Ferrous Metals,2025-11-30,1.16
WhiteOak Capital Large Cap Fund,Paints/Varnish,2025-11-30,1.47
WhiteOak Capital Large Cap Fund,Pharmaceuticals,2025-11-30,5.84
WhiteOak Capital Large Cap Fund,Power Generation & Distribution,2025-11-30,1.18
WhiteOak Capital Large Cap Fund,Refineries,2025-11-30,3.38
WhiteOak Capital Large Cap Fund,Retail,2025-11-30,0.61
WhiteOak Capital Large Cap Fund,Steel,2025-11-30,1.06
WhiteOak Capital Large Cap Fund,T Bills,2025-11-30,2.68
WhiteOak Capital Large Cap Fund,Telecom-Service,2025-11-30,5.65
WhiteOak Capital Large Cap Fund,Aerospace & Defence,2025-12-31,2.75
WhiteOak Capital Large Cap Fund,Air Transport Service,2025-12-31,0.02
WhiteOak Capital Large Cap Fund,Automobile,2025-12-31,7.93
WhiteOak Capital Large Cap Fund,Banks,2025-12-31,26.71
WhiteOak Capital Large Cap Fund,Capital Goods - Electrical Equipment,2025-12-31,0.86
WhiteOak Capital Large Cap Fund,Cement,2025-12-31,1.04
WhiteOak Capital Large Cap Fund,Chemicals,2025-12-31,1.78
WhiteOak Capital Large Cap Fund,Consumer Durables,2025-12-31,0.16
WhiteOak Capital Large Cap Fund,Crude Oil & Natural Gas,2025-12-31,0.86
WhiteOak Capital Large Cap Fund,Debt Others,2025-12-31,11.27
WhiteOak Capital Large Cap Fund,Diamond Gems and Jewellery,2025-12-31,2.14
WhiteOak Capital Large Cap Fund,E-Commerce/App based Aggregator,2025-12-31,4.33
WhiteOak Capital Large Cap Fund,FMCG,2025-12-31,3.34
WhiteOak Capital Large Cap Fund,Finance,2025-12-31,6.24
WhiteOak Capital Large Cap Fund,Healthcare,2025-12-31,0.44
WhiteOak Capital Large Cap Fund,IT - Software,2025-12-31,4.73
WhiteOak Capital Large Cap Fund,Infrastructure Developers & Operators,2025-12-31,1.44
WhiteOak Capital Large Cap Fund,Insurance,2025-12-31,0.99
WhiteOak Capital Large Cap Fund,Mining & Mineral products,2025-12-31,0.62
WhiteOak Capital Large Cap Fund,Miscellaneous,2025-12-31,0.78
WhiteOak Capital Large Cap Fund,Non Ferrous Metals,2025-12-31,1.42
WhiteOak Capital Large Cap Fund,Paints/Varnish,2025-12-31,0.01
WhiteOak Capital Large Cap Fund,Pharmaceuticals,2025-12-31,5.25
WhiteOak Capital Large Cap Fund,Power Generation & Distribution,2025-12-31,1.15
WhiteOak Capital Large Cap Fund,Refineries,2025-12-31,3.38
WhiteOak Capital Large Cap Fund,Retail,2025-12-31,0.42
WhiteOak Capital Large Cap Fund,Steel,2025-12-31,1.08
WhiteOak Capital Large Cap Fund,T Bills,2025-12-31,3.09
WhiteOak Capital Large Cap Fund,Telecom-Service,2025-12-31,5.77
WhiteOak Capital Large Cap Fund,Aerospace & Defence,2026-01-31,3.1
WhiteOak Capital Large Cap Fund,Air Transport Service,2026-01-31,0.02
WhiteOak Capital Large Cap Fund,Automobile,2026-01-31,7.17
WhiteOak Capital Large Cap Fund,Banks,2026-01-31,27.06
WhiteOak Capital Large Cap Fund,Capital Goods - Electrical Equipment,2026-01-31,0.7
WhiteOak Capital Large Cap Fund,Cement,2026-01-31,0.95
WhiteOak Capital Large Cap Fund,Chemicals,2026-01-31,1.75
WhiteOak Capital Large Cap Fund,Crude Oil & Natural Gas,2026-01-31,1.08
WhiteOak Capital Large Cap Fund,Debt Others,2026-01-31,8.52
WhiteOak Capital Large Cap Fund,Diamond Gems and Jewellery,2026-01-31,2.19
WhiteOak Capital Large Cap Fund,E-Commerce/App based Aggregator,2026-01-31,4.26
WhiteOak Capital Large Cap Fund,FMCG,2026-01-31,4.23
WhiteOak Capital Large Cap Fund,Finance,2026-01-31,7.56
WhiteOak Capital Large Cap Fund,Healthcare,2026-01-31,0.38
WhiteOak Capital Large Cap Fund,IT - Software,2026-01-31,7.7
WhiteOak Capital Large Cap Fund,Infrastructure Developers & Operators,2026-01-31,1.39
WhiteOak Capital Large Cap Fund,Insurance,2026-01-31,0.97
WhiteOak Capital Large Cap Fund,Mining & Mineral products,2026-01-31,0.79
WhiteOak Capital Large Cap Fund,Miscellaneous,2026-01-31,0.75
WhiteOak Capital Large Cap Fund,Non Ferrous Metals,2026-01-31,1.61
WhiteOak Capital Large Cap Fund,Paints/Varnish,2026-01-31,0.01
WhiteOak Capital Large Cap Fund,Pharmaceuticals,2026-01-31,4.14
WhiteOak Capital Large Cap Fund,Power Generation & Distribution,2026-01-31,1.17
WhiteOak Capital Large Cap Fund,Refineries,2026-01-31,3.01
WhiteOak Capital Large Cap Fund,Retail,2026-01-31,0.27
WhiteOak Capital Large Cap Fund,Steel,2026-01-31,1.16
WhiteOak Capital Large Cap Fund,T Bills,2026-01-31,3.56
WhiteOak Capital Large Cap Fund,Telecom-Service,2026-01-31,4.5
WhiteOak Capital Large Cap Fund,Aerospace & Defence,2026-02-28,3.15
WhiteOak Capital Large Cap Fund,Air Transport Service,2026-02-28,0.36
WhiteOak Capital Large Cap Fund,Automobile,2026-02-28,7.18
WhiteOak Capital Large Cap Fund,Banks,2026-02-28,27.22
WhiteOak Capital Large Cap Fund,Capital Goods - Electrical Equipment,2026-02-28,0.87
WhiteOak Capital Large Cap Fund,Capital Goods-Non Electrical Equipment,2026-02-28,0.55
WhiteOak Capital Large Cap Fund,Cement,2026-02-28,0.93
WhiteOak Capital Large Cap Fund,Chemicals,2026-02-28,1.8
WhiteOak Capital Large Cap Fund,Crude Oil & Natural Gas,2026-02-28,1.11
WhiteOak Capital Large Cap Fund,Debt Others,2026-02-28,8.99
WhiteOak Capital Large Cap Fund,Diamond Gems and Jewellery,2026-02-28,2.42
WhiteOak Capital Large Cap Fund,E-Commerce/App based Aggregator,2026-02-28,3.6
WhiteOak Capital Large Cap Fund,FMCG,2026-02-28,4.42
WhiteOak Capital Large Cap Fund,Finance,2026-02-28,7.85
WhiteOak Capital Large Cap Fund,Healthcare,2026-02-28,0.31
WhiteOak Capital Large Cap Fund,IT - Software,2026-02-28,4.02
WhiteOak Capital Large Cap Fund,Infrastructure Developers & Operators,2026-02-28,1.76
WhiteOak Capital Large Cap Fund,Insurance,2026-02-28,0.98
WhiteOak Capital Large Cap Fund,Mining & Mineral products,2026-02-28,0.72
WhiteOak Capital Large Cap Fund,Miscellaneous,2026-02-28,0.95
WhiteOak Capital Large Cap Fund,Non Ferrous Metals,2026-02-28,1.64
WhiteOak Capital Large Cap Fund,Paints/Varnish,2026-02-28,1.21
WhiteOak Capital Large Cap Fund,Pharmaceuticals,2026-02-28,4.77
WhiteOak Capital Large Cap Fund,Power Generation & Distribution,2026-02-28,1.24
WhiteOak Capital Large Cap Fund,Refineries,2026-02-28,3.14
WhiteOak Capital Large Cap Fund,Retail,2026-02-28,0.28
WhiteOak Capital Large Cap Fund,Steel,2026-02-28,1.1
WhiteOak Capital Large Cap Fund,T Bills,2026-02-28,3.18
WhiteOak Capital Large Cap Fund,Telecom-Service,2026-02-28,4.25
WhiteOak Capital Large Cap Fund,Aerospace & Defence,2026-03-31,3.61
WhiteOak Capital Large Cap Fund,Air Transport Service,2026-03-31,-0.39
WhiteOak Capital Large Cap Fund,Automobile,2026-03-31,6.7
WhiteOak Capital Large Cap Fund,Banks,2026-03-31,25.43
WhiteOak Capital Large Cap Fund,Capital Goods - Electrical Equipment,2026-03-31,1.38
WhiteOak Capital Large Cap Fund,Capital Goods-Non Electrical Equipment,2026-03-31,0.55
WhiteOak Capital Large Cap Fund,Cement,2026-03-31,0.82
WhiteOak Capital Large Cap Fund,Chemicals,2026-03-31,1.79
WhiteOak Capital Large Cap Fund,Crude Oil & Natural Gas,2026-03-31,1.45
WhiteOak Capital Large Cap Fund,Debt Others,2026-03-31,10.87
WhiteOak Capital Large Cap Fund,Diamond Gems and Jewellery,2026-03-31,2.43
WhiteOak Capital Large Cap Fund,E-Commerce/App based Aggregator,2026-03-31,3.35
WhiteOak Capital Large Cap Fund,FMCG,2026-03-31,4.26
WhiteOak Capital Large Cap Fund,Finance,2026-03-31,7.12
WhiteOak Capital Large Cap Fund,Healthcare,2026-03-31,0.57
WhiteOak Capital Large Cap Fund,IT - Software,2026-03-31,-3.03
WhiteOak Capital Large Cap Fund,Infrastructure Developers & Operators,2026-03-31,1.44
WhiteOak Capital Large Cap Fund,Insurance,2026-03-31,0.94
WhiteOak Capital Large Cap Fund,Miscellaneous,2026-03-31,0.86
WhiteOak Capital Large Cap Fund,Non Ferrous Metals,2026-03-31,2.55
WhiteOak Capital Large Cap Fund,Paints/Varnish,2026-03-31,1.0
WhiteOak Capital Large Cap Fund,Pharmaceuticals,2026-03-31,2.93
WhiteOak Capital Large Cap Fund,Power Generation & Distribution,2026-03-31,1.15
WhiteOak Capital Large Cap Fund,Refineries,2026-03-31,3.57
WhiteOak Capital Large Cap Fund,Retail,2026-03-31,0.26
WhiteOak Capital Large Cap Fund,Steel,2026-03-31,1.09
WhiteOak Capital Large Cap Fund,T Bills,2026-03-31,4.83
WhiteOak Capital Large Cap Fund,Telecom-Service,2026-03-31,5.06
WhiteOak Capital Large Cap Fund,Unspecified Sector,2026-03-31,1.42
WhiteOak Capital Large Cap Fund,Aerospace & Defence,2026-04-30,4.07
WhiteOak Capital Large Cap Fund,Air Transport Service,2026-04-30,-0.24
WhiteOak Capital Large Cap Fund,Automobile,2026-04-30,6.11
WhiteOak Capital Large Cap Fund,Banks,2026-04-30,25.96
WhiteOak Capital Large Cap Fund,Capital Goods - Electrical Equipment,2026-04-30,1.98
WhiteOak Capital Large Cap Fund,Capital Goods-Non Electrical Equipment,2026-04-30,1.24
WhiteOak Capital Large Cap Fund,Cement,2026-04-30,0.81
WhiteOak Capital Large Cap Fund,Chemicals,2026-04-30,1.74
WhiteOak Capital Large Cap Fund,Crude Oil & Natural Gas,2026-04-30,1.64
WhiteOak Capital Large Cap Fund,Debt Others,2026-04-30,9.49
WhiteOak Capital Large Cap Fund,Diamond Gems and Jewellery,2026-04-30,2.43
WhiteOak Capital Large Cap Fund,E-Commerce/App based Aggregator,2026-04-30,3.46
WhiteOak Capital Large Cap Fund,FMCG,2026-04-30,5.0
WhiteOak Capital Large Cap Fund,Finance,2026-04-30,7.07
WhiteOak Capital Large Cap Fund,Healthcare,2026-04-30,0.6
WhiteOak Capital Large Cap Fund,IT - Software,2026-04-30,-3.11
WhiteOak Capital Large Cap Fund,Infrastructure Developers & Operators,2026-04-30,1.58
WhiteOak Capital Large Cap Fund,Insurance,2026-04-30,0.32
WhiteOak Capital Large Cap Fund,Miscellaneous,2026-04-30,0.82
WhiteOak Capital Large Cap Fund,Non Ferrous Metals,2026-04-30,1.92
WhiteOak Capital Large Cap Fund,Other,2026-04-30,0.38
WhiteOak Capital Large Cap Fund,Paints/Varnish,2026-04-30,1.02
WhiteOak Capital Large Cap Fund,Pharmaceuticals,2026-04-30,4.7
WhiteOak Capital Large Cap Fund,Power Generation & Distribution,2026-04-30,1.21
WhiteOak Capital Large Cap Fund,Refineries,2026-04-30,3.42
WhiteOak Capital Large Cap Fund,Retail,2026-04-30,-0.29
WhiteOak Capital Large Cap Fund,Steel,2026-04-30,1.18
WhiteOak Capital Large Cap Fund,T Bills,2026-04-30,3.94
WhiteOak Capital Large Cap Fund,Telecom-Service,2026-04-30,5.47
WhiteOak Capital Large Cap Fund,Unspecified Sector,2026-04-30,1.59
WhiteOak Capital Large Cap Fund,Aerospace & Defence,2026-05-31,4.07
WhiteOak Capital Large Cap Fund,Automobile,2026-05-31,6.26
WhiteOak Capital Large Cap Fund,Banks,2026-05-31,25.34
WhiteOak Capital Large Cap Fund,Capital Goods - Electrical Equipment,2026-05-31,2.39
WhiteOak Capital Large Cap Fund,Capital Goods-Non Electrical Equipment,2026-05-31,1.38
WhiteOak Capital Large Cap Fund,Cement,2026-05-31,0.52
WhiteOak Capital Large Cap Fund,Chemicals,2026-05-31,1.84
WhiteOak Capital Large Cap Fund,Crude Oil & Natural Gas,2026-05-31,1.5
WhiteOak Capital Large Cap Fund,Debt Others,2026-05-31,6.93
WhiteOak Capital Large Cap Fund,Diamond Gems and Jewellery,2026-05-31,2.24
WhiteOak Capital Large Cap Fund,E-Commerce/App based Aggregator,2026-05-31,3.47
WhiteOak Capital Large Cap Fund,FMCG,2026-05-31,5.43
WhiteOak Capital Large Cap Fund,Finance,2026-05-31,6.77
WhiteOak Capital Large Cap Fund,Healthcare,2026-05-31,0.78
WhiteOak Capital Large Cap Fund,IT - Software,2026-05-31,-4.93
WhiteOak Capital Large Cap Fund,Infrastructure Developers & Operators,2026-05-31,1.6
WhiteOak Capital Large Cap Fund,Infrastructure Investment Trusts,2026-05-31,2.49
WhiteOak Capital Large Cap Fund,Miscellaneous,2026-05-31,0.86
WhiteOak Capital Large Cap Fund,Non Ferrous Metals,2026-05-31,2.38
WhiteOak Capital Large Cap Fund,Paints/Varnish,2026-05-31,1.1
WhiteOak Capital Large Cap Fund,Pharmaceuticals,2026-05-31,-1.09
WhiteOak Capital Large Cap Fund,Plantation & Plantation Products,2026-05-31,0.95
WhiteOak Capital Large Cap Fund,Power Generation & Distribution,2026-05-31,1.17
WhiteOak Capital Large Cap Fund,Real Estate Investment Trusts,2026-05-31,3.07
WhiteOak Capital Large Cap Fund,Refineries,2026-05-31,3.14
WhiteOak Capital Large Cap Fund,Retail,2026-05-31,-0.3
WhiteOak Capital Large Cap Fund,Steel,2026-05-31,1.16
WhiteOak Capital Large Cap Fund,Stock/ Commodity Brokers,2026-05-31,0.67
WhiteOak Capital Large Cap Fund,T Bills,2026-05-31,4.33
WhiteOak Capital Large Cap Fund,Telecom-Service,2026-05-31,5.27
WhiteOak Capital Large Cap Fund,Unspecified Sector,2026-05-31,1.45
